date,curr_close,real_close,real_return,abs_real_return,roll_std,ewma_abs,roll_abs,real_high_vol,pred_close,pred_return,abs_pred_return,pred_high_vol
2018-01-02,10530.7001953125,10442.2001953125,-0.008403999578242076,0.008403999578242076,0.0062203298108795615,0.004556684297693842,0.005320408940315246,1,10495.0927734375,-0.0033812967053083354,0.0033812967053083354,0
2018-01-03,10442.2001953125,10443.2001953125,9.576525840300397e-05,9.576525840300397e-05,0.006049085314184585,0.004923096887889763,0.005228462815284729,0,10463.4697265625,0.002036882156267018,0.002036882156267018,0
2018-01-04,10443.2001953125,10504.7998046875,0.005898537634340228,0.005898537634340228,0.006054318129018843,0.00446334718994876,0.005203858017921448,0,10489.7373046875,0.00445621155437473,0.00445621155437473,0
2018-01-05,10504.7998046875,10558.849609375,0.005145248428568972,0.005145248428568972,0.006099155368375675,0.004600037443883375,0.005451887845993042,0,10520.2939453125,0.0014749582013058576,0.0014749582013058576,0
2018-01-08,10558.849609375,10623.599609375,0.0061322968311348725,0.0061322968311348725,0.005733248762095279,0.004651956939351746,0.005342727899551392,1,10518.9677734375,-0.003777100480916944,0.003777100480916944,0
2018-01-09,10623.599609375,10637.0,0.0012613794869654694,0.0012613794869654694,0.005340439800144013,0.004792936760726032,0.005039030313491821,0,10536.9873046875,-0.008152820877310485,0.008152820877310485,1
2018-01-10,10637.0,10632.2001953125,-0.00045123669150136316,0.00045123669150136316,0.005040224087519049,0.00445659549710801,0.004615461826324463,0,10568.3408203125,-0.006454750370170161,0.006454750370170161,1
2018-01-11,10632.2001953125,10651.2001953125,0.0017870242895141003,0.0017870242895141003,0.00498448867309224,0.004075129941283408,0.004362344741821289,0,10571.4287109375,-0.005715795720418507,0.005715795720418507,1
2018-01-12,10651.2001953125,10681.25,0.00282125996474319,0.00282125996474319,0.004461395703883192,0.0038572191335093458,0.004054015874862671,0,10586.630859375,-0.006062165272784601,0.006062165272784601,1
2018-01-15,10681.25,10741.5498046875,0.00564538838502048,0.00564538838502048,0.00418466075355526,0.003758551315699769,0.003964608907699585,1,10680.9716796875,-2.6056904622586308e-05,2.6056904622586308e-05,0
2018-01-16,10741.5498046875,10700.4501953125,-0.00382622713875651,0.00382622713875651,0.0041779610092306865,0.003938250649943253,0.003956729173660278,0,10755.0361328125,0.0012555290782261892,0.0012555290782261892,0
2018-01-17,10700.4501953125,10788.5498046875,0.008233261943837972,0.008233261943837972,0.004178650177210363,0.003927579251097862,0.0037522643804550173,1,10684.392578125,-0.0015006487478942045,0.0015006487478942045,0
2018-01-18,10788.5498046875,10817.0,0.0026370731773550063,0.0026370731773550063,0.0043543107134323255,0.0043376487311946625,0.0038953810930252076,0,10743.623046875,-0.004164299987101125,0.004164299987101125,0
2018-01-19,10817.0,10894.7001953125,0.007183155709762411,0.007183155709762411,0.004180234973431156,0.00417568491814306,0.003668913245201111,1,10883.9453125,0.006188898261995008,0.006188898261995008,1
2018-01-22,10894.7001953125,10966.2001953125,0.00656282400783853,0.00656282400783853,0.0042683904574469505,0.004462114369792429,0.00393727719783783,1,10946.3388671875,0.00473979741977827,0.00473979741977827,1
2018-01-23,10966.2001953125,11083.7001953125,0.010714741469905443,0.010714741469905443,0.004336182570876252,0.004662182431492118,0.004246747493743897,1,10917.642578125,-0.0044279345919889315,0.0044279345919889315,1
2018-01-24,11083.7001953125,11086.0,0.00020749430668222417,0.00020749430668222417,0.004684699776137801,0.005238619282150329,0.004530096054077148,0,11039.6279296875,-0.003976313401515405,0.003976313401515405,0
2018-01-25,11086.0,11069.650390625,-0.0014747978869745625,0.0014747978869745625,0.004712913259175676,0.00475946919557486,0.0043570160865783695,0,11054.619140625,-0.002830674668500812,0.002830674668500812,0
2018-01-29,11069.650390625,11130.400390625,0.005487978197708014,0.005487978197708014,0.004568672619352987,0.00444664334129892,0.004237288236618042,1,11072.8662109375,0.00029050784794644566,0.00029050784794644566,0
2018-01-30,11130.400390625,11049.650390625,-0.007254905229466384,0.007254905229466384,0.004511438177252757,0.004545812437723762,0.004450440406799316,1,11121.3056640625,-0.0008171068643820196,0.0008171068643820196,0
2018-01-31,11049.650390625,11027.7001953125,-0.001986505865481816,0.001986505865481816,0.005031541648267363,0.004803820638714473,0.004561224579811096,0,11078.6591796875,0.002625312841310555,0.002625312841310555,0
2018-02-01,11027.7001953125,11016.900390625,-0.0009793342670025278,0.0009793342670025278,0.004479245056849487,0.004535504730367782,0.004240348935127258,0,11074.94921875,0.004284576348709947,0.004284576348709947,0
2018-02-02,11016.900390625,10760.599609375,-0.023264327729431326,0.023264327729431326,0.0045189361880057346,0.004196824653028416,0.004284530878067017,1,11033.287109375,0.0014874164391959583,0.0014874164391959583,0
2018-02-05,10760.599609375,10666.5498046875,-0.008740201113473326,0.008740201113473326,0.007286045839932446,0.00601277930578071,0.005152818560600281,1,10814.197265625,0.004980917253282419,0.004980917253282419,0
2018-02-06,10666.5498046875,10498.25,-0.015778279553294666,0.015778279553294666,0.007550019705148578,0.006272532390114374,0.005332568287849426,1,10653.3603515625,-0.0012365247775999498,0.0012365247775999498,0
2018-02-07,10498.25,10476.7001953125,-0.0020527044686019097,0.0020527044686019097,0.008252069152038046,0.007177843890709416,0.005814871191978455,0,10581.181640625,0.0078995680827757,0.0078995680827757,0
2018-02-08,10476.7001953125,10576.849609375,0.009559251691416061,0.009559251691416061,0.008246828090375451,0.006689737268872298,0.0058544397354125975,1,10484.8662109375,0.000779445385738312,0.000779445385738312,0
2018-02-09,10576.849609375,10454.9501953125,-0.011525115565078285,0.011525115565078285,0.008562164134677086,0.006963026454673755,0.0063098430633544925,1,10585.796875,0.000845929171297795,0.000845929171297795,0
2018-02-12,10454.9501953125,10539.75,0.008110971654893218,0.008110971654893218,0.008907896539787253,0.007397509126526231,0.006796744465827942,0,10412.3037109375,-0.004079071021698472,0.004079071021698472,0
2018-02-14,10539.75,10500.900390625,-0.003686008622121018,0.003686008622121018,0.009100386020538863,0.00746546064409851,0.007061234116554261,0,10572.7255859375,0.0031286876764154746,0.0031286876764154746,0
2018-02-15,10500.900390625,10545.5,0.0042472176400052,0.0042472176400052,0.009000538576125658,0.007105513043475311,0.006963264942169189,0,10550.236328125,0.004698257831685192,0.004698257831685192,0
2018-02-16,10545.5,10452.2998046875,-0.008837911461049737,0.008837911461049737,0.009052425619604157,0.006833291664869589,0.006984314322471619,0,10578.8330078125,0.0031608750474135887,0.0031608750474135887,0
2018-02-19,10452.2998046875,10378.400390625,-0.007070158285103785,0.007070158285103785,0.008971231738025984,0.007024210392854944,0.007014545798301697,0,10487.1123046875,0.003330606722970937,0.003330606722970937,0
2018-02-20,10378.400390625,10360.400390625,-0.0017343713214475452,0.0017343713214475452,0.008995710826863361,0.007028588808198976,0.00723620355129242,0,10434.296875,0.005385847748318934,0.005385847748318934,0
2018-02-21,10360.400390625,10397.4501953125,0.0035760977655869284,0.0035760977655869284,0.00873222278550149,0.006524378060149008,0.006963762640953064,0,10397.115234375,0.003543766878278451,0.003543766878278451,0
2018-02-22,10397.4501953125,10382.7001953125,-0.001418617038112841,0.001418617038112841,0.008593972798091582,0.006243583984700944,0.006814423203468323,0,10403.9052734375,0.000620832800710135,0.000620832800710135,0
2018-02-23,10382.7001953125,10491.0498046875,0.010435590678416857,0.010435590678416857,0.008011304891598093,0.005784060800029835,0.006349614262580872,1,10379.8876953125,-0.0002708832911567422,0.0002708832911567422,0
2018-02-26,10491.0498046875,10582.599609375,0.008726467454819887,0.008726467454819887,0.008550637297196045,0.006227062743577031,0.006861016154289246,1,10468.65625,-0.0021345389741162365,0.0021345389741162365,0
2018-02-27,10582.599609375,10554.2998046875,-0.0026741826897078804,0.0026741826897078804,0.008924857741009715,0.00646510225590168,0.007223600149154663,0,10638.890625,0.005319204893203411,0.005319204893203411,0
2018-02-28,10554.2998046875,10492.849609375,-0.005822290104475525,0.005822290104475525,0.008739045323963157,0.006104060363706082,0.00708291232585907,0,10596.86328125,0.004032809125205654,0.004032809125205654,0
2018-03-01,10492.849609375,10458.349609375,-0.0032879533476945517,0.0032879533476945517,0.008704837145994472,0.006077226130110238,0.007011282444000244,0,10479.677734375,-0.001255319144975773,0.001255319144975773,0
2018-03-05,10458.349609375,10358.849609375,-0.009513929416818015,0.009513929416818015,0.008705301202063087,0.005811582786265918,0.007076355814933777,1,10515.9130859375,0.005504068874394805,0.005504068874394805,0
2018-03-06,10358.849609375,10249.25,-0.010580287725753814,0.010580287725753814,0.008829414347019048,0.006164185814727596,0.007503083348274231,1,10423.6884765625,0.006259272953322859,0.006259272953322859,0
2018-03-07,10249.25,10154.2001953125,-0.009273830249774373,0.009273830249774373,0.007680931565695355,0.006584768240447829,0.006868880987167358,1,10289.4189453125,0.00391920826523892,0.00391920826523892,0
2018-03-08,10154.2001953125,10242.650390625,0.008710700361544123,0.008710700361544123,0.007704992328516389,0.006840869081925012,0.006895563006401062,1,10185.982421875,0.003129958632997179,0.003129958632997179,0
2018-03-09,10242.650390625,10226.849609375,-0.001542645765246689,0.001542645765246689,0.007412382363280402,0.007018952216671691,0.006542184948921203,0,10244.1845703125,0.00014978346707061484,0.00014978346707061484,0
2018-03-12,10226.849609375,10421.400390625,0.019023530088059026,0.019023530088059026,0.007410191223881239,0.006497397511410757,0.006516680121421814,1,10245.8037109375,0.0018533666071636262,0.0018533666071636262,0
2018-03-13,10421.400390625,10426.849609375,0.0005228873803660849,0.0005228873803660849,0.008371885928889294,0.0076903632375433725,0.006989893317222595,0,10394.3232421875,-0.002598225518890759,0.002598225518890759,0
2018-03-14,10426.849609375,10410.900390625,-0.0015296296913748255,0.0015296296913748255,0.007976613134024924,0.007007743114345881,0.006439781188964844,0,10427.8564453125,9.656185475186414e-05,9.656185475186414e-05,0
2018-03-15,10410.900390625,10360.150390625,-0.004874698450260872,0.004874698450260872,0.00774185966469158,0.006486018436681592,0.006110712885856628,0,10343.3203125,-0.00649128082964426,0.00649128082964426,0
2018-03-16,10360.150390625,10195.150390625,-0.01592640973139831,0.01592640973139831,0.007771413862590421,0.0063325601349319685,0.006170147657394409,1,10406.7021484375,0.0044933476887193775,0.0044933476887193775,0
2018-03-19,10195.150390625,10094.25,-0.00989690065953156,0.00989690065953156,0.008387665238760207,0.0072462611400459865,0.006754109263420105,1,10306.0576171875,0.010878429676180674,0.010878429676180674,1
2018-03-20,10094.25,10124.349609375,0.0029818569358793373,0.0029818569358793373,0.00843858411492384,0.007498700500784028,0.006807056069374084,0,10188.515625,0.00933854669737722,0.00933854669737722,1
2018-03-21,10124.349609375,10155.25,0.003052086486265418,0.003052086486265418,0.008401644214445541,0.007068529135835382,0.006602641940116882,0,10200.421875,0.007513792842017051,0.007513792842017051,0
2018-03-22,10155.25,10114.75,-0.003988084980675021,0.003988084980675021,0.00845377981663746,0.006686013545790932,0.0066685289144515995,0,10223.9794921875,0.006767877914133084,0.006767877914133084,0
2018-03-23,10114.75,9998.0498046875,-0.011537625281148817,0.011537625281148817,0.008408984976799672,0.006429068177360996,0.006689131259918213,1,10177.2421875,0.0061783224993202995,0.0061783224993202995,0
2018-03-26,9998.0498046875,10130.650390625,0.013262645068574408,0.013262645068574408,0.008712658046590074,0.006915596111376862,0.007195082306861877,1,9985.3564453125,-0.001269583531085115,0.001269583531085115,0
2018-03-27,10130.650390625,10184.150390625,0.005281003483202758,0.005281003483202758,0.008942367817725677,0.007520075482576416,0.007336434721946716,0,10151.0888671875,0.0020174890825779518,0.0020174890825779518,0
2018-03-28,10184.150390625,10113.7001953125,-0.006917631084606998,0.006917631084606998,0.008762131157360888,0.00730682748681672,0.0071641594171524044,0,10219.7861328125,0.0034991374656352693,0.0034991374656352693,0
2018-04-02,10113.7001953125,10211.7998046875,0.009699675438319521,0.009699675438319521,0.008833444263877414,0.007269763485023418,0.007376334071159363,1,10188.216796875,0.007367887135614023,0.007367887135614023,0
2018-04-03,10211.7998046875,10245.0,0.003251160025411014,0.003251160025411014,0.009164215742617797,0.007501186225771513,0.007570204138755798,0,10249.9951171875,0.0037403115249544246,0.0037403115249544246,0
2018-04-04,10245.0,10128.400390625,-0.01138112341386042,0.01138112341386042,0.009206738508052249,0.007096425152261699,0.007568365335464478,1,10252.1826171875,0.0007010851329917033,0.0007010851329917033,0
2018-04-05,10128.400390625,10325.150390625,0.019425574859986257,0.019425574859986257,0.009306652756157333,0.0075044941179503175,0.0076617270708084105,1,10173.9052734375,0.004492800546729966,0.004492800546729966,0
2018-04-06,10325.150390625,10331.599609375,0.0006246125727965902,0.0006246125727965902,0.010081403075158186,0.008639840446665336,0.00810399353504181,0,10335.1552734375,0.0009689818001667273,0.0009689818001667273,0
2018-04-09,10331.599609375,10379.349609375,0.004621743176794342,0.004621743176794342,0.009820195110308357,0.00787648961148255,0.007671535015106201,0,10357.3798828125,0.002495283829437865,0.002495283829437865,0
2018-04-10,10379.349609375,10402.25,0.0022063415808169277,0.0022063415808169277,0.009691001564400045,0.007566513853806479,0.0074670851230621334,0,10384.5107421875,0.0004972501174676957,0.0004972501174676957,0
2018-04-11,10402.25,10417.150390625,0.0014324199692374246,0.0014324199692374246,0.009681437942665549,0.007056019727825467,0.007500270009040832,0,10468.6533203125,0.006383553588166022,0.006383553588166022,0
2018-04-12,10417.150390625,10458.650390625,0.003983815001590864,0.003983815001590864,0.008696790442357242,0.006520438689293726,0.00662071406841278,0,10412.8134765625,-0.0004163244169348886,0.0004163244169348886,0
2018-04-13,10458.650390625,10480.599609375,0.002098666456015682,0.002098666456015682,0.008741734817735958,0.006278859313884567,0.006793764233589172,0,10402.892578125,-0.005331262678976304,0.005331262678976304,0
2018-04-16,10480.599609375,10528.349609375,0.004556037037927406,0.004556037037927406,0.008741849822140636,0.005880746954709037,0.006822216510772705,0,10463.857421875,-0.0015974455779251358,0.0015974455779251358,0
2018-04-17,10528.349609375,10548.7001953125,0.001932932196645404,0.001932932196645404,0.008698301873966356,0.005754586276864491,0.006806284189224243,0,10495.81640625,-0.0030900572579799887,0.0030900572579799887,0
2018-04-18,10548.7001953125,10526.2001953125,-0.002132964212026641,0.002132964212026641,0.007751498169778081,0.005390623643836055,0.006106612086296081,0,10530.1396484375,-0.0017595103217785738,0.0017595103217785738,0
2018-04-19,10526.2001953125,10565.2998046875,0.0037145036812440387,0.0037145036812440387,0.007320783477718367,0.0050803692218790355,0.005718415975570679,0,10494.9755859375,-0.002966370465660045,0.002966370465660045,0
2018-04-20,10565.2998046875,10564.0498046875,-0.00011831183431684667,0.00011831183431684667,0.00732713968710469,0.004950292292405065,0.005755048990249634,0,10555.9365234375,-0.0008862295839296296,0.0008862295839296296,0
2018-04-23,10564.0498046875,10584.7001953125,0.0019547797489403137,0.0019547797489403137,0.0073410898221898885,0.004490103999783549,0.005608358979225158,0,10559.4716796875,-0.00043336836579174266,0.00043336836579174266,0
2018-04-24,10584.7001953125,10614.349609375,0.002801157662985148,0.002801157662985148,0.007204932762468282,0.004248645897904517,0.005506694316864014,0,10582.861328125,-0.00017372879283953206,0.00017372879283953206,0
2018-04-25,10614.349609375,10570.5498046875,-0.0041264708907660565,0.0041264708907660565,0.0064271676158056635,0.00411079199199592,0.0050698727369308475,0,10597.3154296875,-0.0016048255723982146,0.0016048255723982146,0
2018-04-26,10570.5498046875,10617.7998046875,0.004469966167610982,0.004469966167610982,0.006137565071397066,0.004112286960610125,0.004613065719604492,0,10587.2841796875,0.001583113017695556,0.001583113017695556,0
2018-04-27,10617.7998046875,10692.2998046875,0.007016519558704626,0.007016519558704626,0.006118408115210145,0.004146353986293508,0.004572516679763794,1,10619.44921875,0.00015534424201253295,0.00015534424201253295,0
2018-04-30,10692.2998046875,10739.349609375,0.004400344691688629,0.004400344691688629,0.0058231576962223495,0.004419704994615025,0.004577460885047913,0,10667.1923828125,-0.0023481778788126493,0.0023481778788126493,0
2018-05-02,10739.349609375,10718.0498046875,-0.001983342144752059,0.001983342144752059,0.005609399745666774,0.004417863805145783,0.004312494397163391,0,10719.44140625,-0.0018537624576092557,0.0018537624576092557,0
2018-05-03,10718.0498046875,10679.650390625,-0.003582686660562648,0.003582686660562648,0.005695756578990973,0.004186004828932006,0.004249101877212525,0,10671.41796875,-0.004350776194108161,0.004350776194108161,0
2018-05-04,10679.650390625,10618.25,-0.005749288448515091,0.005749288448515091,0.004926698388256646,0.004128548748858403,0.003859180212020874,1,10640.8955078125,-0.0036288531361027042,0.0036288531361027042,0
2018-05-07,10618.25,10715.5,0.0091587596826219,0.0091587596826219,0.0033978110370557688,0.004282904603357589,0.0031753629446029663,1,10637.6103515625,0.0018233090728227343,0.0018233090728227343,0
2018-05-08,10715.5,10717.7998046875,0.00021462411343381083,0.00021462411343381083,0.0038058762702644325,0.004747268975123245,0.0036020666360855103,0,10719.2060546875,0.00034585924011945314,0.00034585924011945314,0
2018-05-09,10717.7998046875,10741.7001953125,0.002229971734921472,0.002229971734921472,0.0037632438837160572,0.004315583998558308,0.003381708264350891,0,10658.37109375,-0.005544861074145877,0.005544861074145877,1
2018-05-10,10741.7001953125,10716.5498046875,-0.0023413789407355843,0.0023413789407355843,0.0037634436411908825,0.0041169501863467465,0.0033828884363174437,0,10728.34765625,-0.0012430563895580353,0.0012430563895580353,0
2018-05-11,10716.5498046875,10806.5,0.008393577872717497,0.008393577872717497,0.0038662066494675835,0.003947849183462951,0.003428336977958679,1,10701.537109375,-0.0014008888668565077,0.0014008888668565077,0
2018-05-14,10806.5,10806.599609375,9.217542682644704e-06,9.217542682644704e-06,0.004136136442066744,0.004371246982873195,0.003648820519447327,0,10802.2880859375,-0.0003897574665710452,0.0003897574665710452,0
2018-05-15,10806.599609375,10801.849609375,-0.000439546219134394,0.000439546219134394,0.0041504483249014575,0.003955811947865787,0.003544345498085022,0,10790.49609375,-0.0014901556647874499,0.0014901556647874499,0
2018-05-16,10801.849609375,10741.099609375,-0.00562403682673703,0.00562403682673703,0.004109560530907587,0.003620927443361781,0.0033385187387466432,1,10834.140625,0.0029893968896747463,0.0029893968896747463,0
2018-05-17,10741.099609375,10682.7001953125,-0.005437005165795881,0.005437005165795881,0.0043855831954829,0.0038117015785108263,0.003523072600364685,1,10738.2138671875,-0.00026866357192901173,0.00026866357192901173,0
2018-05-18,10682.7001953125,10596.400390625,-0.008078463600931889,0.008078463600931889,0.004564936474110394,0.003966493474568993,0.0036882758140563965,1,10717.80859375,0.0032864723146405757,0.0032864723146405757,0
2018-05-21,10596.400390625,10516.7001953125,-0.007521440524559029,0.007521440524559029,0.00491018166166724,0.00435810894603745,0.003906470537185669,1,10586.8046875,-0.0009055625279589896,0.0009055625279589896,0
2018-05-22,10516.7001953125,10536.7001953125,0.0019017372016475655,0.0019017372016475655,0.00520248510416222,0.004659379572087385,0.0042766273021697995,0,10551.568359375,0.003315504237540348,0.003315504237540348,0
2018-05-23,10536.7001953125,10430.349609375,-0.010093348388598223,0.010093348388598223,0.005201335787809613,0.004396747783907978,0.004273974895477295,1,10573.279296875,0.0034715898606257276,0.0034715898606257276,0
2018-05-24,10430.349609375,10513.849609375,0.00800548429603439,0.00800548429603439,0.005592335830929538,0.004939279550866752,0.004638582468032837,1,10483.166015625,0.005063723482722726,0.005063723482722726,0
2018-05-25,10513.849609375,10605.150390625,0.008683858400313129,0.008683858400313129,0.005870339319664089,0.005231300530763511,0.004832533001899719,1,10517.1904296875,0.000317754241940179,0.000317754241940179,0
2018-05-28,10605.150390625,10688.650390625,0.007873532851906973,0.007873532851906973,0.006119101821700293,0.0055601100704361925,0.00504322350025177,1,10612.6416015625,0.0007063747954128274,0.0007063747954128274,0
2018-05-29,10688.650390625,10633.2998046875,-0.005178444790938987,0.005178444790938987,0.006173885765495476,0.0057804362690851265,0.005086073279380798,0,10707.51171875,0.0017646126906296087,0.0017646126906296087,0
2018-05-30,10633.2998046875,10614.349609375,-0.0017821556488180786,0.0017821556488180786,0.006186170064381932,0.005723104389942347,0.005124977231025696,0,10633.1630859375,-1.28576032380588e-05,1.28576032380588e-05,0
2018-05-31,10614.349609375,10736.150390625,0.011475105468772282,0.011475105468772282,0.006183756599618942,0.005347778150784427,0.005114918947219849,1,10610.6328125,-0.00035016718044760675,0.00035016718044760675,0
2018-06-01,10736.150390625,10696.2001953125,-0.003721091253284346,0.003721091253284346,0.006681211025477917,0.005931331299486691,0.0055095374584198,0,10666.44921875,-0.006492194067611452,0.006492194067611452,0
2018-06-04,10696.2001953125,10628.5,-0.006329368754912508,0.006329368754912508,0.006599695564809972,0.005720834792233448,0.005408129096031189,0,10708.541015625,0.0011537574173217362,0.0011537574173217362,0
2018-06-05,10628.5,10593.150390625,-0.0033259264595192173,0.0033259264595192173,0.006422486029211846,0.005778789347644925,0.005266660451889038,0,10638.861328125,0.0009748626922895988,0.0009748626922895988,0
2018-06-06,10593.150390625,10684.650390625,0.008637657035529113,0.008637657035529113,0.006453722012387518,0.00554518456962796,0.005422228574752807,1,10598.783203125,0.0005317410111523643,0.0005317410111523643,0
2018-06-07,10684.650390625,10768.349609375,0.00783359452017634,0.00783359452017634,0.006751937340447638,0.005839706677498679,0.005742615461349488,1,10677.787109375,-0.0006423496323306963,0.0006423496323306963,0
2018-06-08,10768.349609375,10767.650390625,-6.493276828523985e-05,6.493276828523985e-05,0.006965588355093174,0.006029601283855994,0.006017225980758667,0,10784.01953125,0.0014551832400907245,0.0014551832400907245,0
2018-06-11,10767.650390625,10786.9501953125,0.0017923877528846623,0.0017923877528846623,0.006697654995636622,0.005461535395694508,0.005600795149803162,0,10707.03515625,-0.0056293835865785045,0.0056293835865785045,0
2018-06-12,10786.9501953125,10842.849609375,0.005182133323169625,0.005182133323169625,0.006711863394031585,0.005112096870169845,0.005689957737922668,0,10827.09375,0.003721492540583389,0.003721492540583389,0
2018-06-13,10842.849609375,10856.7001953125,0.001277393529974301,0.001277393529974301,0.006812516250325929,0.005118768313588147,0.005927088856697083,0,10821.1474609375,-0.0020015170568017265,0.0020015170568017265,0
2018-06-14,10856.7001953125,10808.0498046875,-0.004481139733968646,0.004481139733968646,0.006674770597982598,0.00475292816437272,0.005709758400917054,0,10854.6650390625,-0.00018745624484304183,0.00018745624484304183,0
2018-06-15,10808.0498046875,10817.7001953125,0.000892889170515719,0.000892889170515719,0.006632886471002479,0.004727043272418999,0.005661964416503906,0,10752.9453125,-0.005098467640628463,0.005098467640628463,0
2018-06-18,10817.7001953125,10799.849609375,-0.0016501276255774747,0.0016501276255774747,0.006310295247309185,0.004361884634925318,0.005302685499191284,0,10812.4794921875,-0.0004826074887213294,0.0004826074887213294,0
2018-06-19,10799.849609375,10710.4501953125,-0.008277838793689799,0.008277838793689799,0.00602031704469857,0.004103624630704497,0.005009120702743531,1,10772.5673828125,-0.002526167266145742,0.002526167266145742,0
2018-06-20,10710.4501953125,10772.0498046875,0.005751355755518053,0.005751355755518053,0.006389867307943574,0.004501168328900399,0.005327925086021423,0,10715.189453125,0.0004424891322097896,0.0004424891322097896,0
2018-06-21,10772.0498046875,10741.099609375,-0.0028731945983977813,0.0028731945983977813,0.005928914496615894,0.004620235286497218,0.005110827088356018,0,10743.291015625,-0.0026697601277321887,0.0026697601277321887,0
2018-06-22,10741.099609375,10821.849609375,0.007517852262492766,0.007517852262492766,0.005811045610147656,0.004453849287473952,0.0048542112112045285,1,10744.5966796875,0.00032557842676067376,0.00032557842676067376,0
2018-06-25,10821.849609375,10762.4501953125,-0.005488841206131909,0.005488841206131909,0.005736173110798633,0.004745655511165049,0.004795911908149719,0,10789.2919921875,-0.003008507636189588,0.003008507636189588,0
2018-06-26,10762.4501953125,10769.150390625,0.0006225529680423717,0.0006225529680423717,0.00567467177451684,0.004816432407571368,0.004676675796508789,0,10765.08984375,0.0002452646367320406,0.0002452646367320406,0
2018-06-27,10769.150390625,10671.400390625,-0.009076853461448129,0.009076853461448129,0.0055229441621564585,0.004417011312567826,0.004448878765106201,1,10769.2177734375,6.257022147137957e-06,6.257022147137957e-06,0
2018-06-28,10671.400390625,10589.099609375,-0.007712275637441416,0.007712275637441416,0.005918668143462444,0.004860803923273327,0.0048136115074157715,1,10671.0107421875,-3.651333688522385e-05,3.651333688522385e-05,0
2018-06-29,10589.099609375,10714.2998046875,0.011823497741172886,0.011823497741172886,0.0055530974499813715,0.005132375415545636,0.00462547242641449,1,10621.0,0.003012568754831352,0.003012568754831352,0
2018-07-02,10714.2998046875,10657.2998046875,-0.005319993003655034,0.005319993003655034,0.006159049384837196,0.005769628706018922,0.005030593276023865,0,10717.43359375,0.0002924865945163275,0.0002924865945163275,0
2018-07-03,10657.2998046875,10699.900390625,0.003997315147197284,0.003997315147197284,0.006107492007762728,0.005726808121581643,0.004980126023292541,0,10645.4453125,-0.0011123354324972566,0.0011123354324972566,0
2018-07-04,10699.900390625,10769.900390625,0.006542116977213391,0.006542116977213391,0.006107466617159106,0.005562095528784991,0.005013695359230042,1,10661.4765625,-0.0035910454043727408,0.0035910454043727408,0
2018-07-05,10769.900390625,10749.75,-0.001870991364278591,0.001870991364278591,0.005977448032602452,0.005655428011877594,0.004908916354179382,0,10742.8115234375,-0.0025152384149328215,0.0025152384149328215,0
2018-07-06,10749.75,10772.650390625,0.0021303184376380846,0.0021303184376380846,0.005732351891503343,0.005295005324984443,0.004610785841941833,0,10745.6748046875,-0.00037909675225005233,0.00037909675225005233,0
2018-07-09,10772.650390625,10852.900390625,0.007449420253147574,0.007449420253147574,0.005753448287142998,0.004993601961107112,0.004714053869247436,1,10744.0888671875,-0.0026512995782686805,0.0026512995782686805,0
2018-07-10,10852.900390625,10947.25,0.008693492612951787,0.008693492612951787,0.005978827877824765,0.005227486393766275,0.0049969017505645755,1,10835.5341796875,-0.0016001446905844043,0.0016001446905844043,0
2018-07-11,10947.25,10948.2998046875,9.589665783644294e-05,9.589665783644294e-05,0.006177321174524279,0.005557578799100941,0.005172467231750489,0,10995.2119140625,0.004381183773322067,0.004381183773322067,0
2018-07-12,10948.2998046875,11023.2001953125,0.006841280560560782,0.006841280560560782,0.006175117585789031,0.005037413605738835,0.005113387107849121,1,10908.21875,-0.0036609387213108057,0.0036609387213108057,0
2018-07-13,11023.2001953125,11018.900390625,-0.0003900686380828361,0.0003900686380828361,0.006219231816714984,0.005209212492623688,0.005231395363807678,0,11046.05859375,0.0020736626417453886,0.0020736626417453886,0
2018-07-16,11018.900390625,10936.849609375,-0.007446367454216184,0.007446367454216184,0.006227053732408818,0.004750244902412875,0.005206254124641418,1,11037.376953125,0.0016768063822157845,0.0016768063822157845,0
2018-07-17,10936.849609375,11008.0498046875,0.006510119262448999,0.006510119262448999,0.006483552699051769,0.005007016689530199,0.005496063828468322,1,10940.5888671875,0.0003418953305616209,0.0003418953305616209,0
2018-07-18,11008.0498046875,10980.4501953125,-0.0025072206126145434,0.0025072206126145434,0.006250814019951056,0.005150171148780439,0.005407679080963135,0,11013.7548828125,0.0005182641999467186,0.0005182641999467186,0
2018-07-19,10980.4501953125,10957.099609375,-0.002126559979067912,0.002126559979067912,0.006220231985326662,0.004898460542023447,0.005245471000671386,0,11004.5927734375,0.002198687457760734,0.002198687457760734,0
2018-07-20,10957.099609375,11010.2001953125,0.004846226449567605,0.004846226449567605,0.006198110866023113,0.004634471396716108,0.00520814061164856,0,10946.6552734375,-0.0009532026092528835,0.0009532026092528835,0
2018-07-23,11010.2001953125,11084.75,0.006770976309698615,0.006770976309698615,0.006078199160820485,0.0046546374778010415,0.005074560642242432,1,10989.7265625,-0.00185951503599512,0.00185951503599512,0
2018-07-24,11084.75,11134.2998046875,0.004470087704955006,0.004470087704955006,0.006019950856234209,0.0048561928072671165,0.005138668417930603,0,11056.2138671875,-0.0025743596213265974,0.0025743596213265974,0
2018-07-25,11134.2998046875,11132.0,-0.00020655135283242424,0.00020655135283242424,0.006052040529901167,0.004819423010344077,0.0053310483694076535,0,11157.5283203125,0.002086212517397895,0.002086212517397895,0
2018-07-26,11132.0,11167.2998046875,0.003171020902578153,0.003171020902578153,0.005523754367813938,0.004380099875468138,0.004887533187866211,0,11142.552734375,0.0009479639215774344,0.0009479639215774344,0
2018-07-27,11167.2998046875,11278.349609375,0.009944194803553729,0.009944194803553729,0.005015900859571005,0.004264944373237913,0.004660466313362121,1,11153.5556640625,-0.0012307487812972357,0.0012307487812972357,0
2018-07-30,11278.349609375,11319.5498046875,0.0036530340643326754,0.0036530340643326754,0.00485033937758572,0.004805825910619738,0.004566499590873718,0,11238.935546875,-0.003494665785784607,0.003494665785784607,0
2018-07-31,11319.5498046875,11356.5,0.0032642813495284665,0.0032642813495284665,0.004482189193845464,0.004696037678083967,0.004483151435852051,0,11257.9912109375,-0.005438254596000645,0.005438254596000645,1
2018-08-01,11356.5,11346.2001953125,-0.0009069523785937569,0.0009069523785937569,0.004476842877167646,0.004559682468339688,0.004446500539779663,0,11276.5185546875,-0.007042790059657465,0.007042790059657465,1
2018-08-02,11346.2001953125,11244.7001953125,-0.008945726168478245,0.008945726168478245,0.004475786002538412,0.004211802640393275,0.004164743423461914,1,11331.220703125,-0.0013202210369678243,0.0013202210369678243,0
2018-08-03,11244.7001953125,11360.7998046875,0.010324829240302702,0.010324829240302702,0.005087157546727879,0.0046626503419243655,0.004518479108810425,1,11280.9658203125,0.0032251304499089977,0.0032251304499089977,0
2018-08-06,11360.7998046875,11387.099609375,0.0023149606664707376,0.0023149606664707376,0.0053962980792640666,0.0052019060976727805,0.004928207397460938,0,11318.2890625,-0.0037418793498992862,0.0037418793498992862,0
2018-08-07,11387.099609375,11389.4501953125,0.00020642534254857684,0.00020642534254857684,0.005278058564922595,0.004926955535397908,0.0046714842319488525,0,11360.1328125,-0.0023681883710579147,0.0023681883710579147,0
2018-08-08,11389.4501953125,11450.0,0.005316306199962153,0.005316306199962153,0.005084638896753697,0.004477385531026864,0.004247134923934937,1,11358.7216796875,-0.0026979805959067966,0.0026979805959067966,0
2018-08-09,11450.0,11470.7001953125,0.0018078773198689957,0.0018078773198689957,0.005115956422484592,0.004557278097291605,0.004508155584335327,0,11389.5654296875,-0.0052781284115720525,0.0052781284115720525,1
2018-08-10,11470.7001953125,11429.5,-0.0035917768410804124,0.0035917768410804124,0.005000991293674176,0.004295435239009276,0.004256486892700195,0,11431.6025390625,-0.0034084803529236384,0.0034084803529236384,0
2018-08-13,11429.5,11355.75,-0.006452600726190997,0.006452600726190997,0.005131195376471119,0.004228420063309825,0.00441657304763794,1,11405.4794921875,-0.0021016236766700207,0.0021016236766700207,0
2018-08-14,11355.75,11435.099609375,0.006987615029830702,0.006987615029830702,0.005040515685278539,0.0044402486315136,0.004366886615753174,1,11405.2421875,0.0043583371860070885,0.0043583371860070885,0
2018-08-16,11435.099609375,11385.0498046875,-0.0043768577797492,0.0043768577797492,0.005064605356427783,0.004682850830065505,0.004390758275985718,0,11420.1962890625,-0.0013032960640134345,0.0013032960640134345,0
2018-08-17,11385.0498046875,11470.75,0.007527432622843263,0.007527432622843263,0.005166788060366336,0.0046537058624880005,0.004484239220619202,1,11344.5107421875,-0.003560727725873372,0.003560727725873372,0
2018-08-20,11470.75,11551.75,0.00706143887714404,0.00706143887714404,0.005228915753017528,0.0049273977411733415,0.004754284024238586,1,11435.6865234375,-0.0030567727971144,0.0030567727971144,0
2018-08-21,11551.75,11570.900390625,0.0016577912978553034,0.0016577912978553034,0.005308409908443058,0.00513064381114065,0.004865047335624695,0,11459.8359375,-0.00795672192524942,0.00795672192524942,1
2018-08-23,11570.900390625,11582.75,0.0010240870610726902,0.0010240870610726902,0.005209895679697665,0.004799900932916085,0.004609391093254089,0,11521.6982421875,-0.004252231613484865,0.004252231613484865,0
2018-08-24,11582.75,11557.099609375,-0.0022145337355118605,0.0022145337355118605,0.0051864520702624714,0.004440303416117483,0.004437091946601868,0,11517.8701171875,-0.005601423048283007,0.005601423048283007,1
2018-08-27,11557.099609375,11691.9501953125,0.01166820313879709,0.01166820313879709,0.005250235609153542,0.004228326992866757,0.004537492990493774,1,11532.56640625,-0.0021227820088267576,0.0021227820088267576,0
2018-08-28,11691.9501953125,11738.5,0.003981355027167547,0.003981355027167547,0.005685251950521876,0.0049368868279490155,0.004962354898452759,0,11706.4453125,0.0012397518758941804,0.0012397518758941804,0
2018-08-29,11738.5,11691.900390625,-0.003969809547642374,0.003969809547642374,0.005413901288835266,0.004845883496945966,0.004664212465286255,0,11724.896484375,-0.0011588802338458918,0.0011588802338458918,0
2018-08-30,11691.900390625,11676.7998046875,-0.0012915424723946682,0.0012915424723946682,0.005558923428512037,0.004762445883077833,0.004680049419403076,0,11628.3447265625,-0.005435871153457764,0.005435871153457764,0
2018-08-31,11676.7998046875,11680.5,0.0003168843668120956,0.0003168843668120956,0.005581906828091196,0.004431880888784054,0.004581409692764282,0,11618.111328125,-0.005026075426842573,0.005026075426842573,0
2018-09-03,11680.5,11582.349609375,-0.008402927154231412,0.008402927154231412,0.0055618841786932134,0.004039973974768999,0.004551905393600464,1,11618.056640625,-0.005345949178117375,0.005345949178117375,0
2018-09-04,11582.349609375,11520.2998046875,-0.005357272641578317,0.005357272641578317,0.005509477666295362,0.004455494892519097,0.0045247673988342285,0,11614.5771484375,0.0027824698916370425,0.0027824698916370425,0
2018-09-05,11520.2998046875,11476.9501953125,-0.0037628889968090466,0.0037628889968090466,0.005298541529565524,0.00454137780488986,0.004276388883590698,0,11476.4287109375,-0.0038081555596451815,0.0038081555596451815,0
2018-09-06,11476.9501953125,11536.900390625,0.005223530144531367,0.005223530144531367,0.005375423549323159,0.004467237140549415,0.004348787665367127,0,11472.9501953125,-0.00034852464565313785,0.00034852464565313785,0
2018-09-07,11536.900390625,11589.099609375,0.004524544460175595,0.004524544460175595,0.005481599619926661,0.004539263379500531,0.004599639773368835,0,11541.0537109375,0.0003600031353200405,0.0003600031353200405,0
2018-09-10,11589.099609375,11438.099609375,-0.013029485041085382,0.013029485041085382,0.005448949493200566,0.004537865780014757,0.004560056328773499,1,11611.8486328125,0.001962967288597397,0.001962967288597397,0
2018-09-11,11438.099609375,11287.5,-0.013166488710376694,0.013166488710376694,0.006232177991794826,0.005346588671309623,0.0051211327314376835,1,11442.736328125,0.0004053749231384215,0.0004053749231384215,0
2018-09-12,11287.5,11369.900390625,0.007300145348837209,0.007300145348837209,0.006849745598065929,0.0060913409137515135,0.005599868297576904,1,11451.078125,0.014491971207087485,0.014491971207087485,1
2018-09-14,11369.900390625,11515.2001953125,0.012779338401883125,0.012779338401883125,0.0069214920844463505,0.006206464490871439,0.005642244219779968,1,11371.654296875,0.00015425871729238502,0.00015425871729238502,0
2018-09-17,11515.2001953125,11377.75,-0.011936413868727349,0.011936413868727349,0.007334335608825833,0.006832454067848759,0.005931833386421203,1,11558.23828125,0.0037375021890648104,0.0037375021890648104,0
2018-09-18,11377.75,11278.900390625,-0.008687975159851464,0.008687975159851464,0.0077737274073393205,0.007318546648312661,0.006309813261032105,1,11373.2568359375,-0.0003949079618114302,0.0003949079618114302,0
2018-09-19,11278.900390625,11234.349609375,-0.003949922395540484,0.003949922395540484,0.007792537859738474,0.007448968207755354,0.006367838382720948,0,11267.453125,-0.001014927451129451,0.001014927451129451,0
2018-09-21,11234.349609375,11143.099609375,-0.008122410568730424,0.008122410568730424,0.007593264300903291,0.007115727445552021,0.006212261319160461,1,11238.6650390625,0.00038412812824507425,0.00038412812824507425,0
2018-09-24,11143.099609375,10967.400390625,-0.015767535507102474,0.015767535507102474,0.007702508814396141,0.007211599550564901,0.006535488367080689,1,11085.4814453125,-0.005170748362872413,0.005170748362872413,0
2018-09-25,10967.400390625,11067.4501953125,0.00912247215602917,0.00912247215602917,0.008266799290966222,0.008026448612954717,0.007272657752037048,1,11012.6494140625,0.004125774734747455,0.004125774734747455,0
2018-09-26,11067.4501953125,11053.7998046875,-0.0012333817079910128,0.0012333817079910128,0.00867972758032444,0.008130833591042223,0.007618054747581482,0,11061.0966796875,-0.0005740722129195543,0.0005740722129195543,0
2018-09-27,11053.7998046875,10977.5498046875,-0.006898080420062,0.006898080420062,0.008057684706667208,0.007473935050403644,0.007096314430236816,0,11057.1572265625,0.00030373463734852915,0.00030373463734852915,0
2018-09-28,10977.5498046875,10930.4501953125,-0.0042905393473949985,0.0042905393473949985,0.007944244643193373,0.00741909410698432,0.007242152094841003,0,11042.6376953125,0.005929181992616144,0.005929181992616144,0
2018-10-01,10930.4501953125,11008.2998046875,0.007122269255513889,0.007122269255513889,0.007945958563799756,0.007121134777258856,0.007258188724517822,0,10991.4306640625,0.005578953076987748,0.005578953076987748,0
2018-10-03,11008.2998046875,10858.25,-0.013630606664946256,0.013630606664946256,0.008275541439903594,0.007121243675948582,0.0075497269630432125,1,10950.080078125,-0.005288711935126364,0.005288711935126364,0
2018-10-04,10858.25,10599.25,-0.02385283079685953,0.02385283079685953,0.00857160959901118,0.007741185095935902,0.008215415477752685,1,10865.146484375,0.0006351377408882647,0.0006351377408882647,0
2018-10-05,10599.25,10316.4501953125,-0.02668111467202868,0.02668111467202868,0.00965428270672047,0.00927562700725581,0.008987909555435181,1,10642.552734375,0.004085452685331509,0.004085452685331509,0
2018-10-08,10316.4501953125,10348.0498046875,0.003063031253653312,0.003063031253653312,0.010868882172819725,0.010933293498377352,0.010054102540016175,0,10321.4296875,0.000482674960207004,0.000482674960207004,0
2018-10-09,10348.0498046875,10301.0498046875,-0.00454191861143824,0.00454191861143824,0.011030515523810708,0.010183749612342112,0.01001911163330078,0,10171.3642578125,-0.017074284547312895,0.017074284547312895,1
2018-10-10,10301.0498046875,10460.099609375,0.015440154906844958,0.015440154906844958,0.010762099143300572,0.009646433795598057,0.009985032677650451,1,10248.6708984375,-0.005084812445636846,0.005084812445636846,0
2018-10-11,10460.099609375,10234.650390625,-0.021553257346415538,0.021553257346415538,0.011550164371638628,0.010198212138103646,0.010530808568000793,1,10249.76171875,-0.02010859346276989,0.02010859346276989,1
2018-10-12,10234.650390625,10472.5,0.023239641834065152,0.023239641834065152,0.012008344345040571,0.011279646979175714,0.01095699965953827,1,10112.6220703125,-0.011923057032243979,0.011923057032243979,0
2018-10-15,10472.5,10512.5,0.0038195273334924802,0.0038195273334924802,0.01345333427039183,0.012418691322049046,0.01146065592765808,0,10485.0576171875,0.0011991040522797804,0.0011991040522797804,0
2018-10-16,10512.5,10584.75,0.006872770511296076,0.006872770511296076,0.01332608802006616,0.011599728800567859,0.011286628246307374,0,10451.134765625,-0.005837358799048752,0.005837358799048752,0
2018-10-17,10584.75,10453.0498046875,-0.012442447418455797,0.012442447418455797,0.0130001336132134,0.01114954255008246,0.010991299152374267,0,10643.0126953125,0.005504399755544533,0.005504399755544533,0
2018-10-19,10453.0498046875,10303.5498046875,-0.014302046081609518,0.014302046081609518,0.013016622646417387,0.011272678459299636,0.01101660132408142,1,10517.8212890625,0.006196419761240809,0.006196419761240809,0
2018-10-22,10303.5498046875,10245.25,-0.005658225154691548,0.005658225154691548,0.013179186103625071,0.011561192406910167,0.011297306418418885,0,10293.7958984375,-0.000946654932998194,0.000946654932998194,0
2018-10-23,10245.25,10146.7998046875,-0.009609350217173813,0.009609350217173813,0.013181451197177584,0.010999003541859965,0.01138271987438202,0,10239.640625,-0.0005475098216246553,0.0005475098216246553,0
2018-10-24,10146.7998046875,10224.75,0.007682244334463905,0.007682244334463905,0.013207039213013114,0.010866654787530343,0.011457067728042603,0,10155.046875,0.0008127755027442362,0.0008127755027442362,0
2018-10-25,10224.75,10124.900390625,-0.009765481735494755,0.009765481735494755,0.013203317202451458,0.01056337378362469,0.011052802205085754,0,10201.8759765625,-0.002237123004229932,0.002237123004229932,0
2018-10-26,10124.900390625,10030.0,-0.00937297029735439,0.00937297029735439,0.012931940304402239,0.010487386355728096,0.0110849529504776,0,10100.705078125,-0.0023896840034498797,0.0023896840034498797,0
2018-10-29,10030.0,10250.849609375,0.022018904224825525,0.022018904224825525,0.012956388060755475,0.010381249521870155,0.011491930484771729,1,10046.994140625,0.0016943310692921236,0.0016943310692921236,0
2018-10-30,10250.849609375,10198.400390625,-0.0051165728450480955,0.0051165728450480955,0.014254604746027784,0.011489598086867827,0.012247970700263977,0,10238.8056640625,-0.0011749216671255336,0.0011749216671255336,0
2018-10-31,10198.400390625,10386.599609375,0.018453797805683757,0.018453797805683757,0.014258754566904647,0.01088264416590985,0.012289273738861083,1,10167.568359375,-0.0030232222769310674,0.0030232222769310674,0
2018-11-01,10386.599609375,10380.4501953125,-0.0005920526730374305,0.0005920526730374305,0.014907702217980356,0.011603710096874631,0.012855851650238037,0,10352.05078125,-0.003326288624220774,0.003326288624220774,0
2018-11-02,10380.4501953125,10553.0,0.016622574304669204,0.016622574304669204,0.014692536645516082,0.010554980843510756,0.012203922867774964,1,10341.60546875,-0.003742104227814812,0.003742104227814812,0
2018-11-05,10553.0,10524.0,-0.0027480337344830854,0.0027480337344830854,0.01432813414276554,0.011132843937934584,0.011842408776283264,0,10502.76953125,-0.004759828366341325,0.004759828366341325,0
2018-11-06,10524.0,10530.0,0.0005701254275940707,0.0005701254275940707,0.012923746506118399,0.010334288566962205,0.010645753145217896,0,10421.685546875,-0.009722011889490689,0.009722011889490689,0
2018-11-07,10530.0,10598.400390625,0.006495763592117758,0.006495763592117758,0.012915587173428038,0.009404373277910699,0.010521107912063598,0,10569.802734375,0.003779936787749288,0.003779936787749288,0
2018-11-09,10598.400390625,10585.2001953125,-0.0012454893970769837,0.0012454893970769837,0.012904341250884873,0.009127358126454639,0.010618796944618225,0,10579.5634765625,-0.0017773355759575305,0.0017773355759575305,0
2018-11-12,10585.2001953125,10482.2001953125,-0.009730567027500532,0.009730567027500532,0.01248852296984066,0.008376704843671012,0.009909066557884216,0,10562.1640625,-0.0021762585862760736,0.0021762585862760736,0
2018-11-13,10482.2001953125,10582.5,0.009568583199961468,0.009568583199961468,0.011631731165999927,0.00850564509369016,0.009317931532859803,0,10471.8232421875,-0.000989959448555508,0.000989959448555508,0
2018-11-14,10582.5,10576.2998046875,-0.0005858913595558705,0.0005858913595558705,0.010630689279105189,0.008606876231850389,0.008634379506111145,0,10611.677734375,0.002757168379399953,0.002757168379399953,0
2018-11-15,10576.2998046875,10616.7001953125,0.003819898392734123,0.003819898392734123,0.010605556575020493,0.00784297503435436,0.00847269594669342,0,10532.9873046875,-0.004095241322565719,0.004095241322565719,0
2018-11-16,10616.7001953125,10682.2001953125,0.006169525256907947,0.006169525256907947,0.010528512641794224,0.007459829076260158,0.008320054411888123,0,10610.1201171875,-0.00061978562113916,0.00061978562113916,0
2018-11-19,10682.2001953125,10763.400390625,0.0076014485618919395,0.0076014485618919395,0.010168342184245007,0.007336946075798346,0.00800640881061554,0,10734.4111328125,0.004887657649676974,0.004887657649676974,0
2018-11-20,10763.400390625,10656.2001953125,-0.009959695953136906,0.009959695953136906,0.00958092350406672,0.007362141645483752,0.007671380043029785,1,10765.25390625,0.00017220539585375134,0.00017220539585375134,0
2018-11-21,10656.2001953125,10600.0498046875,-0.00526926949530281,0.00526926949530281,0.009812768868513493,0.007609527938617555,0.007886454463005066,0,10645.5712890625,-0.000997438679377992,0.000997438679377992,0
2018-11-22,10600.0498046875,10526.75,-0.006915043423200307,0.006915043423200307,0.009587607208964144,0.007386648041294325,0.0076694518327713014,0,10545.6640625,-0.005130706288139308,0.005130706288139308,0
2018-11-26,10526.75,10628.599609375,0.009675313783931412,0.009675313783931412,0.009705662464190471,0.0073417323100869545,0.007631093263626099,0,10547.4169921875,0.0019632832723775143,0.0019632832723775143,0
2018-11-27,10628.599609375,10685.599609375,0.005362889006536939,0.005362889006536939,0.009489012370139226,0.007563973457556817,0.007626581192016602,0,10670.81640625,0.003971999927230536,0.003971999927230536,0
2018-11-28,10685.599609375,10728.849609375,0.00404750332981358,0.00404750332981358,0.009084262719973153,0.007354344395791501,0.007426077127456665,0,10622.9169921875,-0.005866083278331473,0.005866083278331473,0
2018-11-29,10728.849609375,10858.7001953125,0.012102936537020239,0.012102936537020239,0.007942967017438794,0.0070394080731558985,0.006527507305145263,1,10657.5703125,-0.006643703609445255,0.006643703609445255,0
2018-11-30,10858.7001953125,10876.75,0.0016622435800641927,0.0016622435800641927,0.008028250639194658,0.007521651260495543,0.006876826286315918,0,10874.0712890625,0.001415555588930931,0.001415555588930931,0
2018-12-03,10876.75,10883.75,0.0006435745971912566,0.0006435745971912566,0.007179127830236193,0.006963613457924167,0.0060372471809387205,0,10905.7763671875,0.0026686617958029744,0.0026686617958029744,0
2018-12-04,10883.75,10869.5,-0.0013092913747559435,0.0013092913747559435,0.007157919057687998,0.006361708457577548,0.006039825081825256,0,10930.4931640625,0.004294766423567245,0.004294766423567245,0
2018-12-05,10869.5,10782.900390625,-0.007967211865771194,0.007967211865771194,0.006360572484132956,0.005880524378487898,0.005274161696434021,1,10881.58203125,0.001111553544321266,0.001111553544321266,0
2018-12-06,10782.900390625,10601.150390625,-0.0168553907961553,0.0168553907961553,0.006644661577642304,0.006079258595568757,0.005535122752189636,1,10776.181640625,-0.0006230930228977629,0.0006230930228977629,0
2018-12-07,10601.150390625,10693.7001953125,0.0087301661873739,0.0087301661873739,0.007781837536754152,0.0071055595561906265,0.006349384784698486,1,10569.259765625,-0.003008223053622755,0.003008223053622755,0
2018-12-10,10693.7001953125,10488.4501953125,-0.01919354351171821,0.01919354351171821,0.00788977051417992,0.007260284656645035,0.006461107730865478,1,10708.0712890625,0.0013438841081686072,0.0013438841081686072,0
2018-12-11,10488.4501953125,10549.150390625,0.005787336945131145,0.005787336945131145,0.00903382103765484,0.008396784221031474,0.007358509302139282,0,10445.205078125,-0.004123117942327372,0.004123117942327372,0
2018-12-12,10549.150390625,10737.599609375,0.017863923801624278,0.017863923801624278,0.008856741497806775,0.008148268827515268,0.007161349058151245,1,10521.720703125,-0.002600179776029801,0.002600179776029801,0
2018-12-13,10737.599609375,10791.5498046875,0.00502441861078486,0.00502441861078486,0.00948298226774855,0.009073564145566503,0.007576113939285279,0,10804.033203125,0.006187006050402254,0.006187006050402254,0
2018-12-14,10791.5498046875,10805.4501953125,0.001288081033454724,0.001288081033454724,0.009523636941496124,0.008687932620844581,0.00779803991317749,0,10864.8857421875,0.006795681697928618,0.006795681697928618,0
2018-12-17,10805.4501953125,10888.349609375,0.00767200001518331,0.00767200001518331,0.009501696936606763,0.00798318250205902,0.007671445608139038,0,10814.9609375,0.0008801800957470374,0.0008801800957470374,0
2018-12-18,10888.349609375,10908.7001953125,0.0018690239262686699,0.0018690239262686699,0.009551156663841475,0.007953541525445744,0.007746565341949463,0,10899.4052734375,0.0010153663740720578,0.0010153663740720578,0
2018-12-19,10908.7001953125,10967.2998046875,0.005371823253533031,0.005371823253533031,0.009427829386592687,0.007374069232628691,0.007459944486618042,0,10877.2119140625,-0.0028865291635322976,0.0028865291635322976,0
2018-12-20,10967.2998046875,10951.7001953125,-0.0014223746640292098,0.0014223746640292098,0.009133053741262461,0.007183377782448559,0.007230550050735474,0,10932.548828125,-0.0031685991247952564,0.0031685991247952564,0
2018-12-21,10951.7001953125,10754.0,-0.018052009440243696,0.018052009440243696,0.009023287981717918,0.0066347080544320435,0.007038202881813049,1,10948.01953125,-0.0003360815213034577,0.0003360815213034577,0
2018-12-24,10754.0,10663.5,-0.008415473312255905,0.008415473312255905,0.009883717984581089,0.0077220674707684555,0.00759505033493042,0,10814.6279296875,0.005637709660358936,0.005637709660358936,0
2018-12-26,10663.5,10729.849609375,0.006222123071693159,0.006222123071693159,0.009886887052791124,0.007788104910366493,0.007532060146331787,0,10643.9609375,-0.0018323310826651661,0.0018323310826651661,0
2018-12-27,10729.849609375,10779.7998046875,0.004655255863871287,0.004655255863871287,0.009912288973704513,0.00763896433491283,0.007575023174285889,0,10722.9755859375,-0.0006406449006977651,0.0006406449006977651,0
2018-12-28,10779.7998046875,10859.900390625,0.0074306190642491315,0.0074306190642491315,0.009925454553904537,0.007354800299801851,0.007605409622192383,0,10836.9501953125,0.005301618922472814,0.005301618922472814,0
2018-12-31,10859.900390625,10862.5498046875,0.00024396301689720408,0.00024396301689720408,0.009684694390097935,0.007362026237493945,0.007371795177459717,0,10891.5048828125,0.0029102009273292355,0.0029102009273292355,0
2019-01-02,10862.5498046875,10792.5,-0.006448744166611002,0.006448744166611002,0.009677459653704661,0.006684121016371706,0.007300883531570435,0,10881.361328125,0.0017317778768095766,0.0017317778768095766,0
2019-01-03,10792.5,10672.25,-0.01114199675700718,0.01114199675700718,0.009781226658466808,0.006661704322197168,0.007591140270233154,1,10851.2841796875,0.005446762074357192,0.005446762074357192,0
2019-01-04,10672.25,10727.349609375,0.005162885930801846,0.005162885930801846,0.010073393888916489,0.007088400620764421,0.008082777261734009,0,10682.900390625,0.0009979517557216144,0.0009979517557216144,0
2019-01-07,10727.349609375,10771.7998046875,0.004143632577580342,0.004143632577580342,0.010013976941094524,0.006905013430325408,0.007942557334899902,0,10723.1142578125,-0.0003948180787170934,0.0003948180787170934,0
2019-01-08,10771.7998046875,10802.150390625,0.002817596547263394,0.002817596547263394,0.009248520037157497,0.006642021265103522,0.007306966185569763,0,10806.4541015625,0.0032171315382151545,0.0032171315382151545,0
2019-01-09,10802.150390625,10855.150390625,0.004906430486840637,0.004906430486840637,0.009075909102663059,0.006277793598695783,0.007011339068412781,0,10804.345703125,0.00020322921090834597,0.00020322921090834597,0
2019-01-10,10855.150390625,10821.599609375,-0.0030907707440862337,0.0030907707440862337,0.007832099683508417,0.006147186202565809,0.006296983361244202,0,10874.5947265625,0.0017912544034666723,0.0017912544034666723,0
2019-01-11,10821.599609375,10794.9501953125,-0.0024626132017870075,0.0024626132017870075,0.007842753128679339,0.005856101693257436,0.0061621546745300295,0,10821.3837890625,-1.994347603777818e-05,1.994347603777818e-05,0
2019-01-14,10794.9501953125,10737.599609375,-0.005312723532749914,0.005312723532749914,0.006836466001042013,0.005532913484712921,0.00539209246635437,0,10806.3720703125,0.0010580757477658147,0.0010580757477658147,0
2019-01-15,10737.599609375,10886.7998046875,0.013895116296032614,0.013895116296032614,0.0068503326519201695,0.005511944657860728,0.005406507849693298,1,10734.513671875,-0.0002873954712658188,0.0002873954712658188,0
2019-01-16,10886.7998046875,10890.2998046875,0.00032149025083505386,0.00032149025083505386,0.00754228892687386,0.006310345547524338,0.006036862730979919,0,10892.0791015625,0.0004849264218789903,0.0004849264218789903,0
2019-01-17,10890.2998046875,10905.2001953125,0.0013682259342930523,0.0013682259342930523,0.007345933197541219,0.005739980014799968,0.005669340491294861,0,10926.2314453125,0.0032994170288621425,0.0032994170288621425,0
2019-01-18,10905.2001953125,10906.9501953125,0.0001604738994844149,0.0001604738994844149,0.007340202468423166,0.005323628034863196,0.005644300580024719,0,10915.0009765625,0.0008987254772464219,0.0008987254772464219,0
2019-01-21,10906.9501953125,10961.849609375,0.005033434010370215,0.005033434010370215,0.007231527241872443,0.004831897336660544,0.005383732914924622,0,10938.2216796875,0.0028671153544314893,0.0028671153544314893,0
2019-01-22,10961.849609375,10922.75,-0.0035668806605009882,0.0035668806605009882,0.007320029725933848,0.00485109692764451,0.005564290285110474,0,10971.623046875,0.0008915865340499997,0.0008915865340499997,0
2019-01-23,10922.75,10831.5,-0.008354123274816324,0.008354123274816324,0.006036510708250387,0.004728788758597311,0.004840034246444702,1,10915.7216796875,-0.0006434570334851571,0.0006434570334851571,0
2019-01-24,10831.5,10849.7998046875,0.001689498655541707,0.001689498655541707,0.006031598343641998,0.005074059106071279,0.004836967587471009,0,10854.1474609375,0.0020908886984720492,0.0020908886984720492,0
2019-01-25,10849.7998046875,10780.5498046875,-0.006382606245884973,0.006382606245884973,0.005900849785613518,0.00475172521604575,0.004610338807106018,1,10840.7626953125,-0.0008329286749692512,0.0008329286749692512,0
2019-01-28,10780.5498046875,10661.5498046875,-0.011038398055380951,0.011038398055380951,0.006013993851637406,0.004907045154692667,0.004696705937385559,1,10854.947265625,0.006901082253258658,0.006901082253258658,1
2019-01-29,10661.5498046875,10652.2001953125,-0.0008769465552643493,0.0008769465552643493,0.006230374733348701,0.005490985862296575,0.0048770934343338014,0,10625.2412109375,-0.0034055643330612607,0.0034055643330612607,0
2019-01-30,10652.2001953125,10651.7998046875,-3.7587598586082886e-05,3.7587598586082886e-05,0.0062245543389819104,0.005051555126704551,0.004908740520477295,0,10665.5205078125,0.0012504752310101722,0.0012504752310101722,0
2019-01-31,10651.7998046875,10830.9501953125,0.01681879061847951,0.01681879061847951,0.006090592514364245,0.004574036593766333,0.004588183760643005,1,10618.71484375,-0.003106044193859184,0.003106044193859184,0
2019-02-01,10830.9501953125,10893.650390625,0.005788983808607657,0.005788983808607657,0.006728342457650711,0.005740200901556352,0.004872021079063415,0,10846.4482421875,0.0014309037153275215,0.0014309037153275215,0
2019-02-04,10893.650390625,10912.25,0.0017073807867936256,0.0017073807867936256,0.0067513283806899405,0.005744852388947656,0.004903331398963928,0,10924.525390625,0.0028342198338374078,0.0028342198338374078,0
2019-02-05,10912.25,10934.349609375,0.0020252110586725927,0.0020252110586725927,0.006709505260781518,0.005360336414213197,0.00478152334690094,0,10926.833984375,0.0013364782125592797,0.0013364782125592797,0
2019-02-06,10934.349609375,11062.4501953125,0.01171542803311025,0.01171542803311025,0.006698481953525282,0.005042708814781294,0.004741904139518738,1,10937.28515625,0.00026847018614468775,0.00026847018614468775,0
2019-02-07,11062.4501953125,11069.400390625,0.0006282690714797533,0.0006282690714797533,0.007088942783791027,0.005678204369553798,0.005082353949546814,0,11045.927734375,-0.0014935625151560976,0.0014935625151560976,0
2019-02-08,11069.400390625,10943.599609375,-0.011364733121095193,0.011364733121095193,0.0070253063046611325,0.005197254711113685,0.004959225654602051,1,11060.6748046875,-0.0007882618416160964,0.0007882618416160964,0
2019-02-11,10943.599609375,10888.7998046875,-0.005007475295473613,0.005007475295473613,0.007530488027220794,0.005784635978119902,0.005404332280158996,0,10962.390625,0.001717078136603462,0.001717078136603462,0
2019-02-12,10888.7998046875,10831.400390625,-0.0052714178873772876,0.0052714178873772876,0.007517934007721175,0.005710617867082325,0.005389067530632019,0,10895.6513671875,0.000629230275411114,0.000629230275411114,0
2019-02-14,10831.400390625,10746.0498046875,-0.007879921603800582,0.007879921603800582,0.006951142636570524,0.0056687909067826316,0.0049578815698623655,1,10850.919921875,0.00180212442953313,0.00180212442953313,0
2019-02-15,10746.0498046875,10724.400390625,-0.0020146392819672563,0.0020146392819672563,0.0071556677834600565,0.005879373949302473,0.005335801839828491,0,10721.5263671875,-0.0022820885763345997,0.0022820885763345997,0
2019-02-18,10724.400390625,10640.9501953125,-0.007781339028096158,0.007781339028096158,0.0071456181143342914,0.005511303763026828,0.005368119478225708,1,10724.5361328125,1.2657321860032603e-05,1.2657321860032603e-05,0
2019-02-19,10640.9501953125,10604.349609375,-0.0034395975233135773,0.0034395975233135773,0.0073076015963731145,0.005727496430432128,0.005749163031578064,0,10625.380859375,-0.0014631527872725621,0.0014631527872725621,0
2019-02-20,10604.349609375,10735.4501953125,0.012362906803977657,0.012362906803977657,0.007171017652250513,0.005509602030967493,0.005669468641281128,1,10610.4833984375,0.0005784219955439128,0.0005784219955439128,0
2019-02-21,10735.4501953125,10789.849609375,0.0050672690080806135,0.0050672690080806135,0.0078017432754182115,0.006162302504278438,0.006109273433685303,0,10780.302734375,0.0041779839919600485,0.0041779839919600485,0
2019-02-22,10789.849609375,10791.650390625,0.0001668958618695993,0.0001668958618695993,0.007697523580384346,0.006058009815388593,0.005944928526878357,0,10841.40234375,0.004777891837362336,0.004777891837362336,0
2019-02-25,10791.650390625,10880.099609375,0.00819607896368087,0.00819607896368087,0.007685741318100865,0.005496951071577403,0.005868795514106751,1,10821.7841796875,0.00279232443340437,0.00279232443340437,0
2019-02-26,10880.099609375,10835.2998046875,-0.004117591409631726,0.004117591409631726,0.007763515268651825,0.00575401434988188,0.005959472060203553,0,10896.2314453125,0.0014826919345113131,0.0014826919345113131,0
2019-02-27,10835.2998046875,10806.650390625,-0.002644081343287416,0.002644081343287416,0.007366802982332655,0.005598166132785847,0.005613431334495544,0,10848.37109375,0.0012063615495756916,0.0012063615495756916,0
2019-02-28,10806.650390625,10792.5,-0.0013094150466157178,0.0013094150466157178,0.0073989344553175886,0.0053168228860668455,0.005701786279678345,0,10892.3134765625,0.007926886023056188,0.007926886023056188,1
2019-03-01,10792.5,10863.5,0.006578642575862868,0.006578642575862868,0.007411477529332031,0.004935163071815315,0.00576537549495697,0,10859.0634765625,0.006167567900162149,0.006167567900162149,0
2019-03-05,10863.5,10987.4501953125,0.011409784628572743,0.011409784628572743,0.006540602471279891,0.0050916888605138004,0.005253371596336365,1,10897.935546875,0.0031698390827081513,0.0031698390827081513,0
2019-03-06,10987.4501953125,11053.0,0.00596587957372176,0.00596587957372176,0.006905318724978998,0.005693409875844332,0.005534407496452331,0,10967.853515625,-0.0017835511733068328,0.0017835511733068328,0
2019-03-07,11053.0,11058.2001953125,0.00047047817900117616,0.00047047817900117616,0.007010930594286763,0.005719354544389524,0.005747327208518982,0,11030.8837890625,-0.002000923815932326,0.002000923815932326,0
2019-03-08,11058.2001953125,11035.400390625,-0.0020618006804728217,0.0020618006804728217,0.007003662017941185,0.005219465451195944,0.005669590830802917,0,11054.50390625,-0.0003342577451316927,0.0003342577451316927,0
2019-03-11,11035.400390625,11168.0498046875,0.012020353532001505,0.012020353532001505,0.006511716204225993,0.004918733909884477,0.005186909437179565,1,11023.861328125,-0.0010456405831729386,0.0010456405831729386,0
2019-03-12,11168.0498046875,11301.2001953125,0.011922438828049779,0.011922438828049779,0.007054607165966468,0.005595078252044382,0.005756515264511109,1,11167.4072265625,-5.7537182967279966e-05,5.7537182967279966e-05,0
2019-03-13,11301.2001953125,11341.7001953125,0.003583690165651481,0.003583690165651481,0.0069194237016951075,0.006197687816215612,0.0057844012975692746,0,11359.9541015625,0.00519890854374652,0.00519890854374652,0
2019-03-14,11341.7001953125,11343.25,0.0001366465927340004,0.0001366465927340004,0.0067501733681234275,0.005948733706335609,0.005713212490081787,0,11323.9345703125,-0.0015663987492230216,0.0015663987492230216,0
2019-03-15,11343.25,11426.849609375,0.0073699873823639605,0.0073699873823639605,0.006546215180654679,0.005395198481525093,0.005456471443176269,1,11330.4541015625,-0.0011280628071760738,0.0011280628071760738,0
2019-03-18,11426.849609375,11462.2001953125,0.0030936423551507237,0.0030936423551507237,0.006171611609622103,0.00558327435158818,0.005430975556373596,0,11475.4716796875,0.00425507221803363,0.00425507221803363,0
2019-03-19,11462.2001953125,11532.400390625,0.006124495656707215,0.006124495656707215,0.006053632075800424,0.005346162534592383,0.005484923720359802,1,11396.095703125,-0.005767173061113836,0.005767173061113836,0
2019-03-20,11532.400390625,11521.0498046875,-0.0009842344657689129,0.0009842344657689129,0.005479234490727297,0.005420289575103674,0.005402082204818725,0,11456.2216796875,-0.006605624879225294,0.006605624879225294,1
2019-03-22,11521.0498046875,11456.900390625,-0.0055680181190085574,0.0055680181190085574,0.005328135943978982,0.00499780975834866,0.005279314517974853,1,11479.1005859375,-0.0036410934299522233,0.0036410934299522233,0
2019-03-25,11456.900390625,11354.25,-0.00895970001703054,0.00895970001703054,0.005384843914545035,0.00505211620958573,0.004939568042755127,1,11442.623046875,-0.0012461785703996278,0.0012461785703996278,0
2019-03-26,11354.25,11483.25,0.011361384503599973,0.011361384503599973,0.006015164935871061,0.005424268056100607,0.005134192109107971,1,11348.5732421875,-0.0004999676607878107,0.0004999676607878107,0
2019-03-27,11483.25,11445.0498046875,-0.003326601381359807,0.003326601381359807,0.00629417357679502,0.005989705436465003,0.005693915486335755,0,11471.4951171875,-0.0010236546981473014,0.0010236546981473014,0
2019-03-28,11445.0498046875,11570.0,0.010917400749215149,0.010917400749215149,0.006333229608994595,0.005736075854854938,0.005450439453125,1,11433.37109375,-0.0010204159122764848,0.0010204159122764848,0
2019-04-01,11570.0,11669.150390625,0.008569610252808989,0.008569610252808989,0.006391776088949154,0.006229537693024911,0.005790430307388306,1,11569.8583984375,-1.223868301642178e-05,1.223868301642178e-05,0
2019-04-02,11669.150390625,11713.2001953125,0.0037748939051200875,0.0037748939051200875,0.006334024683543637,0.006452400598254635,0.00608670711517334,0,11632.6953125,-0.0031240558999297862,0.0031240558999297862,0
2019-04-03,11713.2001953125,11643.9501953125,-0.0059121332210912885,0.0059121332210912885,0.006216325452804162,0.00619739876631753,0.0062099814414978026,0,11635.640625,-0.006621552523582627,0.006621552523582627,1
2019-04-04,11643.9501953125,11598.0,-0.003946272059030117,0.003946272059030117,0.00657350082334396,0.0061702298467278816,0.006176653504371643,0,11678.6201171875,0.0029775051673578143,0.0029775051673578143,0
2019-04-05,11598.0,11665.9501953125,0.005858785593421279,0.005858785593421279,0.006496793222025023,0.005958421739100873,0.0058034777641296385,0,11557.3310546875,-0.003506548138687705,0.003506548138687705,0
2019-04-08,11665.9501953125,11604.5,-0.005267483083991849,0.005267483083991849,0.0064940284486168605,0.005948931950001003,0.005798125267028808,0,11674.455078125,0.0007290347267141043,0.0007290347267141043,0
2019-04-09,11604.5,11671.9501953125,0.005812417192683873,0.005812417192683873,0.006721510261910236,0.005884033752608563,0.00603797435760498,0,11529.6357421875,-0.0064513126642681716,0.0064513126642681716,0
2019-04-10,11671.9501953125,11584.2998046875,-0.007509489773200089,0.007509489773200089,0.006674678969000346,0.005877212113304603,0.006225505471229553,1,11609.0791015625,-0.005386511482481246,0.005386511482481246,0
2019-04-11,11584.2998046875,11596.7001953125,0.0010704480058416888,0.0010704480058416888,0.006687813555503922,0.006032665244033872,0.005999961495399475,0,11572.0615234375,-0.0010564541194840167,0.0010564541194840167,0
2019-04-12,11596.7001953125,11643.4501953125,0.004031319186719754,0.004031319186719754,0.006253968979034037,0.005560078022713123,0.005457362532615662,0,11541.0087890625,-0.004802349402161057,0.004802349402161057,0
2019-04-15,11643.4501953125,11690.349609375,0.004027965360420495,0.004027965360420495,0.006263328285020871,0.005414480167667946,0.005479744076728821,0,11583.0380859375,-0.005188505843338525,0.005188505843338525,0
2019-04-16,11690.349609375,11787.150390625,0.008280400884877834,0.008280400884877834,0.006284633489024749,0.005282430883569222,0.005674311518669128,1,11611.3828125,-0.00675487042848343,0.00675487042848343,1
2019-04-18,11787.150390625,11752.7998046875,-0.002914240066438874,0.002914240066438874,0.006332299081542353,0.00556795141479947,0.005719831585884095,0,11740.072265625,-0.003994020899015927,0.003994020899015927,0
2019-04-22,11752.7998046875,11594.4501953125,-0.01347335205283116,0.01347335205283116,0.006398494703137853,0.005315217936914108,0.005710864067077636,1,11755.2109375,0.00020515390822349762,0.00020515390822349762,0
2019-04-23,11594.4501953125,11575.9501953125,-0.0015955909670886622,0.0015955909670886622,0.007080552044879289,0.006092181174184494,0.006078305840492249,0,11515.0400390625,-0.006848979892302663,0.006848979892302663,0
2019-04-24,11575.9501953125,11726.150390625,0.012975193636658978,0.012975193636658978,0.00708766870906163,0.005663936904322848,0.006108874082565307,1,11550.62109375,-0.002188079694119332,0.002188079694119332,0
2019-04-25,11726.150390625,11641.7998046875,-0.0071933740509534895,0.0071933740509534895,0.007486567871959013,0.006360249190755456,0.006479233503341675,0,11647.017578125,-0.0067484050488783,0.0067484050488783,0
2019-04-26,11641.7998046875,11754.650390625,0.009693568677590676,0.009693568677590676,0.007370061202620647,0.006439595606370938,0.006390917301177979,1,11666.263671875,0.0021013818823486185,0.0021013818823486185,0
2019-04-30,11754.650390625,11748.150390625,-0.0005529726349993462,0.0005529726349993462,0.007258550670248103,0.006749502938060499,0.006307530403137207,0,11682.8818359375,-0.006105545660867931,0.006105545660867931,0
2019-05-02,11748.150390625,11724.75,-0.001991836148409665,0.001991836148409665,0.007193848955087762,0.006159355257252956,0.006168848276138306,0,11696.912109375,-0.004361391329386457,0.004361391329386457,0
2019-05-03,11724.75,11712.25,-0.0010661208128105077,0.0010661208128105077,0.006859960150608619,0.005762446034129743,0.005722567439079285,0,11685.359375,-0.0033596132113691123,0.0033596132113691123,0
2019-05-06,11712.25,11598.25,-0.00973339879186322,0.00973339879186322,0.006611058743068339,0.005315179581459997,0.005347394943237304,1,11695.6005859375,-0.0014215384800102457,0.0014215384800102457,0
2019-05-07,11598.25,11497.900390625,-0.008652133673183455,0.008652133673183455,0.0069104137130763825,0.005735960467718713,0.005645319819450378,1,11550.16796875,-0.004145628111999655,0.004145628111999655,0
2019-05-08,11497.900390625,11359.4501953125,-0.012041345863927263,0.012041345863927263,0.0070497344480882785,0.006013692864217018,0.005782321095466614,1,11521.29296875,0.0020345086781299237,0.0020345086781299237,0
2019-05-09,11359.4501953125,11301.7998046875,-0.005075103956069067,0.005075103956069067,0.007471307545228978,0.0065877535759605805,0.00618707537651062,0,11348.9853515625,-0.0009212456210528868,0.0009212456210528868,0
2019-05-10,11301.7998046875,11278.900390625,-0.002026174101314581,0.002026174101314581,0.007340983429722303,0.00644369105292104,0.006147891283035278,0,11341.654296875,0.003526384547262116,0.003526384547262116,0
2019-05-13,11278.900390625,11148.2001953125,-0.011588026384304072,0.011588026384304072,0.007290401394817196,0.006022977647356619,0.005985826253890991,1,11260.3134765625,-0.0016479367153512062,0.0016479367153512062,0
2019-05-14,11148.2001953125,11222.0498046875,0.006624352638199989,0.006624352638199989,0.007421884253287933,0.006552983301323377,0.00627460777759552,0,11144.91796875,-0.0002944176194360129,0.0002944176194360129,0
2019-05-15,11222.0498046875,11157.0,-0.0057966063080853916,0.0057966063080853916,0.0075678646108284665,0.006559779273678042,0.006230351328849792,0,11180.7734375,-0.0036781486364691304,0.0036781486364691304,0
2019-05-16,11157.0,11257.099609375,0.008971910851931523,0.008971910851931523,0.007597957372303538,0.006487096610380278,0.006466656923294067,1,11163.0322265625,0.0005406674341220758,0.0005406674341220758,0
2019-05-17,11257.099609375,11407.150390625,0.013329435330308044,0.013329435330308044,0.007876285302468885,0.0067237473665508135,0.006713688373565674,1,11244.146484375,-0.0011506627328066402,0.0011506627328066402,0
2019-05-20,11407.150390625,11828.25,0.03691540787619334,0.03691540787619334,0.008480989408643684,0.00735285587555746,0.007178759574890137,1,11392.0869140625,-0.0013205293212299508,0.0013205293212299508,0
2019-05-21,11828.25,11709.099609375,-0.010073374389702619,0.010073374389702619,0.011894327934605504,0.010168338314637787,0.00861051082611084,0,11835.0400390625,0.0005740527180690296,0.0005740527180690296,0
2019-05-22,11709.099609375,11737.900390625,0.0024596922232124822,0.0024596922232124822,0.012100209053047562,0.01015929312095565,0.008968466520309448,0,11782.8857421875,0.006301606039239981,0.006301606039239981,0
2019-05-23,11737.900390625,11657.0498046875,-0.006887993870017413,0.006887993870017413,0.011692228105505558,0.00942599332575047,0.008417782187461854,0,11684.4248046875,-0.004555805055238897,0.004555805055238897,0
2019-05-24,11657.0498046875,11844.099609375,0.01604606721438936,0.01604606721438936,0.011805757616964814,0.009184277042811275,0.008682399988174438,1,11720.884765625,0.005476082028218741,0.005476082028218741,0
2019-05-27,11844.099609375,11924.75,0.006809330661248621,0.006809330661248621,0.011996148907216885,0.009837778963561949,0.008835941553115845,0,11723.216796875,-0.010206163109631164,0.010206163109631164,0
2019-05-28,11924.75,11928.75,0.00033543680161009665,0.00033543680161009665,0.011927749563088057,0.009549357522120829,0.008816739916801453,0,11866.6767578125,-0.004869975654625883,0.004869975654625883,0
2019-05-29,11928.75,11861.099609375,-0.005671205333752489,0.005671205333752489,0.01176224364976876,0.008671842990566073,0.00834883153438568,0,11846.2548828125,-0.006915654799329351,0.006915654799329351,0
2019-05-30,11861.099609375,11945.900390625,0.007149487319284761,0.007149487319284761,0.011848598951770746,0.00838606776636398,0.00860474407672882,0,11812.064453125,-0.004134115542815496,0.004134115542815496,0
2019-05-31,11945.900390625,11922.7998046875,-0.0019337668306383222,0.0019337668306383222,0.011921702214967666,0.008268295401140605,0.008862626552581788,0,11931.455078125,-0.0012092276034158555,0.0012092276034158555,0
2019-06-03,11922.7998046875,12088.5498046875,0.013901936014629272,0.013901936014629272,0.011931196519944265,0.007665005695360356,0.008906006813049316,1,11964.2958984375,0.0034803984323955213,0.0034803984323955213,0
2019-06-04,12088.5498046875,12021.650390625,-0.005534114111566868,0.005534114111566868,0.0119868782831146,0.00825900028902442,0.009114435315132141,0,11996.5078125,-0.007613981302522281,0.007613981302522281,0
2019-06-06,12021.650390625,11843.75,-0.014798333410505298,0.014798333410505298,0.011858720972873391,0.007999487161827874,0.00895853340625763,1,12023.955078125,0.00019171140609756,0.00019171140609756,0
2019-06-07,11843.75,11870.650390625,0.0022712730870712403,0.0022712730870712403,0.012048656130568422,0.008646997258949992,0.009096384048461914,0,11755.9326171875,-0.007414660290237467,0.007414660290237467,0
2019-06-10,11870.650390625,11922.7001953125,0.004384747505377381,0.004384747505377381,0.01192791970083608,0.00803978748131771,0.008956193923950195,0,11797.65234375,-0.0061494563880552956,0.0061494563880552956,0
2019-06-11,11922.7001953125,11965.599609375,0.003598129061348555,0.003598129061348555,0.011885234861889206,0.00769168925340715,0.009074121713638306,0,11880.8642578125,-0.0035089314345460197,0.0035089314345460197,0
2019-06-12,11965.599609375,11906.2001953125,-0.004964181988503175,0.004964181988503175,0.01138932385294686,0.0073018230375123,0.008674624562263488,0,11889.1240234375,-0.006391287393369045,0.006391287393369045,0
2019-06-13,11906.2001953125,11914.0498046875,0.0006592875347493661,0.0006592875347493661,0.011521647662614293,0.00707918968537955,0.00859161615371704,0,11884.9814453125,-0.0017821596858713894,0.0017821596858713894,0
2019-06-14,11914.0498046875,11823.2998046875,-0.007617057296864333,0.007617057296864333,0.011350636183122058,0.006467776056343914,0.008334752917289735,0,11876.2587890625,-0.003171970593083419,0.003171970593083419,0
2019-06-17,11823.2998046875,11672.150390625,-0.012784029548381651,0.012784029548381651,0.011522886463534401,0.00657723132429035,0.008267009258270263,1,11818.8994140625,-0.00037217956896055433,0.00037217956896055433,0
2019-06-18,11672.150390625,11691.5,0.001657758744313429,0.001657758744313429,0.011711406843516946,0.007168352551636582,0.008239740133285522,0,11688.4423828125,0.0013958004002917602,0.0013958004002917602,0
2019-06-19,11691.5,11691.4501953125,-4.259905700722747e-06,4.259905700722747e-06,0.00817373098866975,0.006643530821051494,0.006476855278015137,0,11691.12109375,-3.240869435059659e-05,3.240869435059659e-05,0
2019-06-20,11691.4501953125,11831.75,0.012000205478679707,0.012000205478679707,0.007860335188968216,0.0060112166409303095,0.005973398685455322,1,11706.1279296875,0.001255424616262301,0.001255424616262301,0
2019-06-21,11831.75,11724.099609375,-0.009098433505187313,0.009098433505187313,0.008297735273663181,0.006581596306806413,0.006450426578521728,1,11749.8916015625,-0.006918536855283454,0.006918536855283454,0
2019-06-24,11724.099609375,11699.650390625,-0.0020853813567439797,0.0020853813567439797,0.008414253423473805,0.00682129290676621,0.006560948491096496,0,11708.888671875,-0.0012974077333697167,0.0012974077333697167,0
2019-06-25,11699.650390625,11796.4501953125,0.008273734808782515,0.008273734808782515,0.0075646290957210255,0.006370254316289103,0.005862915515899658,1,11674.7646484375,-0.002127050070439805,0.002127050070439805,0
2019-06-26,11796.4501953125,11847.5498046875,0.004331778503613334,0.004331778503613334,0.007646620423070529,0.006551536832954139,0.005936133861541748,0,11742.7060546875,-0.004555958761760047,0.004555958761760047,0
2019-06-27,11847.5498046875,11841.5498046875,-0.0005064338279992789,0.0005064338279992789,0.007721803270567691,0.006340135912072439,0.006135952472686767,0,11865.7744140625,0.001538259781595466,0.001538259781595466,0
2019-06-28,11841.5498046875,11788.849609375,-0.0044504474652159575,0.0044504474652159575,0.007618858929298422,0.005784547793461396,0.0058777153491973875,0,11822.783203125,-0.001584809579154175,0.001584809579154175,0
2019-07-01,11788.849609375,11865.599609375,0.00651038926978635,0.00651038926978635,0.0074818511886531845,0.005657489947112626,0.005742764472961426,0,11785.3037109375,-0.0003007840930195724,0.0003007840930195724,0
2019-07-02,11865.599609375,11910.2998046875,0.0037672091410519545,0.0037672091410519545,0.007641252944310306,0.005738717278838739,0.005971595644950867,0,11875.0029296875,0.0007924858938498519,0.0007924858938498519,0
2019-07-03,11910.2998046875,11916.75,0.0005415644793392536,0.0005415644793392536,0.006961805441078944,0.00555095867784303,0.005464860796928405,0,11900.267578125,-0.000842315200038176,0.000842315200038176,0
2019-07-04,11916.75,11946.75,0.0025174649128327773,0.0025174649128327773,0.006872641679043075,0.005073873832565522,0.005215233564376831,0,11928.814453125,0.001012394581156775,0.001012394581156775,0
2019-07-05,11946.75,11811.150390625,-0.011350334557515643,0.011350334557515643,0.006000785741665021,0.004830406017724368,0.004601189494132995,1,11945.8076171875,-7.888193964885847e-05,7.888193964885847e-05,0
2019-07-08,11811.150390625,11558.599609375,-0.0213824033136061,0.0213824033136061,0.006532659641432684,0.005451351510383315,0.005055141448974609,1,11811.01953125,-1.1079308168310897e-05,1.1079308168310897e-05,0
2019-07-09,11558.599609375,11555.900390625,-0.00023352472109257127,0.00023352472109257127,0.007959505340970658,0.006968593409660077,0.005905023217201233,0,11603.009765625,0.0038421744632437665,0.0038421744632437665,0
2019-07-10,11555.900390625,11498.900390625,-0.004932545113165099,0.004932545113165099,0.007875519884939498,0.006327158894285781,0.00573679506778717,0,11520.103515625,-0.003097714049961963,0.003097714049961963,0
2019-07-11,11498.900390625,11582.900390625,0.007305046321514778,0.007305046321514778,0.007874834906832717,0.006194336406615009,0.0057352125644683834,0,11551.1923828125,0.004547564585404481,0.004547564585404481,0
2019-07-12,11582.900390625,11552.5,-0.002624592252352058,0.002624592252352058,0.008116540404357886,0.006300116373069039,0.006067496538162231,0,11565.44140625,-0.0015073067872646993,0.0015073067872646993,0
2019-07-15,11552.5,11588.349609375,0.0031031905972733176,0.0031031905972733176,0.007990316592310493,0.005950064463576252,0.005817872285842895,0,11562.0849609375,0.0008296871618697252,0.0008296871618697252,0
2019-07-16,11588.349609375,11662.599609375,0.00640729719958842,0.00640729719958842,0.007547943587908465,0.005678928516216265,0.005333828926086426,0,11554.49609375,-0.002921340550306873,0.002921340550306873,0
2019-07-17,11662.599609375,11687.5,0.0021350634900458884,0.0021350634900458884,0.007687302644157529,0.005748293504650467,0.005571305751800537,0,11682.060546875,0.0016686620609316204,0.0016686620609316204,0
2019-07-18,11687.5,11596.900390625,-0.007751838235294118,0.007751838235294118,0.007703505902076625,0.00540417396857466,0.005677846074104309,1,11672.322265625,-0.001298629679144385,0.001298629679144385,0
2019-07-19,11596.900390625,11419.25,-0.015318782143598783,0.015318782143598783,0.007343334899126912,0.005627759540293135,0.005465427041053772,1,11605.1181640625,0.0007086180928261912,0.0007086180928261912,0
2019-07-22,11419.25,11346.2001953125,-0.006397075524881231,0.006397075524881231,0.007821605674863836,0.006550716816435581,0.005776447057723999,0,11530.923828125,0.009779436313680846,0.009779436313680846,1
2019-07-23,11346.2001953125,11331.0498046875,-0.001335283210608177,0.001335283210608177,0.007903753555685993,0.0065360836434911265,0.00599203109741211,0,11414.8466796875,0.006050173907856851,0.006050173907856851,0
2019-07-24,11331.0498046875,11271.2998046875,-0.005273121293252302,0.005273121293252302,0.007562890197752565,0.0060407674157546675,0.005645108222961426,0,11381.7275390625,0.004472465945215007,0.004472465945215007,0
2019-07-25,11271.2998046875,11252.150390625,-0.0016989534831232291,0.0016989534831232291,0.007444813667550967,0.005967656587015104,0.005692172050476074,0,11319.3173828125,0.004260163331387076,0.004260163331387076,0
2019-07-26,11252.150390625,11284.2998046875,0.0028571795564771387,0.0028571795564771387,0.007433081296883705,0.005561115082982974,0.005751797556877136,0,11279.9833984375,0.002473572325845355,0.002473572325845355,0
2019-07-29,11284.2998046875,11189.2001953125,-0.008427603929443243,0.008427603929443243,0.00751253699829498,0.0053036001466944165,0.005672135949134826,1,11257.5654296875,-0.002369165607324128,0.002369165607324128,0
2019-07-30,11189.2001953125,11085.400390625,-0.009276785013730018,0.009276785013730018,0.007346123541941818,0.005601125840731333,0.005767998099327087,1,11215.5087890625,0.0023512488194662455,0.0023512488194662455,0
2019-07-31,11085.400390625,11118.0,0.00294076968140634,0.00294076968140634,0.007301510509460147,0.005951190742394732,0.006043475866317749,0,11095.2724609375,0.0008905470226270653,0.0008905470226270653,0
2019-08-01,11118.0,10980.0,-0.0124123043712898,0.0124123043712898,0.007391542556776481,0.005664484382540779,0.0061634361743927,1,11101.6201171875,-0.0014732760219913653,0.0014732760219913653,0
2019-08-02,10980.0,10997.349609375,0.001580110143442623,0.001580110143442623,0.007511476841766397,0.00630713440768989,0.006658178567886352,0,10932.099609375,-0.00436251280737705,0.00436251280737705,0
2019-08-05,10997.349609375,10862.599609375,-0.012252952282714426,0.012252952282714426,0.007418025990729226,0.005856942476766625,0.006169667840003968,1,10952.6171875,-0.004067563864375703,0.004067563864375703,0
2019-08-06,10862.599609375,10948.25,0.007884888857643171,0.007884888857643171,0.006484206189165677,0.0064660838434057125,0.0057131946086883545,1,10779.427734375,-0.007656719200827236,0.007656719200827236,1
2019-08-07,10948.25,10855.5,-0.008471673555134382,0.008471673555134382,0.006911811082383051,0.006601205385820152,0.006095761060714721,1,10900.8720703125,-0.004327443170141347,0.004327443170141347,0
2019-08-08,10855.5,11032.4501953125,0.016300510829763713,0.016300510829763713,0.007017168051461971,0.006779344660177379,0.00627271831035614,1,10836.9482421875,-0.0017089731299801943,0.0017089731299801943,0
2019-08-09,11032.4501953125,11109.650390625,0.006997556657477688,0.006997556657477688,0.00793118572541075,0.00768612698243518,0.006722494959831238,0,11007.0234375,-0.0023047244594227487,0.0023047244594227487,0
2019-08-13,11109.650390625,10925.849609375,-0.01654424529912321,0.01654424529912321,0.00820409426873125,0.0076205515837871485,0.006941145658493042,1,11123.2958984375,0.0012282571757626965,0.0012282571757626965,0
2019-08-14,10925.849609375,11029.400390625,0.009477595331455738,0.009477595331455738,0.008730321726354438,0.008470425035971809,0.0076131999492645265,1,10908.0654296875,-0.0016277159510085296,0.0016277159510085296,0
2019-08-16,11029.400390625,11047.7998046875,0.0016682152620136556,0.0016682152620136556,0.008927421662426613,0.008566347923635953,0.007766717672348022,0,11028.787109375,-5.5604224008522674e-05,5.5604224008522674e-05,0
2019-08-19,11047.7998046875,11053.900390625,0.000552199174980666,0.000552199174980666,0.00891458011434579,0.007909382864049064,0.00774337649345398,0,11038.7880859375,-0.0008157025751115072,0.0008157025751115072,0
2019-08-20,11053.900390625,11017.0,-0.003338223551959618,0.003338223551959618,0.008863705053966154,0.007208696632158603,0.007383394241333008,0,11104.779296875,0.004602801224186104,0.004602801224186104,0
2019-08-21,11017.0,10918.7001953125,-0.008922556475220115,0.008922556475220115,0.008330442473303331,0.006840079594361643,0.006784364581108093,1,10925.6103515625,-0.008295329802804756,0.008295329802804756,0
2019-08-22,10918.7001953125,10741.349609375,-0.01624282952778924,0.01624282952778924,0.008423082855046182,0.007038412671498332,0.006910640001296997,1,10888.1201171875,-0.0028007068220563757,0.0028007068220563757,0
2019-08-23,10741.349609375,10829.349609375,0.008192639025844016,0.008192639025844016,0.009010983931021318,0.00791502119260296,0.007656016945838928,0,10717.580078125,-0.0022128998789178282,0.0022128998789178282,0
2019-08-26,10829.349609375,11057.849609375,0.021100066785376185,0.021100066785376185,0.009301497450724044,0.007941462833724338,0.007801994681358337,1,10728.466796875,-0.009315685257096645,0.009315685257096645,1
2019-08-27,11057.849609375,11105.349609375,0.004295591066795558,0.004295591066795558,0.010636090191196334,0.009194661063892334,0.008772048354148864,0,11032.5048828125,-0.002292012231836865,0.002292012231836865,0
2019-08-28,11105.349609375,11046.099609375,-0.0053352665232602745,0.0053352665232602745,0.010667058963194332,0.008728082633014288,0.00884396731853485,0,11077.8759765625,-0.002473909762310148,0.002473909762310148,0
2019-08-29,11046.099609375,10948.2998046875,-0.008853786236410158,0.008853786236410158,0.010571825216539524,0.00840495774972626,0.00868934988975525,0,11010.41796875,-0.0032302479505722024,0.0032302479505722024,0
2019-08-30,10948.2998046875,11023.25,0.006845829640179398,0.006845829640179398,0.010553939818454693,0.008447703977773861,0.008668199181556702,0,10917.017578125,-0.002857267988688669,0.002857267988688669,0
2019-09-03,11023.25,10797.900390625,-0.02044311880570612,0.02044311880570612,0.010657903950624782,0.008295144729512798,0.008863452076911926,1,10950.6396484375,-0.006587018489329372,0.006587018489329372,0
2019-09-04,10797.900390625,10844.650390625,0.00432954540315907,0.00432954540315907,0.01126908537595295,0.009452096799122884,0.009264993667602538,0,10761.5009765625,-0.003370971461646642,0.003370971461646642,0
2019-09-05,10844.650390625,10847.900390625,0.00029968693161464796,0.00029968693161464796,0.011316006342989657,0.00896423635989164,0.0094024658203125,0,10799.005859375,-0.004208944466246588,0.004208944466246588,0
2019-09-06,10847.900390625,10946.2001953125,0.009061643373168591,0.009061643373168591,0.010981041617938971,0.008139041673609642,0.008804804086685181,0,10841.1865234375,-0.0006189093691625593,0.0006189093691625593,0
2019-09-09,10946.2001953125,11003.0498046875,0.005193547382711377,0.005193547382711377,0.011028624616405311,0.00822691333757088,0.008863645792007446,0,10937.2265625,-0.0008197943261025671,0.0008197943261025671,0
2019-09-11,11003.0498046875,11035.7001953125,0.0029673946046386464,0.0029673946046386464,0.01089549167970952,0.007938025507122118,0.008699741959571839,0,10924.0517578125,-0.00717965003133453,0.00717965003133453,0
2019-09-12,11035.7001953125,10982.7998046875,-0.004793569024960451,0.004793569024960451,0.010283466983360627,0.007464628566967444,0.008033081889152527,0,10999.947265625,-0.003239751810463856,0.003239751810463856,0
2019-09-13,10982.7998046875,11075.900390625,0.008476944640087523,0.008476944640087523,0.010202784863537819,0.0072102434031392345,0.007922881841659546,0,11018.498046875,0.003250377210031986,0.003250377210031986,0
2019-09-16,11075.900390625,11003.5,-0.006536749886833763,0.006536749886833763,0.009654370417824623,0.007330884277121788,0.007519519329071045,0,11044.37890625,-0.002845952316588257,0.002845952316588257,0
2019-09-17,11003.5,10817.599609375,-0.01689465993774708,0.01689465993774708,0.009553953448516339,0.007255249791989002,0.007372474670410157,1,10979.1572265625,-0.0022122754975689553,0.0022122754975689553,0
2019-09-18,10817.599609375,10840.650390625,0.00213085916306453,0.00213085916306453,0.010251949845413829,0.008173286815452964,0.008133795857429505,0,10783.4150390625,-0.0031600883326162463,0.0031600883326162463,0
2019-09-19,10840.650390625,10704.7998046875,-0.012531589991591617,0.012531589991591617,0.010270608773570498,0.0075978181711927025,0.008212730288505554,1,10802.2099609375,-0.003545952346248829,0.003545952346248829,0
2019-09-20,10704.7998046875,11274.2001953125,0.05319112930777711,0.05319112930777711,0.010585283423110393,0.008067700111155493,0.008672398328781129,1,10634.3544921875,-0.006580722085914476,0.006580722085914476,0
2019-09-23,11274.2001953125,11600.2001953125,0.02891557665753902,0.02891557665753902,0.015989319316907762,0.012365174862241505,0.010885828733444214,1,11323.8046875,0.004399823608607214,0.004399823608607214,0
2019-09-24,11600.2001953125,11588.2001953125,-0.001034464905601289,0.001034464905601289,0.016499182168284117,0.01394139863562108,0.01151946485042572,0,11439.4052734375,-0.01386139197321571,0.01386139197321571,0
2019-09-25,11588.2001953125,11440.2001953125,-0.012771612287114865,0.012771612287114865,0.016504208861480033,0.012712164347474015,0.011161553859710693,0,11546.4814453125,-0.003600106081777522,0.003600106081777522,0
2019-09-26,11440.2001953125,11571.2001953125,0.011450848565890993,0.011450848565890993,0.016342279129963628,0.012717825499649109,0.010745131969451904,0,11380.740234375,-0.005197458079611499,0.005197458079611499,0
2019-09-27,11571.2001953125,11512.400390625,-0.005081564893442932,0.005081564893442932,0.016476963610869297,0.012597164664099613,0.011102896928787232,0,11474.953125,-0.008317812213765841,0.008317812213765841,0
2019-09-30,11512.400390625,11474.4501953125,-0.003296462425282249,0.003296462425282249,0.016470967692851612,0.01188139602850212,0.011090213060379028,0,11442.7080078125,-0.006053679549683943,0.006053679549683943,0
2019-10-01,11474.4501953125,11359.900390625,-0.009983032105041117,0.009983032105041117,0.016320936361064405,0.011063780680959343,0.010812345147132873,0,11397.0615234375,-0.006744433986616154,0.006744433986616154,0
2019-10-03,11359.900390625,11314.0,-0.004040562773145465,0.004040562773145465,0.016516321865798295,0.010960849486534249,0.010969203710556031,0,11372.9833984375,0.0011516833213869578,0.0011516833213869578,0
2019-10-04,11314.0,11174.75,-0.012307760296977197,0.012307760296977197,0.015752000816151003,0.010301772322548029,0.010149073600769044,0,11286.0888671875,-0.0024669553484620824,0.0024669553484620824,0
2019-10-07,11174.75,11126.400390625,-0.0043266837625002795,0.0043266837625002795,0.016083486709690793,0.010492819063226352,0.010547983646392822,0,11266.4609375,0.00820697890333117,0.00820697890333117,0
2019-10-09,11126.400390625,11313.2998046875,0.016797832857064866,0.016797832857064866,0.01613666886135042,0.0099055697395139,0.010749334096908569,1,11159.9814453125,0.0030181418525793012,0.0030181418525793012,0
2019-10-10,11313.2998046875,11234.5498046875,-0.006960833829169019,0.006960833829169019,0.016420478504879925,0.010561970811045965,0.011136138439178466,0,11253.291015625,-0.00530426932004721,0.00530426932004721,0
2019-10-11,11234.5498046875,11305.0498046875,0.006275284833450523,0.006275284833450523,0.016512008970598454,0.010219003041499154,0.011224499344825745,0,11326.6533203125,0.008198238222823203,0.008198238222823203,0
2019-10-14,11305.0498046875,11341.150390625,0.0031933150725732616,0.0031933150725732616,0.01654750472013635,0.00984341191480806,0.011389896273612976,0,11328.71484375,0.002093315772274403,0.002093315772274403,0
2019-10-15,11341.150390625,11428.2998046875,0.007684353972992089,0.007684353972992089,0.016488112349577273,0.00921006404094032,0.011309880018234252,0,11368.615234375,0.002421698223198188,0.002421698223198188,0
2019-10-16,11428.2998046875,11464.0,0.003123841334461404,0.003123841334461404,0.01647199471429112,0.009064757943111042,0.011270248889923095,0,11433.970703125,0.0004962154068774071,0.0004962154068774071,0
2019-10-17,11464.0,11586.349609375,0.010672506051552687,0.010672506051552687,0.016359200610189143,0.008498959989736488,0.01109960675239563,0,11417.697265625,-0.00403896845560014,0.00403896845560014,0
2019-10-18,11586.349609375,11661.849609375,0.006516288783389532,0.006516288783389532,0.015820224001050744,0.008705959044581851,0.01078849732875824,0,11580.03515625,-0.0005449907294261785,0.0005449907294261785,0
2019-10-22,11661.849609375,11588.349609375,-0.006302602285396744,0.006302602285396744,0.015829834527636092,0.008497423649356376,0.011007770895957947,0,11638.65234375,-0.0019891583584092563,0.0019891583584092563,0
2019-10-23,11588.349609375,11604.099609375,0.0013591236483975436,0.0013591236483975436,0.01555095426328497,0.008288392362612893,0.010696321725845337,0,11537.044921875,-0.004427264384437832,0.004427264384437832,0
2019-10-24,11604.099609375,11582.599609375,-0.0018527934715960265,0.0018527934715960265,0.010403886976907016,0.00762846024333247,0.00810471773147583,0,11609.474609375,0.0004631983678990066,0.0004631983678990066,0
2019-10-25,11582.599609375,11583.900390625,0.00011230477560038791,0.00011230477560038791,0.008170915840477612,0.007078398351857284,0.006751582026481628,0,11630.26953125,0.004115649636754756,0.004115649636754756,0
2019-10-29,11583.900390625,11786.849609375,0.01751993818198311,0.01751993818198311,0.008167624550113666,0.006414959951752479,0.006705474853515625,1,11562.1875,-0.001874402394082439,0.001874402394082439,0
2019-10-30,11786.849609375,11844.099609375,0.004857107869982885,0.004857107869982885,0.008474899678670949,0.00747257813412836,0.006942892074584961,0,11844.9423828125,0.004928609031483212,0.004928609031483212,0
2019-10-31,11844.099609375,11877.4501953125,0.002815797488827424,0.002815797488827424,0.008192086142241253,0.007223481482635853,0.006613200902938843,0,11825.7529296875,-0.0015490143018535567,0.0015490143018535567,0
2019-11-01,11877.4501953125,11890.599609375,0.0011070906504570726,0.0011070906504570726,0.008062784068512931,0.006803706353668533,0.006499913334846496,0,11815.6328125,-0.005204600465249399,0.005204600465249399,0
2019-11-04,11890.599609375,11941.2998046875,0.004263888868356651,0.004263888868356651,0.007981961792710416,0.006261172098277064,0.006390446424484253,0,11775.857421875,-0.009649823496666468,0.009649823496666468,1
2019-11-05,11941.2998046875,11917.2001953125,-0.0020181730439043006,0.0020181730439043006,0.007494679890583508,0.006070953600217567,0.006104490160942078,0,11786.9306640625,-0.012927331458875452,0.012927331458875452,1
2019-11-06,11917.2001953125,11966.0498046875,0.004099084396871545,0.004099084396871545,0.007414645017576239,0.005684972654239699,0.006003370881080628,0,11889.7080078125,-0.0023069334281061882,0.0023069334281061882,0
2019-11-07,11966.0498046875,12012.0498046875,0.003844209304726466,0.003844209304726466,0.006530252590505097,0.0055339400805495525,0.005592939257621765,0,11871.5966796875,-0.007893425695336782,0.007893425695336782,1
2019-11-08,12012.0498046875,11908.150390625,-0.008649599006986718,0.008649599006986718,0.0062686843870578225,0.00537301827949089,0.0055688172578811646,1,11960.0322265625,-0.004330449754271,0.004330449754271,0
2019-11-11,11908.150390625,11913.4501953125,0.00044505691594829105,0.00044505691594829105,0.006083289188562779,0.005685072503465623,0.005161407589912415,0,11860.2900390625,-0.004019125556239137,0.004019125556239137,0
2019-11-13,11913.4501953125,11840.4501953125,-0.0061275280295143035,0.0061275280295143035,0.005684077342562238,0.005186018767696808,0.0048356175422668455,1,11820.1025390625,-0.007835484659744398,0.007835484659744398,1
2019-11-14,11840.4501953125,11872.099609375,0.002672990768123804,0.002672990768123804,0.005971865867066324,0.00527568710380611,0.004828229546546936,0,11815.8994140625,-0.0020734668737274345,0.0020734668737274345,0
2019-11-15,11872.099609375,11895.4501953125,0.0019668455206575948,0.0019668455206575948,0.005969054703236286,0.0050278149891195435,0.004802218079566956,0,11803.9892578125,-0.005737009779526743,0.005737009779526743,0
2019-11-18,11895.4501953125,11884.5,-0.000920536434746708,0.000920536434746708,0.005833342004177519,0.0047362929966603805,0.004516342282295227,0,11855.6884765625,-0.003342598901020865,0.003342598901020865,0
2019-11-19,11884.5,11940.099609375,0.004678329704657327,0.004678329704657327,0.005863133399203463,0.004372887390684262,0.004406175017356873,0,11823.3525390625,-0.005145143753418318,0.005145143753418318,0
2019-11-20,11940.099609375,11999.099609375,0.00494133231130459,0.00494133231130459,0.00553052262997546,0.004401980836182942,0.004106470942497253,0,11924.76171875,-0.0012845697378401398,0.0012845697378401398,0
2019-11-21,11999.099609375,11968.400390625,-0.0025584601969646484,0.0025584601969646484,0.005466467442602443,0.00445334878141975,0.004027721285820007,0,12019.4921875,0.001699509028916395,0.001699509028916395,0
2019-11-22,11968.400390625,11914.400390625,-0.0045118811401312145,0.0045118811401312145,0.005247042411840478,0.004272884113888238,0.0038405150175094605,0,11945.2841796875,-0.001931436965929651,0.001931436965929651,0
2019-11-25,11914.400390625,12073.75,0.013374538722098537,0.013374538722098537,0.005424107472860444,0.004295646845476286,0.0039981544017791745,1,11879.2880859375,-0.0029470475673394835,0.0029470475673394835,0
2019-11-26,12073.75,12037.7001953125,-0.0029858001604720985,0.0029858001604720985,0.005992170084683507,0.005160305910846198,0.004574242234230042,0,12080.3046875,0.000542887462470235,0.000542887462470235,0
2019-11-27,12037.7001953125,12100.7001953125,0.005233557820665139,0.005233557820665139,0.006085457532920782,0.0049532077736926215,0.004717916250228882,0,12110.138671875,0.006017634214773655,0.006017634214773655,0
2019-11-28,12100.7001953125,12151.150390625,0.0041691963686566755,0.0041691963686566755,0.004942859989061938,0.004979904769517933,0.0041035950183868405,0,12068.09765625,-0.002694268805629065,0.002694268805629065,0
2019-11-29,12151.150390625,12056.0498046875,-0.007826467690735943,0.007826467690735943,0.004919338055676217,0.004902697238397084,0.00406920313835144,1,12225.3974609375,0.00611029144777798,0.00611029144777798,1
2019-12-02,12056.0498046875,12048.2001953125,-0.000651092978393968,0.000651092978393968,0.005306198441937192,0.005181149643014261,0.004319733381271363,0,11993.68359375,-0.005173022005371233,0.005173022005371233,0
2019-12-03,12048.2001953125,11994.2001953125,-0.00448199723814428,0.00448199723814428,0.00531470127161452,0.004749718356967795,0.004296934604644776,0,12078.74609375,0.0025353080080279754,0.0025353080080279754,0
2019-12-04,11994.2001953125,12043.2001953125,0.004085307832292968,0.004085307832292968,0.00536318827196711,0.004724218633817099,0.004307839274406433,0,11955.951171875,-0.0031889598985056335,0.0031889598985056335,0
2019-12-05,12043.2001953125,12018.400390625,-0.0020592371035360415,0.0020592371035360415,0.005401760330703146,0.004663369464206449,0.0044111967086791996,0,12025.2412109375,-0.0014912136378825674,0.0014912136378825674,0
2019-12-06,12018.400390625,11921.5,-0.008062669529681132,0.008062669529681132,0.005363580246472287,0.004415355350253472,0.0043092012405395504,1,11985.0146484375,-0.002777885667176031,0.002777885667176031,0
2019-12-09,11921.5,11937.5,0.001342112989137273,0.001342112989137273,0.005597249308003016,0.004762717763955267,0.004520121216773987,0,11933.3017578125,0.0009899557784255337,0.0009899557784255337,0
2019-12-10,11937.5,11856.7998046875,-0.006760225785340314,0.006760225785340314,0.00525412540125642,0.004436940660889308,0.0041547447443008425,1,11927.12109375,-0.0008694371727748691,0.0008694371727748691,0
2019-12-11,11856.7998046875,11910.150390625,0.004499577189150839,0.004499577189150839,0.005474247432743866,0.004658207226627018,0.004470506310462951,0,11846.236328125,-0.0008909213899625602,0.0008909213899625602,0
2019-12-12,11910.150390625,11971.7998046875,0.005176207859728366,0.005176207859728366,0.00538612009295634,0.00464309745590961,0.0043891072273254395,0,11883.271484375,-0.0022568066202721974,0.0022568066202721974,0
2019-12-13,11971.7998046875,12086.7001953125,0.009597587037832967,0.009597587037832967,0.005472379079611821,0.0046938678469262635,0.004514265060424805,1,11984.4892578125,0.0010599453158272414,0.0010599453158272414,0
2019-12-16,12086.7001953125,12053.9501953125,-0.0027095898360001685,0.0027095898360001685,0.005838732546344873,0.005160884233098372,0.004895800352096557,0,12077.396484375,-0.0007697478043765984,0.0007697478043765984,0
2019-12-17,12053.9501953125,12165.0,0.009212731336046559,0.009212731336046559,0.0058802610336854974,0.004927425501074192,0.004985252022743225,1,12071.96875,0.001494825712363321,0.001494825712363321,0
2019-12-18,12165.0,12221.650390625,0.004656834412248253,0.004656834412248253,0.006123126034218055,0.005335549959549362,0.005211970210075379,0,12127.3779296875,-0.0030926486076859844,0.0030926486076859844,0
2019-12-19,12221.650390625,12259.7001953125,0.003113311498149816,0.003113311498149816,0.006113690010191305,0.005270906314545777,0.005197742581367492,0,12179.326171875,-0.0034630526481485772,0.0034630526481485772,0
2019-12-20,12259.7001953125,12271.7998046875,0.000986941701855506,0.000986941701855506,0.006074434123304285,0.00506541712324696,0.00522548258304596,0,12322.146484375,0.005093622851101723,0.005093622851101723,0
2019-12-23,12271.7998046875,12262.75,-0.0007374472230261788,0.0007374472230261788,0.0059238927397557714,0.004676990131336861,0.0050492346286773685,0,12310.1591796875,0.00312581492613233,0.00312581492613233,0
2019-12-24,12262.75,12214.5498046875,-0.003930618769240179,0.003930618769240179,0.005234877363164951,0.004301793801224887,0.004417377710342407,0,12247.55859375,-0.0012388254062098633,0.0012388254062098633,0
2019-12-26,12214.5498046875,12126.5498046875,-0.007204522590446093,0.007204522590446093,0.005274855792314448,0.004266444705842815,0.0044646203517913815,1,12201.9462890625,-0.0010318444663562818,0.0010318444663562818,0
2019-12-27,12126.5498046875,12245.7998046875,0.009833794601157214,0.009833794601157214,0.005447903916613936,0.004546262602742644,0.004563170671463013,1,12096.466796875,-0.0024807557217034195,0.0024807557217034195,0
2019-12-30,12245.7998046875,12255.849609375,0.0008206736062803422,0.0008206736062803422,0.005804998297436218,0.005049838803778873,0.004846400022506714,0,12236.955078125,-0.0007222661405190028,0.0007222661405190028,0
