date,curr_close,real_close,real_return,abs_real_return,roll_std,ewma_abs,roll_abs,real_high_vol,pred_close,pred_return,abs_pred_return,pred_high_vol
2022-01-03,17354.05078125,17625.69921875,0.01565331581220793,0.01565331581220793,0.010467518146326531,0.007319509274721311,0.00814095139503479,1,17345.375,-0.0004999283083447962,0.0004999283083447962,0
2022-01-04,17625.69921875,17805.25,0.010186874235264159,0.010186874235264159,0.010179235828944793,0.008113210468644338,0.008096572756767274,1,17612.896484375,-0.0007263674601561685,0.0007263674601561685,0
2022-01-05,17805.25,17925.25,0.006739585234692015,0.006739585234692015,0.009866436089438789,0.008310705722037492,0.007824090123176575,0,17811.017578125,0.0003239257030931888,0.0003239257030931888,0
2022-01-06,17925.25,17745.900390625,-0.010005417462796892,0.010005417462796892,0.009281242770276869,0.008161078166990394,0.007308021187782288,1,17888.0546875,-0.0020750233609015214,0.0020750233609015214,0
2022-01-07,17745.900390625,17812.69921875,0.0037641836511315718,0.0037641836511315718,0.009611447981817118,0.008336729244984775,0.007673490047454834,0,17770.646484375,0.001394468198585919,0.001394468198585919,0
2022-01-10,17812.69921875,18003.30078125,0.010700318921871708,0.010700318921871708,0.009632160164134393,0.007901245748020078,0.007845857739448547,1,17870.12109375,0.00322364815656667,0.00322364815656667,0
2022-01-11,18003.30078125,18055.75,0.002913311252602333,0.002913311252602333,0.009621436659439986,0.008167826632910324,0.007972422242164611,0,17933.712890625,-0.003865285120241622,0.003865285120241622,0
2022-01-12,18055.75,18212.349609375,0.00867311573183058,0.00867311573183058,0.009568984060450005,0.007667400841902821,0.007993295788764954,0,17957.103515625,-0.005463438759121055,0.005463438759121055,0
2022-01-13,18212.349609375,18257.80078125,0.002495623730592319,0.002495623730592319,0.00947763656123658,0.007763179034223229,0.008128246665000916,0,18100.41015625,-0.006146348797706913,0.006146348797706913,0
2022-01-14,18257.80078125,18255.75,-0.00011232356375068276,0.00011232356375068276,0.009473330310710886,0.007261509266844407,0.008174636960029602,0,18107.044921875,-0.008257065633546619,0.008257065633546619,0
2022-01-17,18255.75,18308.099609375,0.002867568266162716,0.002867568266162716,0.008501576134474444,0.006580631731978924,0.0074172794818878176,0,18091.169921875,-0.00901524605261356,0.00901524605261356,1
2022-01-18,18308.099609375,18113.05078125,-0.010653690567923372,0.010653690567923372,0.006041855575132965,0.006227007706089887,0.006468531489372253,1,18131.3515625,-0.009654090301349076,0.009654090301349076,1
2022-01-19,18113.05078125,17938.400390625,-0.009642240433941256,0.009642240433941256,0.006860074224258101,0.006648595029558331,0.006529778242111206,1,18059.599609375,-0.002950975653992578,0.002950975653992578,0
2022-01-20,17938.400390625,17757.0,-0.010112406160797024,0.010112406160797024,0.007272356622989432,0.006933704396773247,0.006461530923843384,1,17868.66796875,-0.0038873266487821113,0.0038873266487821113,0
2022-01-21,17757.0,17617.150390625,-0.007875745304668582,0.007875745304668582,0.007752103734138738,0.007236437770728482,0.006621688604354858,1,17770.548828125,0.0007630133538886073,0.0007630133538886073,0
2022-01-24,17617.150390625,17149.099609375,-0.02656790518738343,0.02656790518738343,0.00795438390431033,0.007297323747621645,0.006813839077949524,1,17590.791015625,-0.0014962337503815141,0.0014962337503815141,0
2022-01-25,17149.099609375,17277.94921875,0.007513491221694288,0.007513491221694288,0.010126722811097177,0.009132614470606131,0.007899641990661621,0,17240.416015625,0.0053248513525502835,0.0053248513525502835,0
2022-01-27,17277.94921875,17110.150390625,-0.009711732914627682,0.009711732914627682,0.010082139008391696,0.008978415292625226,0.007845145463943482,0,17174.37890625,-0.005994363751665949,0.005994363751665949,0
2022-01-28,17110.150390625,17101.94921875,-0.00047931617710932507,0.00047931617710932507,0.010320491428433701,0.009048255969625019,0.008273720741271973,0,17115.49609375,0.00031242876321700946,0.00031242876321700946,0
2022-01-31,17101.94921875,17339.849609375,0.013910717870929826,0.013910717870929826,0.010320378844067777,0.008232168787116322,0.00826965570449829,1,17310.64453125,0.012203013225603167,0.012203013225603167,1
2022-02-01,17339.849609375,17576.849609375,0.01366793861187026,0.01366793861187026,0.01061848569536549,0.008772987989891888,0.008528953790664673,1,17411.8359375,0.004151496682305694,0.004151496682305694,0
2022-02-02,17576.849609375,17780.0,0.011557838585399586,0.011557838585399586,0.010472849975685861,0.009239173999754073,0.00842968225479126,1,17615.04296875,0.002172935436315546,0.002172935436315546,0
2022-02-03,17780.0,17560.19921875,-0.012362248664229471,0.012362248664229471,0.010547845977587232,0.009459997186359061,0.00849822759628296,1,17903.5859375,0.00695084012935883,0.00695084012935883,0
2022-02-04,17560.19921875,17516.30078125,-0.002499882658115131,0.002499882658115131,0.010766323747700797,0.009736401430038686,0.008779358863830567,0,17648.107421875,0.005006105114749241,0.005006105114749241,0
2022-02-07,17516.30078125,17213.599609375,-0.017281112927623445,0.017281112927623445,0.01056381630547344,0.009047208761132587,0.00840408205986023,1,17633.525390625,0.006692315394611225,0.006692315394611225,0
2022-02-08,17213.599609375,17266.75,0.0030876976246184346,0.0030876976246184346,0.011138971677206238,0.009831390312937506,0.009079930186271668,0,17221.740234375,0.00047291822656118893,0.00047291822656118893,0
2022-02-09,17266.75,17463.80078125,0.011412152330345897,0.011412152330345897,0.010820241253742414,0.009189128360148674,0.008699294924736024,1,17399.216796875,0.0076717851868475535,0.0076717851868475535,0
2022-02-10,17463.80078125,17605.849609375,0.008133901085124072,0.008133901085124072,0.011185345936909804,0.009400844107494076,0.009124234318733215,0,17530.5390625,0.00382152098995847,0.00382152098995847,0
2022-02-11,17605.849609375,17374.75,-0.013126296912813624,0.013126296912813624,0.011159888907910469,0.00928018164436406,0.009097275137901307,1,17603.25,-0.00014765600256040612,0.00014765600256040612,0
2022-02-14,17374.75,16842.80078125,-0.030616222895293456,0.030616222895293456,0.01139986302205551,0.009646479934078992,0.009628808498382569,1,17218.912109375,-0.008969216283687536,0.008969216283687536,0
2022-02-15,16842.80078125,17352.44921875,0.030259126383977576,0.030259126383977576,0.013003528661303523,0.011643598398652736,0.01115400493144989,1,16991.263671875,0.008814620118898166,0.008814620118898166,0
2022-02-16,17352.44921875,17322.19921875,-0.0017432697608654399,0.0017432697608654399,0.015041004308742584,0.01341650639737666,0.012523582577705384,0,17406.044921875,0.003088653506450706,0.003088653506450706,0
2022-02-17,17322.19921875,17304.599609375,-0.0010160147191904897,0.0010160147191904897,0.014920420137741872,0.01230476836388801,0.012078061699867249,0,17465.0859375,0.008248763159087543,0.008248763159087543,0
2022-02-18,17304.599609375,17276.30078125,-0.0016353356196504385,0.0016353356196504385,0.014815956885072182,0.011229649545883562,0.011646750569343566,0,17255.236328125,-0.00285261042522225,0.00285261042522225,0
2022-02-21,17276.30078125,17206.650390625,-0.004031556958107125,0.004031556958107125,0.014683061875146699,0.010315903211423947,0.011222895979881287,0,17225.5625,-0.0029368718391998795,0.0029368718391998795,0
2022-02-22,17206.650390625,17092.19921875,-0.006651566067580383,0.006651566067580383,0.014617031388562107,0.00971739233065194,0.011030685901641846,0,17179.19921875,-0.0015953815095793833,0.0015953815095793833,0
2022-02-23,17092.19921875,17063.25,-0.0016937094155936908,0.0016937094155936908,0.013418229674408422,0.009425410235705062,0.010034871101379395,0,17086.857421875,-0.0003125283532349713,0.0003125283532349713,0
2022-02-24,17063.25,16247.9501953125,-0.047781038470836444,0.047781038470836444,0.01330140856953917,0.008689059316679579,0.009743881225585938,1,17092.77734375,0.001730464228678593,0.001730464228678593,0
2022-02-25,16247.9501953125,16658.400390625,0.02526166010964965,0.02526166010964965,0.016915707605125146,0.012412106067970167,0.01164734661579132,1,16230.7822265625,-0.0010566236690553695,0.0010566236690553695,0
2022-02-28,16658.400390625,16793.900390625,0.008134034290366594,0.008134034290366594,0.018016536432787767,0.01363587125661168,0.01288646161556244,0,16867.78515625,0.012569320025639279,0.012569320025639279,0
2022-03-02,16793.900390625,16605.94921875,-0.011191633122935609,0.011191633122935609,0.01780734394917179,0.013111884227783756,0.012597623467445373,0,16903.25390625,0.006511501978780661,0.006511501978780661,0
2022-03-03,16605.94921875,16498.05078125,-0.006497577228417056,0.006497577228417056,0.017562765914318282,0.01292900063671925,0.012473806738853455,0,16648.19921875,0.002544268890831905,0.002544268890831905,0
2022-03-04,16498.05078125,16245.349609375,-0.015317032007332306,0.015317032007332306,0.017253208996352815,0.012316482664804096,0.012220793962478637,0,16648.658203125,0.009128800963939632,0.009128800963939632,0
2022-03-07,16245.349609375,15863.150390625,-0.023526684739947814,0.023526684739947814,0.017344670011721682,0.012602248392008044,0.012368533015251159,1,16375.4296875,0.008007219373717407,0.008007219373717407,0
2022-03-08,15863.150390625,16013.4501953125,0.009474776509483642,0.009474776509483642,0.01789412600343075,0.013642669359300991,0.013419872522354126,0,15903.048828125,0.0025151648012856054,0.0025151648012856054,0
2022-03-09,16013.4501953125,16345.349609375,0.020726290088294307,0.020726290088294307,0.01791134831337284,0.013245725071129096,0.013029554486274719,1,16022.658203125,0.000575017107506001,0.000575017107506001,0
2022-03-10,16345.349609375,16594.900390625,0.015267387190474546,0.015267387190474546,0.0186686105242208,0.013958162981283143,0.013911488652229308,0,16494.005859375,0.009094712169064715,0.009094712169064715,0
2022-03-11,16594.900390625,16630.44921875,0.00214215375134657,0.00214215375134657,0.0188397141318866,0.014082849567003572,0.014104250073432922,0,16639.15234375,0.0026665995024591632,0.0026665995024591632,0
2022-03-14,16630.44921875,16871.30078125,0.014482565042708041,0.014482565042708041,0.018710948951365373,0.012945643982834425,0.013804665207862854,0,16726.185546875,0.00575668924307,0.00575668924307,0
2022-03-15,16871.30078125,16663.0,-0.012346456503312184,0.012346456503312184,0.01891686281569385,0.013092022401443993,0.013872480392456055,0,16885.53515625,0.0008437034692558762,0.0008437034692558762,0
2022-03-16,16663.0,16975.349609375,0.018745100484606612,0.018745100484606612,0.017836855905808073,0.013021015174080722,0.012958991527557372,1,16799.775390625,0.008208329269939387,0.008208329269939387,0
2022-03-17,16975.349609375,17287.05078125,0.018361988356508215,0.018361988356508215,0.0169600175160077,0.013566162751350426,0.012383288145065308,1,16952.7890625,-0.001329018099429331,0.001329018099429331,0
2022-03-21,17287.05078125,17117.599609375,-0.00980220247046369,0.00980220247046369,0.017498442174927336,0.01402291346913476,0.013214227557182313,0,17259.76171875,-0.0015785840422010242,0.0015785840422010242,0
2022-03-22,17117.599609375,17315.5,0.011561223252155842,0.011561223252155842,0.01763624082650388,0.013620942877016411,0.013653537631034851,0,17075.8671875,-0.0024379832936473117,0.0024379832936473117,0
2022-03-23,17315.5,17245.650390625,-0.004033935455227975,0.004033935455227975,0.0178331172792248,0.013424783986681841,0.014149835705757141,0,17209.01171875,-0.006149881969911351,0.006149881969911351,0
2022-03-24,17245.650390625,17222.75,-0.0013278937068937106,0.0013278937068937106,0.017833147526226976,0.01253041628786537,0.014149954915046692,0,17356.359375,0.006419530830520785,0.006419530830520785,0
2022-03-25,17222.75,17153.0,-0.004049875890900117,0.004049875890900117,0.01776405994055397,0.01146350733438354,0.013883769512176514,0,17165.65234375,-0.0033152461860039774,0.0033152461860039774,0
2022-03-28,17153.0,17222.0,0.004022619949862998,0.004022619949862998,0.017787394776030075,0.010757449225766887,0.014001578092575073,0,17196.966796875,0.0025632132498688274,0.0025632132498688274,0
2022-03-29,17222.0,17325.30078125,0.005998187274997097,0.005998187274997097,0.013702668627912582,0.010116034848703522,0.011813655495643616,0,17123.4921875,-0.005719882272674486,0.005719882272674486,0
2022-03-30,17325.30078125,17498.25,0.009982465582194754,0.009982465582194754,0.012695876689231583,0.00972385387387815,0.010850480198860169,0,17414.8125,0.005166531876137612,0.005166531876137612,0
2022-03-31,17498.25,17464.75,-0.0019144771620019144,0.0019144771620019144,0.012749181897890177,0.009748483666622409,0.01094290316104889,0,17445.849609375,-0.0029946074964639323,0.0029946074964639323,0
2022-04-01,17464.75,17670.44921875,0.011777965258592307,0.011777965258592307,0.012402916155879327,0.009002390097437946,0.010479047894477844,0,17508.869140625,0.002526182202722627,0.002526182202722627,0
2022-04-04,17670.44921875,18053.400390625,0.021671841339984326,0.021671841339984326,0.012370759567799147,0.00926673361357783,0.010743069648742675,1,17690.4765625,0.0011333805667344955,0.0011333805667344955,0
2022-04-05,18053.400390625,17957.400390625,-0.005317557796472076,0.005317557796472076,0.012171097866518335,0.010448177194424074,0.011060813069343567,0,18097.046875,0.0024176323258008115,0.0024176323258008115,0
2022-04-06,17957.400390625,17807.650390625,-0.00833918032357177,0.00833918032357177,0.01045679103761141,0.009959547821525753,0.010150358080863953,0,17931.935546875,-0.0014180696089671422,0.0014180696089671422,0
2022-04-07,17807.650390625,17639.55078125,-0.00943974110495215,0.00943974110495215,0.010918056822888616,0.009805225804355238,0.010093578696250915,0,17821.525390625,0.0007791595014300495,0.0007791595014300495,0
2022-04-08,17639.55078125,17784.349609375,0.008208759390795498,0.008208759390795498,0.010769148915314443,0.009770420147465495,0.009529250860214233,0,17750.86328125,0.006310393126242187,0.006310393126242187,0
2022-04-11,17784.349609375,17674.94921875,-0.00615149797591303,0.00615149797591303,0.010488038593188111,0.009621689817084667,0.00917631983757019,0,17761.033203125,-0.001311063196694513,0.001311063196694513,0
2022-04-12,17674.94921875,17530.30078125,-0.008183810641252284,0.008183810641252284,0.010707023793986461,0.009291195297747478,0.009376785159111023,0,17737.22265625,0.003523259768912879,0.003523259768912879,0
2022-04-13,17530.30078125,17475.650390625,-0.003117481628350198,0.003117481628350198,0.010638666700231154,0.00918573259671921,0.009061846137046813,0,17480.595703125,-0.002835380792676609,0.002835380792676609,0
2022-04-18,17475.650390625,17173.650390625,-0.0172811880101476,0.0172811880101476,0.010175008094257115,0.0086078058480495,0.008600398898124695,1,17604.62890625,0.007380470125117169,0.007380470125117169,0
2022-04-19,17173.650390625,16958.650390625,-0.012519178806467803,0.012519178806467803,0.010323016204539823,0.009433840972971359,0.008527204394340515,1,17280.7890625,0.006238549722281898,0.006238549722281898,0
2022-04-20,16958.650390625,17136.55078125,0.010490244596547968,0.010490244596547968,0.009829072425271942,0.009727682858849203,0.008235061168670654,1,17142.609375,0.0108475014306973,0.0108475014306973,1
2022-04-21,17136.55078125,17392.599609375,0.014941678252146078,0.014941678252146078,0.009910175775535773,0.009800312898118727,0.00826946496963501,1,17182.916015625,0.0027056339964125473,0.0027056339964125473,0
2022-04-22,17392.599609375,17171.94921875,-0.012686452605168035,0.012686452605168035,0.010142020627826393,0.010289968084230746,0.008438485860824584,1,17321.615234375,-0.004081297597498756,0.004081297597498756,0
2022-04-25,17171.94921875,16953.94921875,-0.01269512256430193,0.01269512256430193,0.010513071203538137,0.010518202686487671,0.008871111273765563,1,17137.388671875,-0.002012616414988197,0.002012616414988197,0
2022-04-26,16953.94921875,17200.80078125,0.014560121616207138,0.014560121616207138,0.010880291899446616,0.010725529448352243,0.00943947434425354,1,17032.966796875,0.004660718107944522,0.004660718107944522,0
2022-04-27,17200.80078125,17038.400390625,-0.009441443610115353,0.009441443610115353,0.011366355299109971,0.011090726969122779,0.00996498465538025,0,17193.8984375,-0.00040128037280241086,0.00040128037280241086,0
2022-04-28,17038.400390625,17245.05078125,0.012128508890934666,0.012128508890934666,0.011525666178159933,0.010933651575593624,0.010235926508903504,1,17003.099609375,-0.0020718365832876817,0.0020718365832876817,0
2022-04-29,17245.05078125,17102.55078125,-0.008263240381694657,0.008263240381694657,0.01178540258478247,0.011047444028221472,0.01054244339466095,0,17230.052734375,-0.0008697015198880657,0.0008697015198880657,0
2022-05-02,17102.55078125,17069.099609375,-0.001955917120367416,0.001955917120367416,0.01166401795460052,0.010782280818275761,0.010456481575965881,0,17211.779296875,0.00638667980128147,0.00638667980128147,0
2022-05-04,17069.099609375,16677.599609375,-0.022936183451936345,0.022936183451936345,0.011664177888184638,0.00994167563732611,0.010458552837371826,1,17106.267578125,0.00217750025488081,0.00217750025488081,0
2022-05-05,16677.599609375,16682.650390625,0.0003028482136698376,0.0003028482136698376,0.01221964380447565,0.011179246084513548,0.011016461253166198,0,16701.169921875,0.0014132916637925755,0.0014132916637925755,0
2022-05-06,16682.650390625,16411.25,-0.016268421639856246,0.016268421639856246,0.010819810725416617,0.01014339327603216,0.00994800627231598,1,16761.2109375,0.004709116659253854,0.004709116659253854,0
2022-05-09,16411.25,16301.849609375,-0.00666618268718105,0.00666618268718105,0.011167630219096102,0.01072673031072913,0.010495549440383911,0,16444.484375,0.0020250971132607207,0.0020250971132607207,0
2022-05-10,16301.849609375,16240.0498046875,-0.0037909688880922855,0.0037909688880922855,0.01114306520954028,0.010340011564152993,0.010411900281906129,0,16235.67578125,-0.004059283437809672,0.004059283437809672,0
2022-05-11,16240.0498046875,16167.099609375,-0.00449199332451824,0.00449199332451824,0.011078634440696178,0.00971629375966265,0.0101294606924057,0,16262.5751953125,0.0013870271887034674,0.0013870271887034674,0
2022-05-12,16167.099609375,15808.0,-0.02221175214178583,0.02221175214178583,0.010695367506260165,0.009218740529619327,0.009943622350692748,1,16041.84765625,-0.007747336018908965,0.007747336018908965,0
2022-05-13,15808.0,15782.150390625,-0.0016352232651189271,0.0016352232651189271,0.011390307090001208,0.010456168143959782,0.010746634006500244,0,15825.400390625,0.0011007332126138664,0.0011007332126138664,0
2022-05-16,15782.150390625,15842.2998046875,0.0038112305721171107,0.0038112305721171107,0.011403343510410597,0.009616075351655809,0.010419201850891114,0,15846.4970703125,0.004077180745009474,0.004077180745009474,0
2022-05-17,15842.2998046875,16259.2998046875,0.026321935902047247,0.026321935902047247,0.011573184341970412,0.009063233908281733,0.010453888773918152,1,15888.115234375,0.002891968353858819,0.002891968353858819,0
2022-05-18,16259.2998046875,16240.2998046875,-0.0011685620062508698,0.0011685620062508698,0.0131092931046386,0.010706915247490208,0.010905924439430236,0,16225.22265625,-0.0020958558392333523,0.0020958558392333523,0
2022-05-19,16240.2998046875,15809.400390625,-0.02653272533417935,0.02653272533417935,0.012903643173188864,0.00979849942018843,0.010338392853736878,1,16058.98828125,-0.01116429657198615,0.01116429657198615,0
2022-05-20,15809.400390625,16266.150390625,0.028891038794289343,0.028891038794289343,0.01363964883805227,0.0113922337228887,0.01114051342010498,1,15894.5859375,0.0053882844870900455,0.0053882844870900455,0
2022-05-23,16266.150390625,16214.7001953125,-0.0031630222318707523,0.0031630222318707523,0.014949428286270591,0.013058791137696361,0.011837983131408691,0,16340.6083984375,0.00457748182725606,0.00457748182725606,0
2022-05-24,16214.7001953125,16125.150390625,-0.0055227542667355585,0.0055227542667355585,0.014783331169671603,0.012116338618324864,0.011361813545227051,0,16251.67578125,0.0022803743203460066,0.0022803743203460066,0
2022-05-25,16125.150390625,16025.7998046875,-0.006161219184365649,0.006161219184365649,0.014615687329201382,0.011488375699085219,0.011003193259239197,0,16074.490234375,-0.0031416858151880125,0.0031416858151880125,0
2022-05-26,16025.7998046875,16170.150390625,0.009007387318995329,0.009007387318995329,0.014074450933273946,0.010981026863090682,0.010583248734474183,0,16019.00390625,-0.0004240598609944085,0.0004240598609944085,0
2022-05-27,16170.150390625,16352.4501953125,0.0112738471989223,0.0112738471989223,0.01426355207754465,0.010793056181764663,0.010561543703079223,0,16132.06640625,-0.0023552028555702256,0.0023552028555702256,0
2022-05-30,16352.4501953125,16661.400390625,0.018893205092962884,0.018893205092962884,0.01421858286852656,0.010838847110301026,0.010518813133239746,1,16389.58984375,0.00227119777121512,0.00227119777121512,0
2022-05-31,16661.400390625,16584.55078125,-0.004612433983534876,0.004612433983534876,0.014924240118882605,0.011605932326684188,0.011050313711166382,0,16735.921875,0.004472702331607827,0.004472702331607827,0
2022-06-01,16584.55078125,16522.75,-0.0037264067061659654,0.0037264067061659654,0.014943129959595196,0.010939885993790343,0.011183139681816102,0,16594.119140625,0.0005769441392297284,0.0005769441392297284,0
2022-06-02,16522.75,16628.0,0.006370004993115553,0.006370004993115553,0.014073540600902431,0.01025288949787818,0.010222652554512024,0,16538.560546875,0.0009568956060583135,0.0009568956060583135,0
2022-06-03,16628.0,16584.30078125,-0.0026280502014674042,0.0026280502014674042,0.014154022167629442,0.009883085582570353,0.010526010394096374,0,16545.552734375,-0.004958339284640366,0.004958339284640366,0
2022-06-06,16584.30078125,16569.55078125,-0.0008893953501299351,0.0008893953501299351,0.01365210340825724,0.00919212775497239,0.009843990206718445,0,16573.4609375,-0.0006536207882972908,0.0006536207882972908,0
2022-06-07,16569.55078125,16416.349609375,-0.009245946006476017,0.009245946006476017,0.013550727949706114,0.008401393731578674,0.00955515205860138,0,16566.28515625,-0.0001970859103612731,0.0001970859103612731,0
2022-06-08,16416.349609375,16356.25,-0.00366096061579235,0.00366096061579235,0.01370418267477499,0.008481825957352456,0.009827899932861327,0,16331.6630859375,-0.005158669585663397,0.005158669585663397,0
2022-06-09,16356.25,16478.099609375,0.0074497277416889565,0.0074497277416889565,0.013689090520617774,0.008022697474437866,0.009786349534988404,0,16422.13671875,0.00402822888803974,0.00402822888803974,0
2022-06-10,16478.099609375,16201.7998046875,-0.01676769841410006,0.01676769841410006,0.012646621575659165,0.007968130679910162,0.009048250317573548,1,16546.826171875,0.004170782076162407,0.004170782076162407,0
2022-06-13,16201.7998046875,15774.400390625,-0.026379749115209097,0.026379749115209097,0.013319976153172595,0.00880618305753672,0.009804874658584595,1,16182.138671875,-0.0012135153532024045,0.0012135153532024045,0
2022-06-14,15774.400390625,15732.099609375,-0.0026816094559854137,0.0026816094559854137,0.014673923067639273,0.010479857440632996,0.010933300852775574,0,15952.9873046875,0.011321312356737015,0.011321312356737015,0
2022-06-15,15732.099609375,15692.150390625,-0.0025393443813560425,0.0025393443813560425,0.013292091900230818,0.009737167490900788,0.00975128710269928,0,15916.3671875,0.011712840796863001,0.011712840796863001,0
2022-06-16,15692.150390625,15360.599609375,-0.021128447854290206,0.021128447854290206,0.013293486270086825,0.009051659794754615,0.009819826483726502,1,15636.015625,-0.003577251315316015,0.003577251315316015,0
2022-06-17,15360.599609375,15293.5,-0.00436829362663989,0.00436829362663989,0.012806696826966191,0.010201832734877618,0.009549614787101746,0,15448.404296875,0.005716227864334825,0.005716227864334825,0
2022-06-20,15293.5,15350.150390625,0.0037042135956452085,0.0037042135956452085,0.010649333541391578,0.009646258684536781,0.00832347571849823,0,15247.220703125,-0.003026076233367117,0.003026076233367117,0
2022-06-21,15350.150390625,15638.7998046875,0.018804337854487124,0.018804337854487124,0.010754802895138235,0.009080347405458175,0.00835053324699402,1,15316.630859375,-0.0021836614233090397,0.0021836614233090397,0
2022-06-22,15638.7998046875,15413.2998046875,-0.014419265085317462,0.014419265085317462,0.011746417896117392,0.01000643924801638,0.009014612436294556,1,15720.748046875,0.005240059544910679,0.005240059544910679,0
2022-06-23,15413.2998046875,15556.650390625,0.009300447519609276,0.009300447519609276,0.012061133088003289,0.010426707666380404,0.009427514672279359,0,15416.5556640625,0.00021123701065036226,0.00021123701065036226,0
2022-06-24,15556.650390625,15699.25,0.00916647258852945,0.00916647258852945,0.012075226157328905,0.010319446969789208,0.009442171454429627,0,15707.0244140625,0.009666221176257893,0.009666221176257893,0
2022-06-27,15699.25,15832.0498046875,0.00845899037772505,0.00845899037772505,0.011963238865323288,0.0102096405070205,0.00933680236339569,0,15773.658203125,0.004739602409350765,0.004739602409350765,0
2022-06-28,15832.0498046875,15850.2001953125,0.00114643339611186,0.00114643339611186,0.011209371059060835,0.010042910170850346,0.008815088868141174,0,15840.837890625,0.0005550820042833654,0.0005550820042833654,0
2022-06-29,15850.2001953125,15799.099609375,-0.003223971010322782,0.003223971010322782,0.011225926112451252,0.009195626891494108,0.008641788363456726,0,15774.181640625,-0.004796062746890827,0.004796062746890827,0
2022-06-30,15799.099609375,15780.25,-0.0011930812414028243,0.0011930812414028243,0.011222896148065969,0.008626896295280965,0.008616665005683899,0,15819.8037109375,0.0013104608537447557,0.0013104608537447557,0
2022-07-01,15780.25,15752.0498046875,-0.0017870563085185596,0.0017870563085185596,0.011045785565367965,0.007918916283775062,0.008357822895050049,0,15781.3564453125,7.011582912184535e-05,7.011582912184535e-05,0
2022-07-04,15752.0498046875,15835.349609375,0.005288188249805534,0.005288188249805534,0.01104709255535902,0.007334930586239891,0.008315774798393249,0,15707.7060546875,-0.002815109814267104,0.002815109814267104,0
2022-07-05,15835.349609375,15810.849609375,-0.0015471713984448608,0.0015471713984448608,0.011180430516948359,0.007140007986956302,0.00853571593761444,0,15772.5595703125,-0.003965181736519819,0.003965181736519819,0
2022-07-06,15810.849609375,15989.7998046875,0.011318189707300232,0.011318189707300232,0.011057064855155405,0.006607355584811398,0.008150777220726014,1,15830.236328125,0.0012261655274049725,0.0012261655274049725,0
2022-07-07,15989.7998046875,16132.900390625,0.008949492031510567,0.008949492031510567,0.011426852682730537,0.007056008080268348,0.00853363871574402,0,15893.3056640625,-0.0060347310037435365,0.0060347310037435365,0
2022-07-08,16132.900390625,16220.599609375,0.005436047866567313,0.005436047866567313,0.011490449780605943,0.007236342377741396,0.008608627319335937,0,16231.689453125,0.006123453322590858,0.006123453322590858,0
2022-07-11,16220.599609375,16216.0,-0.0002835659276332528,0.0002835659276332528,0.01094605583532288,0.007064887181080803,0.008042046427726745,0,16225.251953125,0.00028681700196280603,0.00028681700196280603,0
2022-07-12,16216.0,16058.2998046875,-0.009724975043938086,0.009724975043938086,0.00900476373707476,0.0064190445252823,0.006737235188484192,1,16142.0185546875,-0.0045622499576036014,0.0045622499576036014,0
2022-07-13,16058.2998046875,15966.650390625,-0.005707292501522924,0.005707292501522924,0.009306299991515167,0.006733895011661432,0.00708940327167511,0,16001.5478515625,-0.0035341196649245404,0.0035341196649245404,0
2022-07-14,15966.650390625,15938.650390625,-0.0017536552323109999,0.0017536552323109999,0.009397440812694363,0.006636120624506363,0.007247799634933471,0,15990.4326171875,0.0014894937874047774,0.0014894937874047774,0
2022-07-15,15938.650390625,16049.2001953125,0.006935957686387588,0.006935957686387588,0.007882615912213887,0.006171121351118782,0.006279057264328003,0,15975.732421875,0.002326547752864407,0.002326547752864407,0
2022-07-18,16049.2001953125,16278.5,0.014287304158276481,0.014287304158276481,0.007816140708421184,0.006243962564720146,0.006407439708709717,1,15997.78125,-0.003203832258726386,0.003203832258726386,0
2022-07-19,16278.5,16340.5498046875,0.003811764271124489,0.003811764271124489,0.008252073306179282,0.007009999707313531,0.00693659782409668,0,16314.630859375,0.0022195447599594556,0.0022195447599594556,0
2022-07-20,16340.5498046875,16520.849609375,0.011033888506969248,0.011033888506969248,0.007372280137224147,0.006705401357415692,0.006186968088150025,1,16352.958984375,0.0007594101689246872,0.0007594101689246872,0
2022-07-21,16520.849609375,16605.25,0.005108719746295963,0.005108719746295963,0.0064926480268506824,0.0071176386216171275,0.006017699837684631,0,16484.517578125,-0.0021991623983661744,0.0021991623983661744,0
2022-07-22,16605.25,16719.44921875,0.006877295960614866,0.006877295960614866,0.00636173769133479,0.006926312477053471,0.005808112025260925,1,16512.15625,-0.005606284157118983,0.005606284157118983,0
2022-07-25,16719.44921875,16631.0,-0.005290199311757756,0.005290199311757756,0.006270306069204694,0.0069216449195697236,0.005693653225898742,0,16702.94140625,-0.0009873418845333338,0.0009873418845333338,0
2022-07-26,16631.0,16483.849609375,-0.008847958067765017,0.008847958067765017,0.006412206762650448,0.006766270188852588,0.005535215139389038,1,16570.22265625,-0.003654461171907883,0.003654461171907883,0
2022-07-27,16483.849609375,16641.80078125,0.00958217744143741,0.00958217744143741,0.006893336517806395,0.006964525588870254,0.005920290946960449,1,16469.63671875,-0.0008622312725370038,0.0008622312725370038,0
2022-07-28,16641.80078125,16929.599609375,0.017293731123692903,0.017293731123692903,0.006978322534567205,0.007213824285490358,0.006238201260566711,1,16568.0390625,-0.0044323159326066395,0.0044323159326066395,0
2022-07-29,16929.599609375,17158.25,0.013505953826479256,0.013505953826479256,0.007639088841323432,0.00817381165212288,0.007043230533599854,1,16972.021484375,0.0025057813521182333,0.0025057813521182333,0
2022-08-01,17158.25,17340.05078125,0.01059553166843938,0.01059553166843938,0.007839607557775175,0.00868163298705835,0.007629173994064331,1,17206.46484375,0.0028100093978115485,0.0028100093978115485,0
2022-08-02,17340.05078125,17345.44921875,0.00031132766380577117,0.00031132766380577117,0.007963182128287033,0.008863911757229226,0.007894539833068847,0,17363.466796875,0.0013504006372530358,0.0013504006372530358,0
2022-08-03,17345.44921875,17388.150390625,0.0024618083588657416,0.0024618083588657416,0.007898510794246355,0.008049384415046122,0.007832750678062439,0,17355.072265625,0.0005547879881137772,0.0005547879881137772,0
2022-08-04,17388.150390625,17382.0,-0.0003537116074356043,0.0003537116074356043,0.007753213349675142,0.007517232664900128,0.007389929890632629,0,17453.4609375,0.0037560376122702994,0.0037560376122702994,0
2022-08-05,17382.0,17397.5,0.0008917270739845817,0.0008917270739845817,0.007734160559971284,0.006834990883680797,0.00696013867855072,0,17349.244140625,-0.0018844701055689794,0.0018844701055689794,0
2022-08-08,17397.5,17525.099609375,0.007334364671648225,0.007334364671648225,0.007749191785849512,0.006268961798172134,0.006732919812202453,0,17470.1484375,0.004175797528380514,0.004175797528380514,0
2022-08-10,17525.099609375,17534.75,0.0005506610997998295,0.0005506610997998295,0.007738741851157525,0.0063704274878330575,0.007085460424423218,0,17536.5390625,0.000652746824838616,0.000652746824838616,0
2022-08-11,17534.75,17659.0,0.007085929368824762,0.007085929368824762,0.007100073505087702,0.005816160842176105,0.006626743078231812,0,17547.203125,0.0007101968947375925,0.0007101968947375925,0
2022-08-12,17659.0,17698.150390625,0.002217021950563452,0.002217021950563452,0.006703804006858525,0.005937090226748665,0.006695675849914551,0,17654.859375,-0.00023447675406308398,0.00023447675406308398,0
2022-08-16,17698.150390625,17825.25,0.00718151934353133,0.00718151934353133,0.006548036676768713,0.005582801097255023,0.006718847155570984,1,17624.4296875,-0.004165446755614138,0.004165446755614138,0
2022-08-17,17825.25,17944.25,0.006675923198833116,0.006675923198833116,0.006551554972994796,0.00573506053850766,0.0067311257123947145,1,17610.13671875,-0.012067897014067124,0.012067897014067124,1
2022-08-18,17944.25,17956.5,0.0006826699360519387,0.0006826699360519387,0.006213244541611448,0.005824669880880535,0.006350556015968322,0,17816.40234375,-0.0071247143931900195,0.0071247143931900195,1
2022-08-19,17956.5,17758.44921875,-0.011029475746944004,0.011029475746944004,0.0062811495379053285,0.005334959568535467,0.006194105744361878,1,17766.66796875,-0.010571772408320107,0.010571772408320107,1
2022-08-22,17758.44921875,17490.69921875,-0.015077330047338822,0.015077330047338822,0.007013314068215752,0.005877295027514697,0.006193885207176208,1,17758.271484375,-1.0008440084528425e-05,1.0008440084528425e-05,0
2022-08-23,17490.69921875,17577.5,0.004962682175504437,0.004962682175504437,0.008151279907110226,0.006753490979542224,0.006692317128181457,0,17550.51953125,0.0034201212742754577,0.0034201212742754577,0
2022-08-24,17577.5,17604.94921875,0.001561611079505049,0.001561611079505049,0.008109941361779983,0.006582937812347633,0.006596586108207703,0,17612.24609375,0.001976736950647134,0.001976736950647134,0
2022-08-25,17604.94921875,17522.44921875,-0.004686182219266732,0.004686182219266732,0.007904011027478727,0.0061047191343255,0.006410157680511475,0,17665.453125,0.0034367555110900766,0.0034367555110900766,0
2022-08-26,17522.44921875,17558.900390625,0.0020802555293466174,0.0020802555293466174,0.007629017730655732,0.005969619862188404,0.0062020689249038695,0,17538.90625,0.0009391969720985156,0.0009391969720985156,0
2022-08-29,17558.900390625,17312.900390625,-0.01400998892455382,0.01400998892455382,0.007475767310310234,0.005599199123185806,0.005826970934867859,1,17696.572265625,0.007840574975498203,0.007840574975498203,1
2022-08-30,17312.900390625,17759.30078125,0.025784263789025638,0.025784263789025638,0.007538942809624743,0.00640022893524533,0.005662786960601807,1,17379.099609375,0.0038236931569159333,0.0038236931569159333,0
2022-09-01,17759.30078125,17542.80078125,-0.01219079527210764,0.01219079527210764,0.00896363362550558,0.008246326567516888,0.006276702880859375,1,17676.822265625,-0.004644243410308111,0.004644243410308111,0
2022-09-02,17542.80078125,17539.44921875,-0.00019105059344812252,0.00019105059344812252,0.009225913419276734,0.00862199249314586,0.006356465816497803,0,17539.9609375,-0.00016188086414543716,0.00016188086414543716,0
2022-09-05,17539.44921875,17665.80078125,0.0072038500710117975,0.0072038500710117975,0.009227486726622443,0.007819043959180075,0.006350448727607727,0,17510.642578125,-0.001642391403842098,0.001642391403842098,0
2022-09-06,17665.80078125,17655.599609375,-0.0005774531254664236,0.0005774531254664236,0.009338195010529453,0.007760450950453755,0.006587550044059753,0,17693.841796875,0.001587305097132193,0.001587305097132193,0
2022-09-07,17655.599609375,17624.400390625,-0.0017671004916442166,0.0017671004916442166,0.009339826347904012,0.007076355602656634,0.006598737835884094,0,17630.177734375,-0.0014398760485314337,0.0014398760485314337,0
2022-09-08,17624.400390625,17798.75,0.009892512965589587,0.009892512965589587,0.009357694766663708,0.006570712107513716,0.0066425085067749025,1,17561.87109375,-0.0035478822251599207,0.0035478822251599207,0
2022-09-09,17798.75,17833.349609375,0.001943934791769085,0.001943934791769085,0.0094701067879022,0.006887069400520222,0.006770414113998413,0,17743.876953125,-0.003082971943254442,0.003082971943254442,0
2022-09-12,17833.349609375,17936.349609375,0.00577569566324505,0.00577569566324505,0.00947316486988465,0.006416295732347304,0.00684008002281189,0,17771.009765625,-0.0034956889824684376,0.0034956889824684376,0
2022-09-13,17936.349609375,18070.05078125,0.0074542019299800475,0.0074542019299800475,0.009432484227283147,0.006355285670098546,0.0067745685577392575,0,17944.783203125,0.0004701956604141969,0.0004701956604141969,0
2022-09-14,18070.05078125,18003.75,-0.0036690976717561625,0.0036690976717561625,0.009545280720591276,0.00645994007062348,0.007036423683166504,0,18071.505859375,8.05242963959919e-05,8.05242963959919e-05,0
2022-09-15,18003.75,17877.400390625,-0.007017960667916406,0.007017960667916406,0.009488633756170968,0.006194144170415408,0.006860801577568054,0,18028.931640625,0.001398688641255294,0.001398688641255294,0
2022-09-16,17877.400390625,17530.849609375,-0.01938485314854463,0.01938485314854463,0.009516666883461398,0.006272603781341945,0.006877902150154114,1,17898.244140625,0.0011659273465134544,0.0011659273465134544,0
2022-09-19,17530.849609375,17622.25,0.005213688592486793,0.005213688592486793,0.0104382246467361,0.007521390182398108,0.007813009619712829,0,17707.041015625,0.01005036322687851,0.01005036322687851,0
2022-09-20,17622.25,17816.25,0.01100880988523032,0.01100880988523032,0.010259223321280358,0.007301613735292857,0.007522222399711609,1,17606.849609375,-0.0008739173842727234,0.0008739173842727234,0
2022-09-21,17816.25,17718.349609375,-0.005495005437451765,0.005495005437451765,0.009939557681644458,0.007654684682476881,0.007318797707557678,0,17879.69921875,0.0035613116536869433,0.0035613116536869433,0
2022-09-22,17718.349609375,17629.80078125,-0.004997577656902521,0.004997577656902521,0.009993351407021867,0.007449001551430324,0.007345414161682129,0,17706.1640625,-0.0006877359993253815,0.0006877359993253815,0
2022-09-23,17629.80078125,17327.349609375,-0.017155677232420515,0.017155677232420515,0.010062219302896944,0.007215530112360067,0.007517209649085999,1,17618.146484375,-0.0006610566403787621,0.0006610566403787621,0
2022-09-26,17327.349609375,17016.30078125,-0.017951321762256493,0.017951321762256493,0.01073914582585178,0.008162213614275948,0.008140686154365539,1,17452.31640625,0.007212112624967551,0.007212112624967551,0
2022-09-27,17016.30078125,17007.400390625,-0.0005230508522044464,0.0005230508522044464,0.011399178749508052,0.00909450847776764,0.00893424153327942,0,16895.279296875,-0.007112091278284861,0.007112091278284861,0
2022-09-28,17007.400390625,16858.599609375,-0.008749178465394603,0.008749178465394603,0.011012958956031774,0.00827817726635206,0.008259892463684082,0,17044.154296875,0.00216105374165589,0.00216105374165589,0
2022-09-29,16858.599609375,16818.099609375,-0.002402334769103723,0.002402334769103723,0.009173862065866909,0.008323035335522842,0.007408139109611511,0,16847.64453125,-0.0006498213599490152,0.0006498213599490152,0
2022-09-30,16818.099609375,17094.349609375,0.016425755966269134,0.016425755966269134,0.008889658466935907,0.0077591563133804125,0.006918713450431824,1,16808.30078125,-0.000582635871625935,0.000582635871625935,0
2022-10-03,17094.349609375,16887.349609375,-0.012109264448790473,0.012109264448790473,0.0098039512894326,0.008584544169050145,0.007730448246002197,1,17079.732421875,-0.0008550888354350458,0.0008550888354350458,0
2022-10-04,16887.349609375,17274.30078125,0.02291367093271903,0.02291367093271903,0.009879481428908281,0.008920233260813785,0.00797572135925293,1,16829.962890625,-0.003398207538626535,0.003398207538626535,0
2022-10-06,17274.30078125,17331.80078125,0.0033286441360574244,0.0033286441360574244,0.011367433843987605,0.01025294384375665,0.009092533588409423,0,17251.537109375,-0.0013177767461192012,0.0013177767461192012,0
2022-10-07,17331.80078125,17314.650390625,-0.0009895331040011576,0.0009895331040011576,0.011407075209816485,0.009593490238839488,0.009170612692832947,0,17317.9140625,-0.0008012276926828641,0.0008012276926828641,0
2022-10-10,17314.650390625,17241.0,-0.004253645841147213,0.004253645841147213,0.011127580891118875,0.008774067960146301,0.008725467324256896,0,17293.591796875,-0.0012162297981715042,0.0012162297981715042,0
2022-10-11,17241.0,16983.55078125,-0.014932383199930399,0.014932383199930399,0.011118222520886067,0.008343549665822935,0.008840951323509216,1,17222.125,-0.0010947740850298707,0.0010947740850298707,0
2022-10-12,16983.55078125,17123.599609375,0.008246145339619747,0.008246145339619747,0.011354100746008147,0.008971058652669318,0.009298786520957947,0,16934.53515625,-0.0028860646181311927,0.0028860646181311927,0
2022-10-13,17123.599609375,17014.349609375,-0.006380083772817645,0.006380083772817645,0.011392565871522941,0.008902022913880406,0.009338387846946716,0,17206.845703125,0.004861483312446969,0.004861483312446969,0
2022-10-14,17014.349609375,17185.69921875,0.010070888003887344,0.010070888003887344,0.011421736582451205,0.008661837986535397,0.00947393774986267,0,17016.888671875,0.00014923065284852045,0.00014923065284852045,0
2022-10-17,17185.69921875,17311.80078125,0.007337586960815668,0.007337586960815668,0.011721717311994992,0.00879603627263103,0.009626585245132446,0,17267.037109375,0.004732882240616573,0.004732882240616573,0
2022-10-18,17311.80078125,17486.94921875,0.010117285874136163,0.010117285874136163,0.01113267509678026,0.008657134740992807,0.009024220705032348,0,17298.5234375,-0.000766953358450172,0.000766953358450172,0
2022-10-19,17486.94921875,17512.25,0.0014468379208691124,0.0014468379208691124,0.011319182350705937,0.00879619737558157,0.009269398450851441,0,17600.583984375,0.006498261314967255,0.006498261314967255,0
2022-10-20,17512.25,17563.94921875,0.0029521745492441004,0.0029521745492441004,0.011013089859259724,0.00809625887764788,0.008791297674179077,0,17438.30078125,-0.004222713743236877,0.004222713743236877,0
2022-10-21,17563.94921875,17576.30078125,0.0007032337856462467,0.0007032337856462467,0.010985605580292584,0.007606350227940948,0.008664157986640931,0,17516.283203125,-0.0027138552401481104,0.0027138552401481104,0
2022-10-24,17576.30078125,17730.75,0.008787356376761766,0.008787356376761766,0.010933330254215855,0.006948908834714196,0.008449441194534302,0,17635.234375,0.0033530146350743513,0.0033530146350743513,0
2022-10-25,17730.75,17656.349609375,-0.0041961220267050185,0.0041961220267050185,0.010324738268910167,0.007124002619022015,0.008031025528907776,0,17619.087890625,-0.006297652912313354,0.006297652912313354,0
2022-10-27,17656.349609375,17736.94921875,0.004564907874966635,0.004564907874966635,0.009398307838659898,0.006845155454119225,0.007343265414237976,0,17693.919921875,0.002127864101651639,0.002127864101651639,0
2022-10-28,17736.94921875,17786.80078125,0.002810605244745311,0.002810605244745311,0.009398422346373921,0.006627986489419115,0.007545357942581177,0,17765.81640625,0.001627517063051861,0.001627517063051861,0
2022-10-31,17786.80078125,18012.19921875,0.012672230395564126,0.012672230395564126,0.009041935918288318,0.006264425625640034,0.007248428463935852,1,17744.751953125,-0.0023640467244298298,0.0023640467244298298,0
2022-11-01,18012.19921875,18145.400390625,0.007395053222392896,0.007395053222392896,0.009218854697769471,0.006874688508705475,0.007761922478675842,0,17978.64453125,-0.00186288676315943,0.00186288676315943,0
2022-11-02,18145.400390625,18082.849609375,-0.0034471976315450983,0.0034471976315450983,0.008760980197384253,0.00692424475244716,0.00731038749217987,0,18106.73828125,-0.0021306837293584967,0.0021306837293584967,0
2022-11-03,18082.849609375,18052.69921875,-0.0016673473084335456,0.0016673473084335456,0.00816747127549605,0.006593095254684567,0.006877282261848449,0,18014.630859375,-0.0037725663528513885,0.0037725663528513885,0
2022-11-04,18052.69921875,18117.150390625,0.0035701681556882833,0.0035701681556882833,0.00682467517591722,0.0061239738712195605,0.005814963579177856,0,17877.58203125,-0.009700332641565244,0.009700332641565244,1
2022-11-07,18117.150390625,18202.80078125,0.0047275862251119315,0.0047275862251119315,0.006826937950567809,0.005880757218032588,0.005827039480209351,0,18027.271484375,-0.004960984719567667,0.004960984719567667,0
2022-11-09,18202.80078125,18157.0,-0.0025161392359563488,0.0025161392359563488,0.006804231119314054,0.005770932912029949,0.006013941764831543,0,18138.451171875,-0.0035351488020065594,0.0035351488020065594,0
2022-11-10,18157.0,18028.19921875,-0.007093725904609792,0.007093725904609792,0.006723727552904919,0.005460953632269796,0.005927067995071411,1,18222.521484375,0.003608607389711957,0.003608607389711957,0
2022-11-11,18028.19921875,18349.69921875,0.01783317324703335,0.01783317324703335,0.005814079694740497,0.005616455913830155,0.005535134673118591,1,18002.94140625,-0.0014010169398245241,0.0014010169398245241,0
2022-11-14,18349.69921875,18329.150390625,-0.0011198455015547556,0.0011198455015547556,0.00660969350897953,0.006779947128736725,0.00601448118686676,0,18340.392578125,-0.0005071821894219571,0.0005071821894219571,0
2022-11-15,18329.150390625,18403.400390625,0.004050924260950874,0.004050924260950874,0.006293607042843111,0.006240890456098945,0.005751469731330871,0,18277.69140625,-0.0028074942525061204,0.0028074942525061204,0
2022-11-16,18403.400390625,18409.650390625,0.0003396111515991281,0.0003396111515991281,0.006116732877338097,0.0060323266105194884,0.0054504722356796265,0,18290.080078125,-0.006157574692431691,0.006157574692431691,1
2022-11-17,18409.650390625,18343.900390625,-0.0035714963948192506,0.0035714963948192506,0.0060824891737763015,0.005490164768177649,0.005100575089454651,0,18372.84375,-0.0019993123087086733,0.0019993123087086733,0
2022-11-18,18343.900390625,18307.650390625,-0.0019761337135545203,0.0019761337135545203,0.006020751961121894,0.00530743577263134,0.004773285984992981,0,18257.3046875,-0.004720681059152305,0.004720681059152305,0
2022-11-21,18307.650390625,18159.94921875,-0.008067729540576926,0.008067729540576926,0.006097793669882551,0.004990168784083908,0.004799750447273254,1,18254.87890625,-0.002882482636986736,0.002882482636986736,0
2022-11-22,18159.94921875,18244.19921875,0.004639330153688567,0.004639330153688567,0.006513830183362799,0.005283269575021462,0.00505552589893341,0,18167.970703125,0.00044171292983120696,0.00044171292983120696,0
2022-11-23,18244.19921875,18267.25,0.0012634580983039343,0.0012634580983039343,0.0065418511293241135,0.0052219474374705895,0.005252334475517273,0,18204.880859375,-0.0021551156564104815,0.0021551156564104815,0
2022-11-24,18267.25,18484.099609375,0.011870949889830161,0.011870949889830161,0.006337274158753411,0.004844952372944698,0.004876139760017395,1,18235.703125,-0.0017269635549959628,0.0017269635549959628,0
2022-11-25,18484.099609375,18512.75,0.001550001960088374,0.001550001960088374,0.006589162624697853,0.005514097886260094,0.005259883403778076,0,18375.318359375,-0.005885125718800333,0.005885125718800333,0
2022-11-28,18512.75,18562.75,0.0027008413120687092,0.0027008413120687092,0.006569413025117845,0.005136560866877157,0.005109137296676636,0,18444.705078125,-0.0036755707215297565,0.0036755707215297565,0
2022-11-29,18562.75,18618.05078125,0.0029791265437502526,0.0029791265437502526,0.006568889400749159,0.004904584180894809,0.005103647708892822,0,18491.119140625,-0.003858849544113884,0.003858849544113884,0
2022-11-30,18618.05078125,18758.349609375,0.007535634625419174,0.007535634625419174,0.006092610990385764,0.004721210387968024,0.004618996381759643,1,18598.900390625,-0.0010285926733149806,0.0010285926733149806,0
2022-12-01,18758.349609375,18812.5,0.0028867353340049093,0.0028867353340049093,0.006099635266107613,0.0049892452862923585,0.004626023769378662,0,18807.55859375,0.0026233109734987805,0.0026233109734987805,0
2022-12-02,18812.5,18696.099609375,-0.006187396179401994,0.006187396179401994,0.005982725460856438,0.004789009750051345,0.004598003625869751,1,18862.099609375,0.0026365240863787374,0.0026365240863787374,0
2022-12-05,18696.099609375,18701.05078125,0.0002648237856262424,0.0002648237856262424,0.006209501174761961,0.004922187808160643,0.004824006557464599,0,18804.298828125,0.005787261568490169,0.005787261568490169,0
2022-12-06,18701.05078125,18642.75,-0.003117513659096278,0.003117513659096278,0.00620307059724698,0.004478634973229328,0.004658740758895874,0,18627.912109375,-0.003910939162217029,0.003910939162217029,0
2022-12-07,18642.75,18560.5,-0.004411902750398948,0.004411902750398948,0.006243166543005068,0.004349003236320559,0.004578235745429993,0,18538.826171875,-0.005574490250901825,0.005574490250901825,0
2022-12-08,18560.5,18609.349609375,0.0026319123609277765,0.0026319123609277765,0.0063167251776254305,0.004354991137778566,0.004673022031784058,0,18579.27734375,0.0010116830769645213,0.0010116830769645213,0
2022-12-09,18609.349609375,18496.599609375,-0.006058782405979353,0.006058782405979353,0.006018570297623173,0.004190887476533193,0.004449930787086487,1,18539.6640625,-0.0037446524643662926,0.0037446524643662926,0
2022-12-12,18496.599609375,18497.150390625,2.9777432697458433e-05,2.9777432697458433e-05,0.004893975635856552,0.0043687850636651235,0.0038612157106399534,0,18543.314453125,0.0025255909051695416,0.0025255909051695416,0
2022-12-13,18497.150390625,18608.0,0.0059927938646799584,0.0059927938646799584,0.004881795703866935,0.0039555486121148915,0.0038067132234573366,1,18494.6796875,-0.00013357209477262176,0.00013357209477262176,0
2022-12-14,18608.0,18660.30078125,0.002810661073194325,0.002810661073194325,0.004975228198019944,0.004149569715247504,0.00390380322933197,0,18514.728515625,-0.00501244004594798,0.00501244004594798,1
2022-12-15,18660.30078125,18414.900390625,-0.013150934355333651,0.013150934355333651,0.004999966261278627,0.004022059897512344,0.004027357697486878,1,18625.5234375,-0.0018637075660079669,0.0018637075660079669,0
2022-12-16,18414.900390625,18269.0,-0.0079229530179418,0.0079229530179418,0.005820937460337993,0.004891476136288605,0.004506328701972961,1,18511.11328125,0.005224730440246196,0.005224730440246196,0
2022-12-19,18269.0,18420.44921875,0.008289956688926597,0.008289956688926597,0.006084371533211878,0.005180187685858147,0.004803669452667236,1,18403.849609375,0.007381335014231758,0.007381335014231758,1
2022-12-20,18420.44921875,18385.30078125,-0.0019081205394395452,0.0019081205394395452,0.0060546137245001555,0.005476353925743169,0.0048147797584533695,0,18338.5078125,-0.004448393482532045,0.004448393482532045,0
2022-12-21,18385.30078125,18199.099609375,-0.01012771964355866,0.01012771964355866,0.0060089377838925566,0.005136522455976637,0.004678216576576233,1,18298.990234375,-0.004694540921681447,0.004694540921681447,0
2022-12-22,18199.099609375,18127.349609375,-0.00394250273585178,0.00394250273585178,0.006446927843159324,0.005611874909408433,0.0051214277744293215,0,18276.330078125,0.004243642290424954,0.004243642290424954,0
2022-12-23,18127.349609375,17806.80078125,-0.01768316025411792,0.01768316025411792,0.0058333412890837055,0.005452885834609862,0.0047250032424926754,1,18140.8984375,0.0007474246603592228,0.0007474246603592228,0
2022-12-26,17806.80078125,18014.599609375,0.011669632893506936,0.011669632893506936,0.006888141219039017,0.006617672744084566,0.0055316627025604245,1,17820.40625,0.0007640602552439476,0.0007640602552439476,0
2022-12-27,18014.599609375,18132.30078125,0.006533654614990554,0.006533654614990554,0.007471973753860927,0.007098812080143663,0.005980104207992554,0,18070.833984375,0.003121600047704363,0.003121600047704363,0
2022-12-28,18132.30078125,18122.5,-0.0005405150382313676,0.0005405150382313676,0.0076241159003048375,0.007044984524101335,0.006157827377319336,0,18138.841796875,0.0003607383146745417,0.0003607383146745417,0
2022-12-29,18122.5,18191.0,0.0037798317009242652,0.0037798317009242652,0.007340488929994139,0.0064255093235986585,0.0058080732822418215,0,18181.193359375,0.0032387010277279624,0.0032387010277279624,0
2022-12-30,18191.0,18105.30078125,-0.00471107793689187,0.00471107793689187,0.007372489241584226,0.006173545402596517,0.005852729082107544,0,18204.873046875,0.0007626324487383871,0.0007626324487383871,0
2023-01-02,18105.30078125,18197.44921875,0.0050895833553579895,0.0050895833553579895,0.00733197388379575,0.006034264080292286,0.0057789146900177005,0,18222.466796875,0.006471365322267283,0.006471365322267283,0
2023-01-03,18197.44921875,18232.55078125,0.001928927624858137,0.001928927624858137,0.007473821191914012,0.005944299940966412,0.006020152568817138,0,18186.158203125,-0.0006204724348600541,0.0006204724348600541,0
2023-01-04,18232.55078125,18042.94921875,-0.010399069487028801,0.010399069487028801,0.007495712702706429,0.005561883328895438,0.005960723757743836,1,18170.1328125,-0.0034234358921511644,0.0034234358921511644,0
2023-01-05,18042.94921875,17992.150390625,-0.0028154392892826255,0.0028154392892826255,0.007750785985216191,0.0060225652556699745,0.006260082125663757,0,18134.767578125,0.005088877558862913,0.005088877558862913,0
2023-01-06,17992.150390625,17859.44921875,-0.007375503705446201,0.007375503705446201,0.007697752507399034,0.005717123364269556,0.0062692582607269285,0,18065.291015625,0.004065140820416369,0.004065140820416369,0
2023-01-09,17859.44921875,18101.19921875,0.013536251708490276,0.013536251708490276,0.007742879471240436,0.005875061971911201,0.0063350915908813475,1,17867.517578125,0.0004517697761098543,0.0004517697761098543,0
2023-01-10,18101.19921875,17914.150390625,-0.010333504750958532,0.010333504750958532,0.008459596770196684,0.006604695577299774,0.007010412216186523,1,18129.79296875,0.0015796605326779325,0.0015796605326779325,0
2023-01-11,17914.150390625,17895.69921875,-0.0010299775022909285,0.0010299775022909285,0.008531905171316521,0.006959817755726,0.007227447628974914,0,18047.7734375,0.007459078100903343,0.007459078100903343,0
2023-01-12,17895.69921875,17858.19921875,-0.002095475540889167,0.002095475540889167,0.00846411294762571,0.006395070184868166,0.007138410210609436,0,17891.888671875,-0.000212930873972644,0.000212930873972644,0
2023-01-13,17858.19921875,17956.599609375,0.005510095918388328,0.005510095918388328,0.008052353520250802,0.0059855835855210674,0.006585636734962463,0,17821.0625,-0.0020795332326122083,0.0020795332326122083,0
2023-01-16,17956.599609375,17894.849609375,-0.003438847072569397,0.003438847072569397,0.00804889315445443,0.005940298651815843,0.006464993953704834,0,17963.724609375,0.00039679004683493047,0.00039679004683493047,0
2023-01-17,17894.849609375,18053.30078125,0.008854568511824118,0.008854568511824118,0.0077718636943329665,0.005702063577897323,0.006222438812255859,1,17979.193359375,0.004713297504093739,0.004713297504093739,0
2023-01-18,18053.30078125,18165.349609375,0.006206556323560117,0.006206556323560117,0.008101729640706204,0.006002307771359763,0.006569764018058777,0,18052.095703125,-6.675112432910792e-05,6.675112432910792e-05,0
2023-01-19,18165.349609375,18107.849609375,-0.0031653670992560848,0.0031653670992560848,0.007942106292798175,0.006021755836103774,0.006373703479766846,0,18146.443359375,-0.0010407864647010497,0.0010407864647010497,0
2023-01-20,18107.849609375,18027.650390625,-0.004428975305189102,0.004428975305189102,0.007924006472107841,0.005749718543659786,0.006334847211837769,0,18041.46875,-0.003665860983329161,0.003665860983329161,0
2023-01-23,18027.650390625,18118.55078125,0.005042276095628709,0.005042276095628709,0.006850972180973547,0.005623934180899823,0.005672138929367065,0,18049.73046875,0.0012247895675013979,0.0012247895675013979,0
2023-01-24,18118.55078125,18118.30078125,-1.3798013043003017e-05,1.3798013043003017e-05,0.006437128344160684,0.005568541833139739,0.005340772867202759,0,18100.974609375,-0.0009700649951092512,0.0009700649951092512,0
2023-01-25,18118.30078125,17891.94921875,-0.012492979625012262,0.012492979625012262,0.006268088903301371,0.005039515817882917,0.005014780163764954,1,18116.9375,-7.524332808354812e-05,7.524332808354812e-05,0
2023-01-27,17891.94921875,17604.349609375,-0.016074246906178778,0.016074246906178778,0.006861990814297777,0.0057493671429405015,0.005612403154373169,1,17916.77734375,0.0013876702139295803,0.0013876702139295803,0
2023-01-30,17604.349609375,17648.94921875,0.0025334426073456854,0.0025334426073456854,0.007589857064657029,0.006732688387200657,0.006227120757102966,0,17795.529296875,0.01085979838745019,0.01085979838745019,1
2023-01-31,17648.94921875,17662.150390625,0.000747986280167618,0.000747986280167618,0.007606935828066131,0.0063327595714228035,0.0061182379722595215,0,17738.623046875,0.005080972641120853,0.005080972641120853,0
2023-02-01,17662.150390625,17616.30078125,-0.002595924525664598,0.002595924525664598,0.0074774026256813194,0.00580088135432836,0.005901157855987549,0,17742.900390625,0.004571923475573041,0.004571923475573041,0
2023-02-02,17616.30078125,17610.400390625,-0.0003349392530400089,0.0003349392530400089,0.007437651979225638,0.005495645176702594,0.00593450665473938,0,17823.5390625,0.011764006747124522,0.011764006747124522,1
2023-02-03,17610.400390625,17854.05078125,0.013835596307890234,0.013835596307890234,0.007152500437472715,0.0050041473978731,0.005431300401687622,1,17688.765625,0.004449940525867782,0.004449940525867782,0
2023-02-06,17854.05078125,17764.599609375,-0.005010133160870137,0.005010133160870137,0.007884724243625756,0.005845233298509303,0.005982306599617004,0,17848.19921875,-0.00032774425096545625,0.00032774425096545625,0
2023-02-07,17764.599609375,17721.5,-0.0024261514654264895,0.0024261514654264895,0.007791071049811737,0.005765699462578915,0.005864039063453674,0,17837.197265625,0.004086647481302516,0.004086647481302516,0
2023-02-08,17721.5,17871.69921875,0.008475536424681884,0.008475536424681884,0.007092080577410326,0.005447646890994018,0.005308535695075989,1,17831.6171875,0.00621376223795954,0.00621376223795954,0
2023-02-09,17871.69921875,17893.44921875,0.0012170079483645908,0.0012170079483645908,0.007041128370547829,0.0057360178602785345,0.005215638875961303,0,17892.294921875,0.001152419972656664,0.001152419972656664,0
2023-02-10,17893.44921875,17856.5,-0.0020649578680046795,0.0020649578680046795,0.007043351339162072,0.005305635934254285,0.005224990844726563,0,17971.435546875,0.0043583731214482955,0.0043583731214482955,0
2023-02-13,17856.5,17770.900390625,-0.004793750700025201,0.004793750700025201,0.007042872823035205,0.0049969985418108894,0.005223464965820312,0,17899.72265625,0.0024205558900120406,0.0024205558900120406,0
2023-02-14,17770.900390625,17929.849609375,0.008944353704995911,0.008944353704995911,0.006996758911952949,0.00497764279122943,0.0051876485347747804,1,17789.697265625,0.0010577334061202804,0.0010577334061202804,0
2023-02-15,17929.849609375,18015.849609375,0.004796470794436172,0.004796470794436172,0.007265419818539018,0.005355428449615643,0.005462926626205444,0,17985.642578125,0.003111736571444942,0.003111736571444942,0
2023-02-16,18015.849609375,18035.849609375,0.001110133600892877,0.001110133600892877,0.007062560998256223,0.005302197642448938,0.00526002049446106,0,18025.03125,0.0005096423884567788,0.0005096423884567788,0
2023-02-17,18035.849609375,17944.19921875,-0.005081567689351341,0.005081567689351341,0.006914180796267009,0.004902948048339217,0.00500519871711731,0,18055.802734375,0.0011063035804882962,0.0011063035804882962,0
2023-02-20,17944.19921875,17844.599609375,-0.005550518480140801,0.005550518480140801,0.006968530603228106,0.004919961947576047,0.005101010203361511,0,17859.236328125,-0.004734838796050691,0.004734838796050691,0
2023-02-21,17844.599609375,17826.69921875,-0.0010031264929920697,0.0010031264929920697,0.007006805479989489,0.0049800135459758445,0.005157086253166199,0,17866.640625,0.0012351644815510644,0.0012351644815510644,0
2023-02-22,17826.69921875,17554.30078125,-0.01528036313158261,0.01528036313158261,0.006885068752808876,0.00460126427222289,0.004955127835273743,1,17894.2421875,0.0037888656739638467,0.0037888656739638467,0
2023-02-23,17554.30078125,17511.25,-0.0024524349779846064,0.0024524349779846064,0.007603400500727758,0.005618321574288205,0.005718457698822022,0,17724.94921875,0.009721175433103666,0.009721175433103666,1
2023-02-24,17511.25,17465.80078125,-0.0025954297237490184,0.0025954297237490184,0.007161652492611379,0.005316808387144894,0.005216431617736816,0,17677.783203125,0.009510069419658792,0.009510069419658792,1
2023-02-27,17465.80078125,17392.69921875,-0.004185411445805363,0.004185411445805363,0.0062495593204218635,0.005057628983807248,0.004542490839958191,0,17591.87109375,0.0072181238111532695,0.0072181238111532695,1
2023-02-28,17392.69921875,17303.94921875,-0.0051027157362857215,0.0051027157362857215,0.006265472724573555,0.0049745631906949325,0.004625090956687927,0,17450.634765625,0.0033310267800493697,0.0033310267800493697,0
2023-03-01,17303.94921875,17450.900390625,0.008492348770636038,0.008492348770636038,0.006329950965420782,0.004986766128207455,0.004842823743820191,1,17398.5703125,0.005468179116445374,0.005468179116445374,0
2023-03-02,17450.900390625,17321.900390625,-0.007392168719804371,0.007392168719804371,0.006660238203935067,0.005320631313931326,0.005137646198272705,1,17575.96484375,0.007166647584109031,0.007166647584109031,1
2023-03-03,17321.900390625,17594.349609375,0.015728598629827915,0.015728598629827915,0.006838358487748768,0.005517920526418242,0.005490508675575256,1,17318.05078125,-0.00022223943610041164,0.00022223943610041164,0
2023-03-06,17594.349609375,17711.44921875,0.006655523618366914,0.006655523618366914,0.00706111826241857,0.006490365511770755,0.0055851608514785765,0,17625.435546875,0.0017668136754220298,0.0017668136754220298,0
2023-03-08,17711.44921875,17754.400390625,0.0024250512391459354,0.0024250512391459354,0.007168111316452848,0.0065060996387363654,0.005667433142662048,0,17663.779296875,-0.0026914749485623594,0.0026914749485623594,0
2023-03-09,17754.400390625,17589.599609375,-0.009282249899975281,0.009282249899975281,0.007168239975888253,0.006117430585269239,0.005667379498481751,1,17708.94921875,-0.0025599947548214557,0.0025599947548214557,0
2023-03-10,17589.599609375,17412.900390625,-0.010045664635585105,0.010045664635585105,0.007178211591659032,0.00641884018008851,0.0057077139616012575,1,17667.57421875,0.004432995128180216,0.004432995128180216,0
2023-03-13,17412.900390625,17154.30078125,-0.014851035931626214,0.014851035931626214,0.007450671951348059,0.006764250412571013,0.0061491459608078005,1,17436.13671875,0.0013344318065191653,0.0013344318065191653,0
2023-03-14,17154.30078125,17043.30078125,-0.006470680525861203,0.006470680525861203,0.008041806171206627,0.007534420248287255,0.0067884504795074465,0,17187.029296875,0.0019078898080633479,0.0019078898080633479,0
2023-03-15,17043.30078125,16972.150390625,-0.004174683738684898,0.004174683738684898,0.008081406382669904,0.007433111675766222,0.006872296333312988,0,17081.49609375,0.002241074835809983,0.002241074835809983,0
2023-03-16,16972.150390625,16985.599609375,0.0007924286811310026,0.0007924286811310026,0.007663038190117943,0.007122787641890235,0.0066338121891021725,0,16962.35546875,-0.0005771173156944494,0.0005771173156944494,0
2023-03-17,16985.599609375,17100.05078125,0.006738129621978728,0.006738129621978728,0.007507239934241352,0.0065198920710096454,0.006433606147766113,0,17029.318359375,0.0025738714561404094,0.0025738714561404094,0
2023-03-20,17100.05078125,16988.400390625,-0.006529243219992265,0.006529243219992265,0.007766978341787271,0.006540681957824761,0.006715011596679687,0,16980.24609375,-0.007006101270258472,0.007006101270258472,0
2023-03-21,16988.400390625,17107.5,0.007010642946744108,0.007010642946744108,0.007797695738415452,0.0065395952573300805,0.006787395477294922,0,16935.6171875,-0.003107014310430796,0.003107014310430796,0
2023-03-22,17107.5,17151.900390625,0.0025953757489405233,0.0025953757489405233,0.008057899726199427,0.006584462215534973,0.006860405206680298,0,17080.8203125,-0.0015595316381703931,0.0015595316381703931,0
2023-03-23,17151.900390625,17076.900390625,-0.004372693304643607,0.004372693304643607,0.00812303345297321,0.006204553876160176,0.006940019130706787,0,17089.830078125,-0.003618859198478485,0.003618859198478485,0
2023-03-24,17076.900390625,16945.05078125,-0.007720933328590694,0.007720933328590694,0.007520981055765336,0.006030093121288942,0.006394636631011963,1,17091.7265625,0.0008682004073256397,0.0008682004073256397,0
2023-03-27,16945.05078125,16985.69921875,0.0023988383407489234,0.0023988383407489234,0.007652709178283935,0.006191126849320948,0.0066580623388290405,0,16935.166015625,-0.0005833423430006872,0.0005833423430006872,0
2023-03-28,16985.69921875,16951.69921875,-0.002001683861354876,0.002001683861354876,0.007700342282856271,0.0058299574859218455,0.006648233532905579,0,17000.265625,0.0008575688326048176,0.0008575688326048176,0
2023-03-29,16951.69921875,17080.69921875,0.007609856589321452,0.007609856589321452,0.007673673870273469,0.005465361800166616,0.006539046764373779,0,16970.197265625,0.001091220805436402,0.001091220805436402,0
2023-03-31,17080.69921875,17359.75,0.016337198944623856,0.016337198944623856,0.007862398529228907,0.005669598219937765,0.006664404273033142,1,17088.279296875,0.00044378031765111343,0.00044378031765111343,0
2023-04-03,17359.75,17398.05078125,0.0022062979737611428,0.0022062979737611428,0.008509924438515386,0.0066855561319223945,0.0070566445589065555,0,17415.544921875,0.0032140394806952867,0.0032140394806952867,0
2023-04-05,17398.05078125,17557.05078125,0.00913895481736123,0.00913895481736123,0.008353824529873963,0.006258962741358915,0.0067973524332046505,1,17437.15625,0.0022476925284149784,0.0022476925284149784,0
2023-04-06,17557.05078125,17599.150390625,0.0023978747854372074,0.0023978747854372074,0.007824485775052946,0.006533246457880117,0.006467869877815247,0,17509.78515625,-0.002692116437373251,0.002692116437373251,0
2023-04-10,17599.150390625,17624.05078125,0.0014148632219350965,0.0014148632219350965,0.007688405256815156,0.006139403448492864,0.006254985928535461,0,17610.869140625,0.000665870211907646,0.000665870211907646,0
2023-04-11,17624.05078125,17722.30078125,0.005574768321964148,0.005574768321964148,0.0076729330571841765,0.005689450268415279,0.006204476952552796,0,17736.421875,0.006376008282360951,0.006376008282360951,0
2023-04-12,17722.30078125,17812.400390625,0.00508396796144688,0.00508396796144688,0.007478395355385854,0.005678533331027375,0.006019106507301331,0,17779.453125,0.0032248828442448373,0.0032248828442448373,0
2023-04-13,17812.400390625,17828.0,0.0008757724412713272,0.0008757724412713272,0.00712264806636409,0.005621903353926879,0.005771020054817199,0,17890.5546875,0.0043876341852350275,0.0043876341852350275,0
2023-04-17,17828.0,17706.849609375,-0.006795512150830155,0.006795512150830155,0.006049380973726543,0.005169896429774756,0.005072259902954101,1,17745.724609375,-0.004614953479077855,0.004614953479077855,0
2023-04-18,17706.849609375,17660.150390625,-0.002637353328243936,0.002637353328243936,0.006073554396185256,0.0053247182508288065,0.005088502168655395,0,17721.4375,0.0008238557929173551,0.0008238557929173551,0
2023-04-19,17660.150390625,17618.75,-0.002344283016240771,0.002344283016240771,0.0060015394785901165,0.005068776200023844,0.005011633038520813,0,17677.9140625,0.0010058618687884989,0.0010058618687884989,0
2023-04-20,17618.75,17624.44921875,0.00032347463639588507,0.00032347463639588507,0.006075449787492742,0.0048093032556083245,0.005089229345321656,0,17674.658203125,0.0031732218871940404,0.0031732218871940404,0
2023-04-21,17624.44921875,17624.05078125,-2.2607089450268724e-05,2.2607089450268724e-05,0.0059722025607617055,0.0043820871371542764,0.004768496751785279,0,17634.10546875,0.0005478894619712185,0.0005478894619712185,0
2023-04-24,17624.05078125,17743.400390625,0.0067719737565653465,0.0067719737565653465,0.0056802548233357095,0.003966896948889095,0.004443162679672241,1,17642.703125,0.0010583460057800099,0.0010583460057800099,0
2023-04-25,17743.400390625,17769.25,0.0014568576938982925,0.0014568576938982925,0.005669085163310285,0.004234042202472156,0.004431223869323731,0,17707.703125,-0.00201186158453941,0.00201186158453941,0
2023-04-26,17769.25,17813.599609375,0.002495862761512163,0.002495862761512163,0.005666834348607829,0.003969548347722436,0.004374295473098755,0,17699.859375,-0.0039050958819308638,0.0039050958819308638,0
2023-04-27,17813.599609375,17915.05078125,0.0056951528101938445,0.0056951528101938445,0.005479047168400837,0.003829199447494081,0.00428045392036438,1,17717.876953125,-0.005373571784987396,0.005373571784987396,0
2023-04-28,17915.05078125,18065.0,0.008370013603697834,0.008370013603697834,0.005011021629612145,0.004006904700018361,0.004179161787033081,1,17884.046875,-0.0017306066629991848,0.0017306066629991848,0
2023-05-02,18065.0,18147.650390625,0.004575166931912538,0.004575166931912538,0.005161547362610064,0.004422441571181279,0.0044777214527130125,0,18073.423828125,0.0004663065665651813,0.0004663065665651813,0
2023-05-03,18147.650390625,18089.849609375,-0.00318502836487635,0.00318502836487635,0.005027333951204861,0.004436983642846818,0.004606392979621887,0,18127.521484375,-0.0011091742356023405,0.0011091742356023405,0
2023-05-04,18089.849609375,18255.80078125,0.009173717607303733,0.009173717607303733,0.005132924736558542,0.004317750324310718,0.004385152459144592,1,18046.802734375,-0.0023796148630053347,0.0023796148630053347,0
2023-05-05,18255.80078125,18069.0,-0.010232406865540384,0.010232406865540384,0.004332481668419646,0.004780226567460209,0.004026982188224793,1,18263.8125,0.00043885879595205717,0.00043885879595205717,0
2023-05-08,18069.0,18264.400390625,0.010814123118324201,0.010814123118324201,0.005189250269372322,0.005299480129915055,0.004428285360336304,1,18099.361328125,0.0016802993040566717,0.0016802993040566717,0
2023-05-09,18264.400390625,18265.94921875,8.480038171934752e-05,8.480038171934752e-05,0.0053238990494819845,0.005824679231980204,0.004512041807174683,0,18248.62109375,-0.0008639373063185481,0.0008639373063185481,0
2023-05-10,18265.94921875,18315.099609375,0.0026908205008337105,0.0026908205008337105,0.005339680949747122,0.005278020048445956,0.004396384954452515,0,18307.5234375,0.0022760502754121345,0.0022760502754121345,0
2023-05-11,18315.099609375,18297.0,-0.0009882342854272714,0.0009882342854272714,0.005341520252122317,0.005031617385140649,0.004460179805755615,0,18332.890625,0.0009713851414650927,0.0009713851414650927,0
2023-05-12,18297.0,18314.80078125,0.000972879775373012,0.000972879775373012,0.005307857833937948,0.004646534301829728,0.0042308509349822995,0,18362.13671875,0.003559967139421763,0.003559967139421763,0
2023-05-15,18314.80078125,18398.849609375,0.004589120522186952,0.004589120522186952,0.005245494666185363,0.004296661226610128,0.004025298357009888,0,18317.46875,0.00014567282395620517,0.00014567282395620517,0
2023-05-16,18398.849609375,18286.5,-0.006106338807060691,0.006106338807060691,0.005291302796586506,0.00432451071079458,0.004210960865020752,1,18409.041015625,0.0005539154059288056,0.0005539154059288056,0
2023-05-17,18286.5,18181.75,-0.00572826948842042,0.00572826948842042,0.005235766419362917,0.004494206551985996,0.00417650043964386,1,18286.884765625,2.1040966013179122e-05,2.1040966013179122e-05,0
2023-05-18,18181.75,18129.94921875,-0.0028490536527011976,0.0028490536527011976,0.005410886173646311,0.004611734002415343,0.004331046342849731,0,18229.328125,0.0026168066880250802,0.0026168066880250802,0
2023-05-19,18129.94921875,18203.400390625,0.004051372179191587,0.004051372179191587,0.005430754807057489,0.004443858613196633,0.004356282949447632,0,18179.037109375,0.0027075580870482134,0.0027075580870482134,0
2023-05-22,18203.400390625,18314.400390625,0.006097761825706285,0.006097761825706285,0.0054541561766164445,0.004406474717214412,0.0045426726341247555,1,18200.671875,-0.00014989043620692005,0.00014989043620692005,0
2023-05-23,18314.400390625,18348.0,0.0018346005688616145,0.0018346005688616145,0.0055276698616095144,0.004567552704060807,0.00484643280506134,0,18334.94921875,0.0011220038705454308,0.0011220038705454308,0
2023-05-24,18348.0,18285.400390625,-0.0034117947119577064,0.0034117947119577064,0.00540938612091988,0.004307274443310875,0.004599568247795105,0,18367.169921875,0.0010447962652605188,0.0010447962652605188,0
2023-05-25,18285.400390625,18321.150390625,0.001955111686716424,0.001955111686716424,0.005528692962820928,0.0042219882931806355,0.004697313904762268,0,18267.03125,-0.0010045796226818163,0.0010045796226818163,0
2023-05-26,18321.150390625,18499.349609375,0.009726420827874716,0.009726420827874716,0.005524615429919238,0.004006099080298895,0.004670277237892151,1,18267.712890625,-0.00291671095213236,0.00291671095213236,0
2023-05-29,18499.349609375,18598.650390625,0.005367798508963628,0.005367798508963628,0.005757430073493245,0.004550890133959743,0.004871842265129089,0,18583.669921875,0.004558014972443605,0.004558014972443605,0
2023-05-30,18598.650390625,18633.849609375,0.001892568439683281,0.001892568439683281,0.005609458082457564,0.004628686872620013,0.004721727967262268,0,18667.33984375,0.0036932493316624852,0.0036932493316624852,0
2023-05-31,18633.849609375,18534.400390625,-0.00533701950132545,0.00533701950132545,0.005563225081483843,0.004368103997218888,0.004587599635124206,0,18577.11328125,-0.003044799078793413,0.003044799078793413,0
2023-06-01,18534.400390625,18487.75,-0.002516962493623291,0.002516962493623291,0.005674986956641624,0.004460379796835039,0.004695197939872742,0,18524.1171875,-0.0005548171458625342,0.0005548171458625342,0
2023-06-02,18487.75,18534.099609375,0.002507044360454896,0.002507044360454896,0.005409566137663292,0.004275294572334102,0.004362359642982483,0,18570.52734375,0.004477415788833147,0.004477415788833147,0
2023-06-05,18534.099609375,18593.849609375,0.003223787573137731,0.003223787573137731,0.004774000872376075,0.004106894191020614,0.003976094722747803,0,18531.828125,-0.00012255703934228496,0.00012255703934228496,0
2023-06-06,18593.849609375,18599.0,0.0002769943144212148,0.0002769943144212148,0.004249242501137431,0.004022787774477867,0.0035965800285339355,0,18611.021484375,0.0009235244643122185,0.0009235244643122185,0
2023-06-07,18599.0,18726.400390625,0.006849851638528953,0.006849851638528953,0.004247511334344425,0.0036660501187100714,0.003606194257736206,1,18599.412109375,2.2157609280068822e-05,2.2157609280068822e-05,0
2023-06-08,18726.400390625,18634.55078125,-0.004904819263662796,0.004904819263662796,0.004436757726640778,0.0039692724871069635,0.0038141489028930666,1,18700.978515625,-0.001357541997912581,0.001357541997912581,0
2023-06-09,18634.55078125,18563.400390625,-0.0038181972541345725,0.0038181972541345725,0.004617479556132291,0.004058370975375074,0.0040099769830703735,0,18675.0625,0.0021740110199362952,0.0021740110199362952,0
2023-06-12,18563.400390625,18601.5,0.002052404655035146,0.002052404655035146,0.0047375603532539175,0.004035498876736186,0.004152244329452515,0,18532.37890625,-0.0016711100187585598,0.0016711100187585598,0
2023-06-13,18601.5,18716.150390625,0.006163502439319409,0.006163502439319409,0.004660875190581438,0.0038466348254466254,0.004025411605834961,1,18618.1953125,0.0008975250651829153,0.0008975250651829153,0
2023-06-14,18716.150390625,18755.900390625,0.0021238341844010264,0.0021238341844010264,0.004543520541187298,0.0040672865466082845,0.004028269648551941,0,18722.76171875,0.00035324187864570927,0.00035324187864570927,0
2023-06-15,18755.900390625,18688.099609375,-0.0036149041015322157,0.0036149041015322157,0.004245388436927046,0.0038821957043252784,0.00384804904460907,0,18723.31640625,-0.0017372658041672512,0.0017372658041672512,0
2023-06-16,18688.099609375,18826.0,0.007379048352022986,0.007379048352022986,0.004290505470426984,0.0038567392083264794,0.0038863420486450195,1,18650.55078125,-0.0020092373708326876,0.0020092373708326876,0
2023-06-19,18826.0,18755.44921875,-0.0037475183921172844,0.0037475183921172844,0.00445496625596368,0.0041921978573614205,0.0040527284145355225,0,18813.0703125,-0.0006867995060023372,0.0006867995060023372,0
2023-06-20,18755.44921875,18816.69921875,0.0032657175674986124,0.0032657175674986124,0.004486387261373792,0.004149847854847298,0.003935214877128601,0,18744.591796875,-0.00057889425885602,0.00057889425885602,0
2023-06-21,18816.69921875,18856.849609375,0.002133763746671995,0.002133763746671995,0.004508399101597127,0.00406564696269457,0.004006770253181457,0,18744.703125,-0.0038261808255009525,0.0038261808255009525,0
2023-06-22,18856.849609375,18771.25,-0.0045394438174042985,0.0045394438174042985,0.004373717634480865,0.0038816545923112235,0.003942868113517762,1,18821.32421875,-0.001883951527477737,0.001883951527477737,0
2023-06-23,18771.25,18665.5,-0.005633615236065792,0.005633615236065792,0.004578282729446936,0.003944299882705295,0.004072082042694092,1,18795.34765625,0.001283753412798828,0.001283753412798828,0
2023-06-26,18665.5,18691.19921875,0.0013768299134767352,0.0013768299134767352,0.004360094208549562,0.004105184903932488,0.0038674414157867433,0,18651.638671875,-0.0007426175631512683,0.0007426175631512683,0
2023-06-27,18691.19921875,18817.400390625,0.006751903417112039,0.006751903417112039,0.004212299438852851,0.0038453451315876345,0.0036678969860076903,1,18762.703125,0.0038255387154758455,0.0038255387154758455,0
2023-06-28,18817.400390625,18972.099609375,0.008221072812324946,0.008221072812324946,0.004445323851643183,0.004122159400090403,0.003910863399505615,1,18802.005859375,-0.0008181008497682653,0.0008181008497682653,0
2023-06-30,18972.099609375,19189.05078125,0.01143527476356883,0.01143527476356883,0.004541158365745089,0.004512528051061843,0.004055064916610718,1,19138.1875,0.008754323140013887,0.008754323140013887,1
2023-07-03,19189.05078125,19322.55078125,0.006957092433693775,0.006957092433693775,0.004992937550972875,0.005171836837574834,0.00450097918510437,1,19208.99609375,0.0010394111062277743,0.0010394111062277743,0
2023-07-04,19322.55078125,19389.0,0.0034389465191355714,0.0034389465191355714,0.0051201127233658624,0.0053418575328709065,0.004723477363586426,0,19297.490234375,-0.0012969585205757602,0.0012969585205757602,0
2023-07-05,19389.0,19398.5,0.0004899685388622415,0.0004899685388622415,0.00512282892701007,0.005160628204498529,0.004734236001968384,0,19343.6328125,-0.0023398415338594047,0.0023398415338594047,0
2023-07-06,19398.5,19497.30078125,0.005093217581256282,0.005093217581256282,0.005119042855390432,0.004715801725979974,0.004744881391525268,0,19350.458984375,-0.0024765324960692838,0.0024765324960692838,0
2023-07-07,19497.30078125,19331.80078125,-0.008488354457718407,0.008488354457718407,0.005048177972031938,0.004751746027892085,0.004657047986984253,1,19476.59765625,-0.0010618457001960809,0.0010618457001960809,0
2023-07-10,19331.80078125,19355.900390625,0.001246630339702979,0.001246630339702979,0.00536120923816977,0.005107613745912663,0.004836225509643554,0,19438.8359375,0.005536740082373179,0.005536740082373179,1
2023-07-11,19355.900390625,19439.400390625,0.004313930032438227,0.004313930032438227,0.005196360574779403,0.004739895440666934,0.004707643389701843,0,19445.71875,0.004640360694277151,0.004640360694277151,0
2023-07-12,19439.400390625,19384.30078125,-0.002834429471475508,0.002834429471475508,0.0052197038944143456,0.004699328805390433,0.004820719361305237,0,19502.625,0.0032523950381458887,0.0032523950381458887,0
2023-07-13,19384.30078125,19413.75,0.0015192303855749891,0.0015192303855749891,0.005249457040284961,0.004521720278938861,0.004654267430305481,0,19464.45703125,0.004135111753813341,0.004135111753813341,0
2023-07-14,19413.75,19564.5,0.007765114931427467,0.007765114931427467,0.0052490436468571895,0.004235766270090888,0.004624035954475403,1,19485.93359375,0.003718168501706265,0.003718168501706265,0
2023-07-17,19564.5,19711.44921875,0.007511013251041427,0.007511013251041427,0.005255021979747958,0.004571900331229693,0.004831549525260925,1,19483.271484375,-0.004151831921337116,0.004151831921337116,0
2023-07-18,19711.44921875,19749.25,0.001917706853032551,0.001917706853032551,0.005261803850832894,0.004851816462229349,0.004838147759437561,0,19683.87109375,-0.0013990917001560205,0.0013990917001560205,0
2023-07-19,19749.25,19833.150390625,0.004248282371482461,0.004248282371482461,0.005067218473524933,0.0045723786887792595,0.004746657609939575,0,19659.4609375,-0.004546454295732749,0.004546454295732749,0
2023-07-20,19833.150390625,19979.150390625,0.007361412439498933,0.007361412439498933,0.005078791790654534,0.004541510380488015,0.004795783758163452,1,19828.076171875,-0.0002558453221026625,0.0002558453221026625,0
2023-07-21,19979.150390625,19745.0,-0.011719737128305142,0.011719737128305142,0.005184453162670893,0.004810072444092951,0.0050571680068969725,1,19924.79296875,-0.002720707378052804,0.002720707378052804,0
2023-07-24,19745.0,19672.349609375,-0.0036794322929855658,0.0036794322929855658,0.0059232635787579285,0.005468138237889926,0.005416184663772583,0,19781.13671875,0.0018301706128133705,0.0018301706128133705,0
2023-07-25,19672.349609375,19680.599609375,0.0004193703428322768,0.0004193703428322768,0.0057959402693827785,0.0052977873891984694,0.005318477749824524,0,19682.603515625,0.0005212344459918213,0.0005212344459918213,0
2023-07-26,19680.599609375,19778.30078125,0.004964339187534679,0.004964339187534679,0.005810912533320253,0.0048331769979071525,0.00527060329914093,0,19689.916015625,0.00047338020359715365,0.00047338020359715365,0
2023-07-27,19778.30078125,19659.900390625,-0.005986378300872267,0.005986378300872267,0.0057571641095702595,0.00484566982230197,0.005181226134300232,1,19742.630859375,-0.001803487684281523,0.001803487684281523,0
2023-07-28,19659.900390625,19646.05078125,-0.0007044597937843221,0.0007044597937843221,0.005890252417603949,0.004954310077131911,0.0050694942474365234,0,19720.357421875,0.003075144331800861,0.003075144331800861,0
2023-07-31,19646.05078125,19753.80078125,0.005484562836559272,0.005484562836559272,0.00545430283326755,0.004549563145652713,0.004532954096794129,1,19683.03125,0.0018823360054272993,0.0018823360054272993,0
2023-08-01,19753.80078125,19733.55078125,-0.0010251191770254656,0.0010251191770254656,0.005381840717052184,0.004638612464509821,0.004459330439567566,0,19700.28125,-0.0027093282878907993,0.0027093282878907993,0
2023-08-02,19733.55078125,19526.55078125,-0.010489749274959822,0.010489749274959822,0.005373082049253453,0.004294472256984308,0.004338639974594116,1,19713.92578125,-0.0009944991764303695,0.0009944991764303695,0
2023-08-03,19526.55078125,19381.650390625,-0.007420685416911309,0.007420685416911309,0.005946904065588071,0.004884499835307347,0.004838630557060242,1,19475.12890625,-0.0026334336041251524,0.0026334336041251524,0
2023-08-04,19381.650390625,19517.0,0.006983389270114442,0.006983389270114442,0.006077997773402639,0.005126038809587274,0.004955002665519714,1,19377.87109375,-0.0001949935531201236,0.0001949935531201236,0
2023-08-07,19517.0,19597.30078125,0.004114401867602603,0.004114401867602603,0.005961743117329387,0.005302930293547945,0.004879754781723022,0,19624.98046875,0.005532636611671876,0.005532636611671876,0
2023-08-08,19597.30078125,19570.849609375,-0.001349735464605796,0.001349735464605796,0.006015052726454645,0.005189735924596299,0.005023145675659179,0,19665.119140625,0.0034605969532235884,0.0034605969532235884,0
2023-08-09,19570.849609375,19632.55078125,0.0031527078847636415,0.0031527078847636415,0.005965961571331465,0.004824022710914625,0.0048749357461929325,0,19632.3203125,0.0031409317608548665,0.0031409317608548665,0
2023-08-10,19632.55078125,19543.099609375,-0.004556268458015656,0.004556268458015656,0.005947738345161777,0.004664851793756043,0.004890850186347962,0,19657.3984375,0.00126563565411636,0.00126563565411636,0
2023-08-11,19543.099609375,19428.30078125,-0.005874136161590763,0.005874136161590763,0.0060553626423432115,0.004654513361581221,0.005042704939842224,0,19592.55859375,0.002530764585126204,0.002530764585126204,0
2023-08-14,19428.30078125,19434.55078125,0.0003216956578123288,0.0003216956578123288,0.005943249304223417,0.004770669893992942,0.004948154091835022,0,19447.828125,0.0010050978708773947,0.0010050978708773947,0
2023-08-16,19434.55078125,19465.0,0.001566757013976196,0.001566757013976196,0.00565427641298802,0.004346962844326715,0.004588690400123596,0,19390.724609375,-0.0022550648259532947,0.0022550648259532947,0
2023-08-17,19465.0,19365.25,-0.005124582584125353,0.005124582584125353,0.005646290367738861,0.004082182353682829,0.004571142792701721,0,19319.486328125,-0.007475657430002568,0.007475657430002568,1
2023-08-18,19365.25,19310.150390625,-0.002845282626095713,0.002845282626095713,0.005601942056860178,0.004181457266590082,0.0046149581670761105,0,19504.703125,0.007201204477091698,0.007201204477091698,1
2023-08-21,19310.150390625,19393.599609375,0.0043215209131936255,0.0043215209131936255,0.005236014474312099,0.004054202986247983,0.004389151930809021,0,19251.4765625,-0.0030384966941265205,0.0030384966941265205,0
2023-08-22,19393.599609375,19396.44921875,0.00014693555773021523,0.00014693555773021523,0.00483151387437768,0.004079667003252453,0.004019242525100708,0,19358.330078125,-0.0018186170675066667,0.0018186170675066667,0
2023-08-23,19396.44921875,19444.0,0.0024515199000461384,0.0024515199000461384,0.004790677758580105,0.0037051258652299446,0.0038426190614700316,0,19371.22265625,-0.001300576317629012,0.001300576317629012,0
2023-08-24,19444.0,19386.69921875,-0.0029469646806212714,0.0029469646806212714,0.004836885562315659,0.0035857366437425037,0.00394422709941864,0,19406.880859375,-0.0019090280099259413,0.0019090280099259413,0
2023-08-25,19386.69921875,19265.80078125,-0.006236153774081981,0.006236153774081981,0.004679376340223322,0.0035249019964322522,0.0038433581590652465,1,19466.935546875,0.004138730746253019,0.004138730746253019,0
2023-08-28,19265.80078125,19306.05078125,0.002089194238900902,0.002089194238900902,0.004693725305320976,0.003783114754831585,0.003855845332145691,0,19310.791015625,0.0023352382226845053,0.0023352382226845053,0
2023-08-29,19306.05078125,19342.650390625,0.0018957584743610782,0.0018957584743610782,0.004744323896175203,0.0036217840924073806,0.0039250791072845456,0,19381.361328125,0.003900877902390139,0.003900877902390139,0
2023-08-30,19342.650390625,19347.44921875,0.000248095686376356,0.000248095686376356,0.0045557792830874504,0.00345740325805678,0.0037456393241882325,0,19334.66796875,-0.00041268501026461824,0.00041268501026461824,0
2023-08-31,19347.44921875,19253.80078125,-0.004840350603388246,0.004840350603388246,0.0045649025766909875,0.0031517529031518648,0.003706786036491394,1,19380.775390625,0.0017225098512057568,0.0017225098512057568,0
2023-09-01,19253.80078125,19435.30078125,0.00942671018891765,0.00942671018891765,0.004096032026779487,0.003312573959320251,0.003424316644668579,1,19221.142578125,-0.0016961951303040208,0.0016961951303040208,0
2023-09-04,19435.30078125,19528.80078125,0.00481083370164269,0.00481083370164269,0.004363716788056339,0.0038948729146047155,0.0035246193408966066,1,19443.96484375,0.00044578998789453065,0.00044578998789453065,0
2023-09-05,19528.80078125,19574.900390625,0.0023605960187407502,0.0023605960187407502,0.004208877666015042,0.003982105026462488,0.003415989875793457,0,19472.28125,-0.002894162928031175,0.002894162928031175,0
2023-09-06,19574.900390625,19611.05078125,0.0018467726478094107,0.0018467726478094107,0.004137150360225668,0.003827674295531258,0.0033282995223999023,0,19494.587890625,-0.00410283058392798,0.00410283058392798,0
2023-09-07,19611.05078125,19727.05078125,0.005915032360780324,0.005915032360780324,0.004145992251579765,0.0036390186782159673,0.0033531516790390016,1,19552.017578125,-0.003010200921076665,0.003010200921076665,0
2023-09-08,19727.05078125,19819.94921875,0.004709190366575085,0.004709190366575085,0.00429596113104359,0.003855783160121134,0.0034912675619125366,1,19643.1328125,-0.004253954110046781,0.004253954110046781,0
2023-09-11,19819.94921875,19996.349609375,0.00890014342005086,0.00890014342005086,0.004249847065191933,0.003937065123387128,0.0034989148378372194,1,19729.72265625,-0.004552310477901941,0.004552310477901941,1
2023-09-12,19996.349609375,19993.19921875,-0.0001575482868894723,0.0001575482868894723,0.004328075301451786,0.004409741355241814,0.0036502152681350706,0,19905.12109375,-0.004562258482529673,0.004562258482529673,1
2023-09-13,19993.19921875,20070.0,0.0038413452699443307,0.0038413452699443307,0.004335975890027578,0.004004769328660818,0.0036420047283172606,0,20029.689453125,0.0018251323350381447,0.0018251323350381447,0
2023-09-14,20070.0,20103.099609375,0.001649208239910314,0.001649208239910314,0.004369538835335853,0.003989210358929728,0.0037557363510131838,0,20066.900390625,-0.00015443992899850524,0.00015443992899850524,0
2023-09-15,20103.099609375,20192.349609375,0.004439613877174375,0.004439613877174375,0.004078550773928071,0.003766357993406426,0.0035819709300994873,1,20156.6953125,0.002666041763032695,0.002666041763032695,0
2023-09-18,20192.349609375,20133.30078125,-0.0029243168460982138,0.0029243168460982138,0.0039579118705776765,0.0038304755522677375,0.003661686182022095,0,20251.21484375,0.002915224603067974,0.002915224603067974,0
2023-09-20,20133.30078125,19901.400390625,-0.011518249945432057,0.011518249945432057,0.004087209388369137,0.0037441753170013065,0.0035918235778808595,1,20173.623046875,0.0020027647757863845,0.0020027647757863845,0
2023-09-21,19901.400390625,19742.349609375,-0.007991939166498275,0.007991939166498275,0.0050634710124077996,0.004484562427284572,0.004160386323928833,1,19857.697265625,-0.0021959824003434116,0.0021959824003434116,0
2023-09-22,19742.349609375,19674.25,-0.0034494176591149876,0.0034494176591149876,0.005461131165795125,0.004818595527616892,0.004437404870986939,0,19711.69921875,-0.0015525198991737602,0.0015525198991737602,0
2023-09-25,19674.25,19674.55078125,1.5288066889462116e-05,1.5288066889462116e-05,0.005480281237458277,0.004688199763314465,0.004462528228759766,0,19623.982421875,-0.002554993360610951,0.002554993360610951,0
2023-09-26,19674.55078125,19664.69921875,-0.0005007261720754822,0.0005007261720754822,0.005233529357900217,0.004243157765766658,0.004151484370231629,0,19690.26953125,0.0007989381904963285,0.0007989381904963285,0
2023-09-27,19664.69921875,19716.44921875,0.002631619198663214,0.002631619198663214,0.005238849117860497,0.0038867368948134577,0.004072064161300659,0,19709.95703125,0.002301474942309178,0.002301474942309178,0
2023-09-28,19716.44921875,19523.55078125,-0.009783629666773718,0.009783629666773718,0.005248536141986648,0.0037672061692238944,0.004108858108520508,1,19672.578125,-0.0022251011459142123,0.0022251011459142123,0
2023-09-29,19523.55078125,19638.30078125,0.005877516917168748,0.005877516917168748,0.005774240058283606,0.0043401984962237305,0.004585635662078857,1,19538.267578125,0.0007537971468352825,0.0007537971468352825,0
2023-10-03,19638.30078125,19528.75,-0.005578424654468856,0.005578424654468856,0.005752864184070484,0.00448660766915592,0.004637491703033447,0,19642.255859375,0.0002013961477143775,0.0002013961477143775,0
2023-10-04,19528.75,19436.099609375,-0.00474430727133073,0.00474430727133073,0.005572342478306939,0.004590587767762862,0.004445075988769531,0,19519.384765625,-0.0004795613838571337,0.0004795613838571337,0
2023-10-05,19436.099609375,19545.75,0.00564158410528572,0.00564158410528572,0.005570764512597838,0.004605226199932303,0.004441750049591064,1,19444.775390625,0.00044637460315418624,0.00044637460315418624,0
2023-10-06,19545.75,19653.5,0.005512707366051443,0.005512707366051443,0.005697717615743546,0.004703926526414058,0.004605799913406372,0,19600.439453125,0.00279802274791195,0.00279802274791195,0
2023-10-09,19653.5,19512.349609375,-0.007181946758847025,0.007181946758847025,0.005819911909310104,0.0047809539416114166,0.004789096117019653,1,19602.58984375,-0.00259038625435673,0.00259038625435673,0
2023-10-10,19512.349609375,19689.849609375,0.009096802976240107,0.009096802976240107,0.005870652201600505,0.005009619515069486,0.0048524409532546995,1,19617.71484375,0.0053999255079140085,0.0053999255079140085,0
2023-10-11,19689.849609375,19811.349609375,0.006170692128707259,0.006170692128707259,0.006152004809124628,0.00539888059797907,0.005071821808815003,1,19694.62109375,0.0002423321899182072,0.0002423321899182072,0
2023-10-12,19811.349609375,19794.0,-0.000875740912006819,0.000875740912006819,0.005964323347809351,0.0054723919376293145,0.004935351014137268,0,19733.42578125,-0.003933292262336604,0.003933292262336604,0
2023-10-13,19794.0,19751.05078125,-0.0021698099802970596,0.0021698099802970596,0.005964646394322619,0.00503461284271605,0.004971259832382202,0,19765.447265625,-0.0014424944111852077,0.0014424944111852077,0
2023-10-16,19751.05078125,19731.75,-0.0009772027556287056,0.0009772027556287056,0.005886174623804803,0.004761772370434382,0.00488767921924591,0,19770.7109375,0.0009953979900990237,0.0009953979900990237,0
2023-10-17,19731.75,19811.5,0.004041709427699013,0.004041709427699013,0.005858259082079689,0.004401338635258967,0.004854077100753784,0,19681.892578125,-0.0025267612794100877,0.0025267612794100877,0
2023-10-18,19811.5,19671.099609375,-0.0070868127413371024,0.0070868127413371024,0.005839761269337631,0.004367084646465702,0.004834181070327759,1,19761.669921875,-0.002515209758221235,0.002515209758221235,0
2023-10-19,19671.099609375,19624.69921875,-0.0023588102112444267,0.0023588102112444267,0.0059867016260688865,0.004626106437265123,0.005042305588722229,0,19721.888671875,0.0025819127302773946,0.0025819127302773946,0
2023-10-20,19624.69921875,19542.650390625,-0.004180896084593653,0.004180896084593653,0.00548019583777658,0.004410171939653331,0.0045843333005905155,0,19643.857421875,0.0009762291340850567,0.0009762291340850567,0
2023-10-23,19542.650390625,19281.75,-0.013350307425555702,0.013350307425555702,0.005275198700182227,0.004388337298079204,0.004393783211708069,1,19573.23828125,0.0015651864006979127,0.0015651864006979127,0
2023-10-25,19281.75,19122.150390625,-0.008277236732921026,0.008277236732921026,0.005983995731537171,0.005241858311732305,0.004888826608657837,1,19434.376953125,0.007915617261140716,0.007915617261140716,1
2023-10-26,19122.150390625,18857.25,-0.01385306491234754,0.01385306491234754,0.00619426921776829,0.005530942035882916,0.005301925539970398,1,19190.5546875,0.0035772282655269,0.0035772282655269,0
2023-10-27,18857.25,19047.25,0.01007570032746026,0.01007570032746026,0.006783270205257585,0.006323525948667133,0.005969542264938355,1,18891.564453125,0.001819695508358854,0.001819695508358854,0
2023-10-30,19047.25,19140.900390625,0.004916740769664912,0.004916740769664912,0.007243572613183222,0.006680874749948509,0.006341743469238281,0,19045.69140625,-8.182775728779745e-05,8.182775728779745e-05,0
2023-10-31,19140.900390625,19079.599609375,-0.003202606982899532,0.003202606982899532,0.007125016297354779,0.006512866406860268,0.006098401546478271,0,19047.767578125,-0.004865644280015971,0.004865644280015971,0
2023-11-01,19079.599609375,18989.150390625,-0.004740624572936879,0.004740624572936879,0.006953284758700544,0.006197604574628481,0.005964657664299012,0,19179.51953125,0.00523700307766957,0.00523700307766957,0
2023-11-02,18989.150390625,19133.25,0.007588523257267076,0.007588523257267076,0.006929390507194286,0.006058841835860617,0.005922767519950867,1,19036.908203125,0.002515005227594499,0.002515005227594499,0
2023-11-03,19133.25,19230.599609375,0.005087980838331178,0.005087980838331178,0.007158922867157771,0.006204524112915234,0.006064978241920471,0,19088.1953125,-0.002354784864045575,0.002354784864045575,0
2023-11-06,19230.599609375,19411.75,0.0094199033989917,0.0094199033989917,0.007133892435231031,0.0060981857866677725,0.00603729784488678,1,19318.09375,0.004549735442588396,0.004549735442588396,0
2023-11-07,19411.75,19406.69921875,-0.00026019195847875644,0.00026019195847875644,0.007365270091867733,0.006414541241299673,0.0062326580286026,0,19363.98828125,-0.002460454042010638,0.002460454042010638,0
2023-11-08,19406.69921875,19443.5,0.0018962926582818634,0.0018962926582818634,0.007200130685303777,0.00582841105398014,0.005886569619178772,0,19394.3046875,-0.0006386728165511466,0.0006386728165511466,0
2023-11-09,19443.5,19395.30078125,-0.0024789373698151053,0.0024789373698151053,0.006881296923896456,0.00545392068397101,0.00552653968334198,0,19410.216796875,-0.0017117907334070512,0.0017117907334070512,0
2023-11-10,19395.30078125,19425.349609375,0.0015492839458333678,0.0015492839458333678,0.006702402924432469,0.005170590826088866,0.005341950058937073,0,19424.6953125,0.00151554913128321,0.00151554913128321,0
2023-11-13,19425.349609375,19443.55078125,0.0009369804014346186,0.0009369804014346186,0.0067274047732756165,0.0048257006452234455,0.005375626683235169,0,19420.93359375,-0.00022733262019998635,0.00022733262019998635,0
2023-11-15,19443.55078125,19675.44921875,0.011926753508604336,0.011926753508604336,0.006732845862442308,0.0044553467757611305,0.005313986539840698,1,19433.7578125,-0.00050366154105163,0.00050366154105163,0
2023-11-16,19675.44921875,19765.19921875,0.004561522280999382,0.004561522280999382,0.007305166197742864,0.005166910912380653,0.005861464142799378,0,19683.5703125,0.00041275264720568044,0.00041275264720568044,0
2023-11-17,19765.19921875,19731.80078125,-0.0016897597201204532,0.0016897597201204532,0.007321650727695429,0.005109256869740652,0.005887457728385925,0,19653.439453125,-0.005654370815497804,0.005654370815497804,0
2023-11-20,19731.80078125,19694.0,-0.0019157289123818803,0.0019157289123818803,0.007147646734545881,0.004783587841645119,0.005617603659629822,0,19656.634765625,-0.003809384478299921,0.003809384478299921,0
2023-11-21,19694.0,19783.400390625,0.004539473475423987,0.004539473475423987,0.0071400521984352075,0.004510460703176615,0.005595451593399048,0,19642.953125,-0.002592001370975932,0.002592001370975932,0
2023-11-22,19783.400390625,19811.849609375,0.001438034826585301,0.001438034826585301,0.007124657372689725,0.004513225373930628,0.005613380670547485,0,19690.984375,-0.004671391863897892,0.004671391863897892,0
2023-11-23,19811.849609375,19802.0,-0.0004971574875239891,0.0004971574875239891,0.006318435663946526,0.004220348829732575,0.0050177663564682,0,19786.541015625,-0.0012774472979051857,0.0012774472979051857,0
2023-11-24,19802.0,19794.69921875,-0.00036868908443591557,0.00036868908443591557,0.005919761565895091,0.0038657596404315228,0.004628762602806091,0,19704.99609375,-0.004898692366932633,0.004898692366932633,0
2023-11-28,19794.69921875,19889.69921875,0.0047992646389905125,0.0047992646389905125,0.0046868588891712595,0.0035327077063504794,0.00395454466342926,1,19720.193359375,-0.003763929855747761,0.003763929855747761,0
2023-11-29,19889.69921875,20096.599609375,0.010402389113554579,0.010402389113554579,0.004372328233587104,0.003653330476033758,0.0036907225847244264,1,19881.841796875,-0.00039504980887759307,0.00039504980887759307,0
2023-11-30,20096.599609375,20133.150390625,0.0018187545137212753,0.0018187545137212753,0.004712205523069522,0.004296102909247712,0.003965005278587341,0,19977.29296875,-0.0059366580886322596,0.0059366580886322596,1
2023-12-01,20133.150390625,20267.900390625,0.006692941610506537,0.006692941610506537,0.0045252627085562965,0.0040601670255742415,0.003895813226699829,1,20134.869140625,8.536915319523645e-05,8.536915319523645e-05,0
2023-12-04,20267.900390625,20686.80078125,0.020668169003769332,0.020668169003769332,0.004249522527945207,0.004310902199570891,0.003993427753448487,1,20222.033203125,-0.002263045831881829,0.002263045831881829,0
2023-12-05,20686.80078125,20855.099609375,0.008135565760247562,0.008135565760247562,0.00570567776944647,0.005868735227654217,0.004647409915924073,1,20625.689453125,-0.0029541217499609597,0.0029541217499609597,0
2023-12-06,20855.099609375,20937.69921875,0.00396064324420052,0.00396064324420052,0.0057785630336515325,0.006084623032133112,0.004799789190292359,0,20696.744140625,-0.00759312934083587,0.00759312934083587,1
2023-12-07,20937.69921875,20901.150390625,-0.0017455990623969808,0.0017455990623969808,0.005640266846410552,0.005882336022980926,0.0045268237590789795,0,20783.435546875,-0.007367747060615655,0.007367747060615655,1
2023-12-08,20901.150390625,20969.400390625,0.0032653705047073797,0.0032653705047073797,0.005706021221338953,0.005488359413829608,0.004601094126701355,0,20878.125,-0.001101632694596935,0.001101632694596935,0
2023-12-11,20969.400390625,20997.099609375,0.0013209351833628857,0.0013209351833628857,0.005691037825373279,0.005276647170548216,0.004669550061225891,0,20919.970703125,-0.0023572294190204422,0.0023572294190204422,0
2023-12-12,20997.099609375,20906.400390625,-0.0043196070141755995,0.0043196070141755995,0.005531579199873398,0.004899914881687643,0.004611650109291076,0,20941.16796875,-0.002663779363128185,0.002663779363128185,0
2023-12-13,20906.400390625,20926.349609375,0.0009542158562573868,0.0009542158562573868,0.005816214217202858,0.004844647579766661,0.004750168323516846,0,20906.7109375,1.485415323525793e-05,1.485415323525793e-05,0
2023-12-14,20926.349609375,21182.69921875,0.012250087289956937,0.012250087289956937,0.005815783848278282,0.004474135463870218,0.004751032590866089,1,20920.7890625,-0.00026571986891153136,0.00026571986891153136,0
2023-12-15,21182.69921875,21456.650390625,0.012932779200891942,0.012932779200891942,0.005840258828529591,0.005214700258123325,0.004767197370529175,1,21070.880859375,-0.005278758774803509,0.005278758774803509,0
2023-12-18,21456.650390625,21418.650390625,-0.0017710126840955215,0.0017710126840955215,0.006193524436001991,0.005949755224472071,0.005185759067535401,0,21193.8359375,-0.012248624474947444,0.012248624474947444,1
2023-12-19,21418.650390625,21453.099609375,0.0016083748565725931,0.0016083748565725931,0.006197571987493788,0.0055517816612091295,0.005189824104309082,0,21263.74609375,-0.007232215571472329,0.007232215571472329,1
2023-12-20,21453.099609375,21150.150390625,-0.01412146609423336,0.01412146609423336,0.0060653823722688184,0.005176218811057702,0.005174455046653747,1,21310.5703125,-0.0066437624152322836,0.0066437624152322836,1
2023-12-21,21150.150390625,21255.05078125,0.004959794076523355,0.004959794076523355,0.007330644291431272,0.006028147765770375,0.005653554201126098,0,21310.482421875,0.007580656793866991,0.007580656793866991,1
2023-12-22,21255.05078125,21349.400390625,0.004438926556610718,0.004438926556610718,0.0073240590439096875,0.005926402426273178,0.005829644203186035,0,21287.265625,0.0015156324057535588,0.0015156324057535588,0
2023-12-26,21349.400390625,21441.349609375,0.004306875934107122,0.004306875934107122,0.007263514137851767,0.005784733348124579,0.006026729941368103,0,21320.650390625,-0.0013466420355592174,0.0013466420355592174,0
2023-12-27,21441.349609375,21654.75,0.009952749920727609,0.009952749920727609,0.007197423140339118,0.005643988498034636,0.006223639845848084,1,21389.916015625,-0.0023988039319834237,0.0023988039319834237,0
2023-12-28,21654.75,21778.69921875,0.005723881307796211,0.005723881307796211,0.007317738815462377,0.006054349934849883,0.0064813166856765745,0,21577.1015625,-0.0035857461988709175,0.0035857461988709175,0
2023-12-29,21778.69921875,21731.400390625,-0.002171793074045436,0.002171793074045436,0.007185491728641967,0.006022872230367109,0.006247386336326599,0,21607.8125,-0.007846507132201816,0.007846507132201816,1
