date,curr_close,real_close,real_return,abs_real_return,roll_std,ewma_abs,roll_abs,real_high_vol,pred_close,pred_return,abs_pred_return,pred_high_vol
2020-01-01,12168.4501953125,12182.5,0.0011546092116900993,0.0011546092116900993,0.005749722157799632,0.004883644441871808,0.004820114374160767,0,12136.8203125,-0.002599335355350707,0.002599335355350707,0
2020-01-02,12182.5,12282.2001953125,0.008183886337984815,0.008183886337984815,0.005628907219876376,0.004528503178702004,0.004653748869895935,1,12163.904296875,-0.0015264275087215268,0.0015264275087215268,0
2020-01-03,12282.2001953125,12226.650390625,-0.0045227893866035965,0.0045227893866035965,0.0058261787634431425,0.004876630203297117,0.004858675599098206,0,12241.3193359375,-0.0033284638521526603,0.0033284638521526603,0
2020-01-06,12226.650390625,11993.0498046875,-0.01910585307294117,0.01910585307294117,0.005919537421621239,0.004842932131131357,0.0049818545579910275,1,12187.3076171875,-0.003217788370530883,0.003217788370530883,0
2020-01-07,11993.0498046875,12052.9501953125,0.004994592001242908,0.004994592001242908,0.00717837947639032,0.006201305418665327,0.005534014105796814,0,11992.0361328125,-8.452160972464276e-05,8.452160972464276e-05,0
2020-01-08,12052.9501953125,12025.349609375,-0.0022899444111396158,0.0022899444111396158,0.007251737886813237,0.006086384027706594,0.005716642737388611,0,12111.21484375,0.004834057014535715,0.004834057014535715,0
2020-01-09,12025.349609375,12215.900390625,0.015845758122611756,0.015845758122611756,0.007082902153388618,0.0057248189629369875,0.005493128299713134,1,11989.333984375,-0.002994975295514245,0.002994975295514245,0
2020-01-10,12215.900390625,12256.7998046875,0.0033480474426500683,0.0033480474426500683,0.007817067791270834,0.006688719595442803,0.006060439348220825,0,12244.09765625,0.0023082429230218493,0.0023082429230218493,0
2020-01-13,12256.7998046875,12329.5498046875,0.005935480807329286,0.005935480807329286,0.007779922472641286,0.006370555147975268,0.005969029664993286,0,12219.8837890625,-0.003011880442958839,0.003011880442958839,0
2020-01-14,12329.5498046875,12362.2998046875,0.002656220260982195,0.002656220260982195,0.007613334792790885,0.006329114707856995,0.005785924196243286,0,12256.1572265625,-0.005952575664773851,0.005952575664773851,0
2020-01-15,12362.2998046875,12343.2998046875,-0.0015369308543055748,0.0015369308543055748,0.007569304949690987,0.0059793153442297105,0.005783256888389587,0,12300.607421875,-0.004990364558955905,0.004990364558955905,0
2020-01-16,12343.2998046875,12355.5,0.0009884063018437618,0.0009884063018437618,0.007355839004348649,0.005556228717687209,0.005399465560913086,0,12312.884765625,-0.0024640930337728297,0.0024640930337728297,0
2020-01-17,12355.5,12352.349609375,-0.0002549788049856339,0.0002549788049856339,0.007298903440294643,0.005121194003589906,0.005216044187545776,0,12355.2373046875,-2.1261406863340214e-05,2.1261406863340214e-05,0
2020-01-20,12352.349609375,12224.5498046875,-0.010346193941151442,0.010346193941151442,0.007275957963917361,0.004657745876614593,0.005073130130767822,1,12352.0771484375,-2.2057417909643014e-05,2.2057417909643014e-05,0
2020-01-21,12224.5498046875,12169.849609375,-0.004474618385662368,0.004474618385662368,0.007659201712568222,0.005199500958852471,0.005541092157363892,0,12207.92578125,-0.0013598883969637495,0.0013598883969637495,0
2020-01-22,12169.849609375,12106.900390625,-0.0051725551893021995,0.0051725551893021995,0.007719256033842227,0.005130466571588247,0.0057279527187347416,0,12213.2275390625,0.0035643768066027674,0.0035643768066027674,0
2020-01-23,12106.900390625,12180.349609375,0.00606672363529773,0.00606672363529773,0.0077544751981415356,0.005134474581746811,0.005790048837661743,0,12083.626953125,-0.0019223283209649457,0.0019223283209649457,0
2020-01-24,12180.349609375,12248.25,0.00557458470426319,0.00557458470426319,0.007710502509507152,0.005223256045821287,0.0057331562042236325,0,12195.8154296875,0.0012697353367095664,0.0012697353367095664,0
2020-01-27,12248.25,12119.0,-0.010552527912150715,0.010552527912150715,0.007487451992993932,0.005256715851672897,0.00552019476890564,1,12210.08984375,-0.003115559875900639,0.003115559875900639,0
2020-01-28,12119.0,12055.7998046875,-0.005214967844912947,0.005214967844912947,0.007847984003388488,0.005761078677258783,0.006006789207458496,0,12058.859375,-0.0049625072200676626,0.0049625072200676626,0
2020-01-29,12055.7998046875,12129.5,0.00611325639994819,0.00611325639994819,0.0077745306058999725,0.005709070154218256,0.005910977721214294,0,12077.0341796875,0.0017613410428185539,0.0017613410428185539,0
2020-01-30,12129.5,12035.7998046875,-0.007724984155365019,0.007724984155365019,0.00790588851024479,0.005747567357315866,0.00615890920162201,0,12116.2998046875,-0.0010882720072962612,0.0010882720072962612,0
2020-01-31,12035.7998046875,11962.099609375,-0.006123414854723364,0.006123414854723364,0.007819056631233645,0.0059358943119971865,0.006135967373847961,0,12063.70703125,0.0023186848415035254,0.0023186848415035254,0
2020-02-03,11962.099609375,11707.900390625,-0.021250384719316135,0.021250384719316135,0.007865242684073612,0.0059537542419360245,0.006215998530387878,1,11976.7998046875,0.001228897584248428,0.001228897584248428,0
2020-02-04,11707.900390625,11979.650390625,0.023210822686670744,0.023210822686670744,0.00813417465270958,0.0074105745202861,0.006323224306106568,1,11749.83984375,0.003582149807029675,0.003582149807029675,0
2020-02-05,11979.650390625,12089.150390625,0.00914050046783437,0.00914050046783437,0.009725150609000784,0.008915354464189751,0.007234030961990356,0,11949.759765625,-0.0024951166374096957,0.0024951166374096957,0
2020-02-06,12089.150390625,12137.9501953125,0.004036661230167481,0.004036661230167481,0.009933227280279537,0.008936796085276033,0.007576557993888855,0,12088.8271484375,-2.673820550290041e-05,2.673820550290041e-05,0
2020-02-07,12137.9501953125,12098.349609375,-0.0032625431230384493,0.0032625431230384493,0.009291476382203859,0.00847011693075151,0.006986102461814881,0,12137.1884765625,-6.275513886143352e-05,6.275513886143352e-05,0
2020-02-10,12098.349609375,12031.5,-0.005525514763038282,0.005525514763038282,0.009273220608232376,0.007974155302720488,0.0069818288087844845,0,12111.884765625,0.0011187605489191368,0.0011187605489191368,0
2020-02-11,12031.5,12107.900390625,0.00635003038897893,0.00635003038897893,0.00920132001761207,0.007740952834329302,0.006961333751678467,0,12063.005859375,0.0026186144184016957,0.0026186144184016957,0
2020-02-12,12107.900390625,12201.2001953125,0.00770569641948334,0.00770569641948334,0.009318751958037755,0.007608484986849465,0.007146024703979492,0,12152.1005859375,0.0036505251849217124,0.0036505251849217124,0
2020-02-13,12201.2001953125,12174.650390625,-0.002175999431408395,0.002175999431408395,0.00951767040733634,0.00761774246206023,0.0074544638395309445,0,12224.5986328125,0.0019177160546049636,0.0019177160546049636,0
2020-02-14,12174.650390625,12113.4501953125,-0.0050268544351488535,0.0050268544351488535,0.00951730110319277,0.007099480014894035,0.007513844966888427,0,12160.931640625,-0.001126829071869203,0.001126829071869203,0
2020-02-17,12113.4501953125,12045.7998046875,-0.005584733460263736,0.005584733460263736,0.009565408337780613,0.006902089244563376,0.007752439379692078,0,12148.275390625,0.0028749195935916082,0.0028749195935916082,0
2020-02-18,12045.7998046875,11992.5,-0.004424762618648114,0.004424762618648114,0.009376165511475432,0.006776625201926388,0.007514366507530212,0,12010.88671875,-0.0028983617944500395,0.0028983617944500395,0
2020-02-19,11992.5,12125.900390625,0.011123651500938086,0.011123651500938086,0.009375113495136493,0.006552637164114458,0.0075118720531463625,1,12027.6767578125,0.0029332297529706067,0.0029332297529706067,0
2020-02-20,12125.900390625,12080.849609375,-0.0037152524595064703,0.0037152524595064703,0.00966877800194558,0.006987972408157129,0.0078094273805618284,0,12132.490234375,0.000543451911834511,0.000543451911834511,0
2020-02-24,12080.849609375,11829.400390625,-0.02081386879900152,0.02081386879900152,0.009599440981650425,0.00667628710434594,0.00769185721874237,1,12078.474609375,-0.0001965921335662476,0.0001965921335662476,0
2020-02-25,11829.400390625,11797.900390625,-0.0026628568617023296,0.0026628568617023296,0.010510210515441602,0.00802272474687696,0.008453822135925293,0,11865.2783203125,0.0030329457540327967,0.0030329457540327967,0
2020-02-26,11797.900390625,11678.5,-0.010120477938589775,0.010120477938589775,0.010305973753796898,0.007512259295302065,0.008059337735176086,0,11836.6875,0.0032876281449046234,0.0032876281449046234,0
2020-02-27,11678.5,11633.2998046875,-0.0038703767874727064,0.0038703767874727064,0.010461469207395047,0.007760658548163574,0.008304610848426819,0,11724.544921875,0.003942708556321445,0.003942708556321445,0
2020-02-28,11633.2998046875,11201.75,-0.0370960786649384,0.0370960786649384,0.010314393033949728,0.00739015468679992,0.008192464709281921,1,11600.62109375,-0.0028090663428387277,0.0028090663428387277,0
2020-03-02,11201.75,11132.75,-0.006159751824491709,0.006159751824491709,0.012927072108175645,0.010219290732268033,0.00966101884841919,0,11223.859375,0.0019737429419510347,0.0019737429419510347,0
2020-03-03,11132.75,11303.2998046875,0.015319647408546855,0.015319647408546855,0.012927461731258508,0.009832665215387573,0.0096628338098526,1,11178.935546875,0.00414861978172509,0.00414861978172509,0
2020-03-04,11303.2998046875,11251.0,-0.004626950146523688,0.004626950146523688,0.012871735065905858,0.010355240433870703,0.009366300702095032,0,11326.861328125,0.0020844818632280277,0.0020844818632280277,0
2020-03-05,11251.0,11269.0,0.0015998577904186295,0.0015998577904186295,0.01146727784193591,0.00980968703635723,0.008437108993530274,0,11170.876953125,-0.007121415596391432,0.007121415596391432,0
2020-03-06,11269.0,10989.4501953125,-0.0248069753028219,0.0248069753028219,0.011164670444418039,0.009027803306709974,0.00806007981300354,1,11286.8056640625,0.0015800571534741327,0.0015800571534741327,0
2020-03-09,10989.4501953125,10451.4501953125,-0.04895604333595155,0.04895604333595155,0.011980293229095105,0.010530581688771823,0.009098595380783081,1,10815.90625,-0.01579186785764081,0.01579186785764081,1
2020-03-11,10451.4501953125,10458.400390625,0.000664998175623243,0.000664998175623243,0.015495181460089519,0.014190148820097174,0.011383271217346192,0,10510.6640625,0.005665612530408226,0.005665612530408226,0
2020-03-12,10458.400390625,9590.150390625,-0.0830193880106471,0.0830193880106471,0.015591360814014896,0.012902034591241658,0.011140242218971252,1,10499.39453125,0.0039197333333831335,0.0039197333333831335,0
2020-03-13,9590.150390625,9955.2001953125,0.0380650761268937,0.0380650761268937,0.022762426518847217,0.019579876611226878,0.014973708987236023,1,9966.125,0.0392042454039657,0.0392042454039657,1
2020-03-16,9955.2001953125,9197.400390625,-0.07612100106679093,0.07612100106679093,0.025001058274072528,0.02134037177914133,0.01649167835712433,1,10278.765625,0.0325021519747894,0.0325021519747894,1
2020-03-17,9197.400390625,8967.0498046875,-0.025045184090528298,0.025045184090528298,0.02896534782881584,0.02655757186049567,0.02018892765045166,0,9548.5751953125,0.03818196335623878,0.03818196335623878,1
2020-03-18,8967.0498046875,8468.7998046875,-0.05556454027271503,0.05556454027271503,0.029002569778434975,0.02641353230034197,0.021189841628074645,1,9304.779296875,0.03766338980418653,0.03766338980418653,1
2020-03-19,8468.7998046875,8263.4501953125,-0.024247781753128528,0.024247781753128528,0.030316310549446675,0.029189817104426082,0.023688831925392152,0,9351.318359375,0.10420822017767192,0.10420822017767192,1
2020-03-20,8263.4501953125,8745.4501953125,0.058329146858465714,0.058329146858465714,0.0302069917096036,0.02871914552696423,0.02467998266220093,1,8937.0068359375,0.08151034068155692,0.08151034068155692,1
2020-03-23,8745.4501953125,7610.25,-0.12980466070471242,0.12980466070471242,0.03418491687944457,0.0315391417031769,0.027040255069732667,1,9034.52734375,0.03305457603456976,0.03305457603456976,0
2020-03-24,7610.25,7801.0498046875,0.025071424025163432,0.025071424025163432,0.04248802196792741,0.04089776352294096,0.03334472477436066,0,8625.5771484375,0.13341574172169113,0.13341574172169113,1
2020-03-25,7801.0498046875,8317.849609375,0.06624746894667496,0.06624746894667496,0.043771876298948624,0.039390489141954484,0.033557599782943724,1,8585.3876953125,0.10054260775949751,0.10054260775949751,1
2020-03-26,8317.849609375,8641.4501953125,0.03890435643038937,0.03890435643038937,0.04771422690169077,0.04194829619760819,0.036736831068992615,0,8442.9970703125,0.015045650837020067,0.015045650837020067,0
2020-03-27,8641.4501953125,8660.25,0.0021755381634552306,0.0021755381634552306,0.049277061803205284,0.041658392680956564,0.03817602396011353,0,8639.5244140625,-0.0002228539430852275,0.0002228539430852275,0
2020-03-30,8660.25,8281.099609375,-0.04378053643081897,0.04378053643081897,0.04935937339286985,0.03789812380984658,0.03809128403663635,0,8842.041015625,0.0209914281487255,0.0209914281487255,0
2020-03-31,8281.099609375,8597.75,0.038237722713360595,0.038237722713360595,0.04955015089944748,0.03845835632908413,0.03842550814151764,0,8521.56640625,0.029038027341534267,0.029038027341534267,0
2020-04-01,8597.75,8253.7998046875,-0.04000467509668227,0.04000467509668227,0.05088637281259129,0.03843734057637117,0.04002940654754639,0,8703.9951171875,0.01235731641272426,0.01235731641272426,0
2020-04-03,8253.7998046875,8083.7998046875,-0.020596574186770748,0.020596574186770748,0.050851540447012386,0.03858661010433245,0.041263654828071594,0,8494.796875,0.029198317867563602,0.029198317867563602,0
2020-04-07,8083.7998046875,8792.2001953125,0.08763210467115037,0.08763210467115037,0.05081646111675779,0.036873272362593225,0.04206213653087616,1,8321.5009765625,0.029404633664624622,0.029404633664624622,0
2020-04-08,8792.2001953125,8748.75,-0.004941902407507187,0.004941902407507187,0.05571282670836703,0.04170744261862857,0.04636374413967133,0,8686.7578125,-0.011992718599459993,0.011992718599459993,0
2020-04-09,8748.75,9111.900390625,0.041508831618802686,0.041508831618802686,0.05562756046997594,0.038205960531423215,0.04537048935890198,0,8876.5498046875,0.014607778789827119,0.014607778789827119,0
2020-04-13,9111.900390625,8993.849609375,-0.012955670737079107,0.012955670737079107,0.05595633320471426,0.03852051608375163,0.04499812722206116,0,9121.3408203125,0.0010360549701808653,0.0010360549701808653,0
2020-04-15,8993.849609375,8925.2998046875,-0.007621853562688565,0.007621853562688565,0.0559626149530851,0.03608576841752565,0.04561266303062439,0,9046.83984375,0.005891830159108297,0.005891830159108297,0
2020-04-16,8925.2998046875,8992.7998046875,0.007562771164790399,0.007562771164790399,0.052959866551781726,0.033374916638843545,0.04184278547763824,0,9003.1474609375,0.008722133480503927,0.008722133480503927,0
2020-04-17,8992.7998046875,9266.75,0.030463281876874804,0.030463281876874804,0.05217185829441839,0.030916615676895694,0.04031766951084137,0,8981.8681640625,-0.001215599241884811,0.001215599241884811,0
2020-04-20,9266.75,9261.849609375,-0.0005288143766692746,0.0005288143766692746,0.04977914298216604,0.030873446364644144,0.038034787774086,0,9277.63671875,0.0011748151995036016,0.0011748151995036016,0
2020-04-21,9261.849609375,8981.4501953125,-0.0302746671440956,0.0302746671440956,0.04938936044224675,0.027983481225958725,0.03680897057056427,0,9430.4150390625,0.018199974821106493,0.018199974821106493,0
2020-04-22,8981.4501953125,9187.2998046875,0.022919417788725787,0.022919417788725787,0.048123849018747285,0.028201691508966495,0.03554447889328003,0,9097.1396484375,0.012880932433982584,0.012880932433982584,0
2020-04-23,9187.2998046875,9313.900390625,0.013779955877014752,0.013779955877014752,0.04781789786180246,0.02769861769169467,0.03547806143760681,0,9169.2490234375,-0.001964753696269955,0.001964753696269955,0
2020-04-24,9313.900390625,9154.400390625,-0.017124941572334865,0.017124941572334865,0.046286006737396024,0.026373034847306846,0.033250606060028075,0,9257.5888671875,-0.0060459658226730585,0.0060459658226730585,0
2020-04-27,9154.400390625,9282.2998046875,0.013971358975458566,0.013971358975458566,0.03446450020754772,0.025492264946208355,0.02761662006378174,0,9157.4619140625,0.0003344318914251663,0.0003344318914251663,0
2020-04-28,9282.2998046875,9380.900390625,0.010622430648890199,0.010622430648890199,0.034295162480421325,0.024395032926126756,0.027061617374420165,0,9273.5263671875,-0.0009451792858025844,0.0009451792858025844,0
2020-04-29,9380.900390625,9553.349609375,0.01838301352419654,0.01838301352419654,0.03158002219693716,0.023083351901162442,0.024280363321304323,0,9497.021484375,0.012378459307173548,0.012378459307173548,0
2020-04-30,9553.349609375,9859.900390625,0.03208830345213915,0.03208830345213915,0.030795302499641602,0.0226357018270562,0.02325429916381836,1,9587.8310546875,0.0036093565840678837,0.0036093565840678837,0
2020-05-04,9859.900390625,9293.5,-0.057444839013135,0.057444839013135,0.03134823382884235,0.02353594734106238,0.024749934673309326,1,9701.705078125,-0.016044311426352282,0.016044311426352282,0
2020-05-05,9293.5,9205.599609375,-0.009458265521601119,0.009458265521601119,0.0326349450926193,0.026765362914990688,0.025433146953582765,0,9317.9619140625,0.0026321530168935277,0.0026321530168935277,0
2020-05-06,9205.599609375,9270.900390625,0.007093593467121638,0.007093593467121638,0.03191169152466958,0.02511706586088618,0.023994174599647523,0,9166.927734375,-0.004200907777980751,0.004200907777980751,0
2020-05-07,9270.900390625,9199.0498046875,-0.00775011950405134,0.00775011950405134,0.030192827007844047,0.023400540424108374,0.022348618507385253,0,9099.0693359375,-0.018534451611761517,0.018534451611761517,0
2020-05-08,9199.0498046875,9251.5,0.005701697069383546,0.005701697069383546,0.02972456255414933,0.021910021711042827,0.021706295013427735,0,9048.37890625,-0.01637896322299762,0.01637896322299762,0
2020-05-11,9251.5,9239.2001953125,-0.0013294930214019349,0.0013294930214019349,0.022866846504288874,0.020366368320460113,0.017609775066375732,0,9283.7421875,0.003485076744311733,0.003485076744311733,0
2020-05-12,9239.2001953125,9196.5498046875,-0.004616242718351166,0.004616242718351166,0.0228166911083661,0.018553331490103443,0.017429155111312867,0,9258.5478515625,0.002094083453220985,0.002094083453220985,0
2020-05-13,9196.5498046875,9383.5498046875,0.02033371253039762,0.02033371253039762,0.020974060583655817,0.0172259913985283,0.01558452844619751,0,9174.078125,-0.0024434902397903763,0.0024434902397903763,0
2020-05-14,9383.5498046875,9142.75,-0.025661909373274686,0.025661909373274686,0.021155613245765977,0.01752197002126426,0.015953433513641358,1,9457.2470703125,0.007853879092556736,0.007853879092556736,0
2020-05-15,9142.75,9136.849609375,-0.0006453627874545405,0.0006453627874545405,0.02197149039068035,0.01829720008956031,0.01685543656349182,0,9168.693359375,0.0028375881846271636,0.0028375881846271636,0
2020-05-18,9136.849609375,8823.25,-0.03432250970325992,0.03432250970325992,0.02192765140724446,0.01661607050855296,0.016509565711021423,1,9096.3203125,-0.00443580649870983,0.00443580649870983,0
2020-05-19,8823.25,8879.099609375,0.0063298228402232735,0.0063298228402232735,0.022134433164328938,0.018302397148584285,0.016702523827552794,0,8956.9580078125,0.015154054097129742,0.015154054097129742,0
2020-05-20,8879.099609375,9066.5498046875,0.021111396826157987,0.021111396826157987,0.022214886560385515,0.017162147406487437,0.0169925719499588,0,8889.32421875,0.0011515367351216945,0.0011515367351216945,0
2020-05-21,9066.5498046875,9106.25,0.004378754451001261,0.004378754451001261,0.02172294347804444,0.01753826376139298,0.016534405946731567,0,9076.4873046875,0.0010960619214667757,0.0010960619214667757,0
2020-05-22,9106.25,9039.25,-0.007357584076870281,0.007357584076870281,0.021111791763640402,0.016284981081620246,0.015607374906539916,0,9189.521484375,0.009144432052161977,0.009144432052161977,0
2020-05-26,9039.25,9029.0498046875,-0.0011284338094974694,0.0011284338094974694,0.020901668664098382,0.015434754059663481,0.0152862548828125,0,9018.642578125,-0.002279771206128827,0.002279771206128827,0
2020-05-27,9029.0498046875,9314.9501953125,0.03166450477176155,0.03166450477176155,0.020567011040485018,0.014072247495399119,0.01448642909526825,1,9004.6826171875,-0.0026987543570032796,0.0026987543570032796,0
2020-05-28,9314.9501953125,9490.099609375,0.018803043536468854,0.018803043536468854,0.021577266421671376,0.015747699229148544,0.015371087193489074,0,9311.5947265625,-0.0003602240140466398,0.0003602240140466398,0
2020-05-29,9490.099609375,9580.2998046875,0.009504662651105767,0.009504662651105767,0.021856979471075007,0.016038680297813853,0.015780118107795716,0,9373.6982421875,-0.012265558000309122,0.012265558000309122,0
2020-06-01,9580.2998046875,9826.150390625,0.0256620973194606,0.0256620973194606,0.021569525837698743,0.0154163941613719,0.015336200594902039,1,9397.5625,-0.019074278301613203,0.019074278301613203,0
2020-06-02,9826.150390625,9979.099609375,0.01556552797074293,0.01556552797074293,0.021115161978552077,0.016392172293841923,0.01501488983631134,0,9704.2158203125,-0.012409190320233259,0.012409190320233259,0
2020-06-03,9979.099609375,10061.5498046875,0.008262288035990847,0.008262288035990847,0.01644874634132461,0.016313442986286897,0.01292092502117157,0,9833.697265625,-0.01457068768142166,0.01457068768142166,0
2020-06-04,10061.5498046875,10029.099609375,-0.0032251686810099594,0.0032251686810099594,0.01617804350525736,0.015546665239923868,0.012861126661300659,0,9935.34765625,-0.012543012844671766,0.012543012844671766,0
2020-06-05,10029.099609375,10142.150390625,0.011272276241460641,0.011272276241460641,0.016258003202507823,0.01437318738127889,0.012667706608772278,0,9840.3916015625,-0.01881604682000561,0.01881604682000561,1
2020-06-08,10142.150390625,10167.4501953125,0.002494520758722542,0.002494520758722542,0.016085992272785395,0.014077865841217311,0.012843817472457886,0,9897.7568359375,-0.024096818255959572,0.024096818255959572,1
2020-06-09,10167.4501953125,10046.650390625,-0.011881032349997872,0.011881032349997872,0.016094771225587407,0.012974695150924198,0.012683463096618653,0,10043.9501953125,-0.012146604864308774,0.012146604864308774,0
2020-06-10,10046.650390625,10116.150390625,0.0069177285262015,0.0069177285262015,0.01647656739294625,0.012870538798238405,0.013211041688919067,0,9904.6142578125,-0.014137660542566563,0.014137660542566563,0
2020-06-11,10116.150390625,9902.0,-0.02116915846006608,0.02116915846006608,0.016348412743623256,0.012303603205323492,0.013326114416122437,1,10051.931640625,-0.006348141093227897,0.006348141093227897,0
2020-06-12,9902.0,9972.900390625,0.007160209111795597,0.007160209111795597,0.0169111348694229,0.013147944389428658,0.01336788535118103,0,9916.248046875,0.0014389059659664714,0.0014389059659664714,0
2020-06-15,9972.900390625,9813.7001953125,-0.01596327939484443,0.01596327939484443,0.015537598534213317,0.012577681758776226,0.012442800402641296,1,9905.240234375,-0.006784401086929913,0.006784401086929913,0
2020-06-16,9813.7001953125,9914.0,0.010220386061458048,0.010220386061458048,0.016167768276362696,0.012900117434997572,0.013208696246147155,0,9886.328125,0.007400667255169526,0.007400667255169526,0
2020-06-17,9914.0,9881.150390625,-0.00331345666481743,0.00331345666481743,0.01350201761664119,0.012644907054486967,0.012003591656684876,0,9886.802734375,-0.0027433191068186404,0.0027433191068186404,0
2020-06-18,9881.150390625,10091.650390625,0.02130318755189855,0.02130318755189855,0.013658310195472959,0.011756199888127136,0.011852777004241944,1,9881.033203125,-1.1859702096143047e-05,1.1859702096143047e-05,0
2020-06-19,10091.650390625,10244.400390625,0.015136275444292302,0.015136275444292302,0.013669948992226316,0.012665435792103868,0.011862367391586304,1,10034.31640625,-0.005681328836783967,0.005681328836783967,0
2020-06-22,10244.400390625,10311.2001953125,0.006520616350433822,0.006520616350433822,0.013835857850769176,0.012900750660745575,0.012400239706039429,0,10119.08984375,-0.012232101645468285,0.012232101645468285,0
2020-06-23,10311.2001953125,10471.0,0.015497691991291706,0.015497691991291706,0.013474152515705516,0.012293120019640108,0.012358391284942627,1,10271.7724609375,-0.003823777409823151,0.003823777409823151,0
2020-06-24,10471.0,10305.2998046875,-0.015824677233549803,0.015824677233549803,0.013479258473590272,0.012598316634794361,0.013076853752136231,1,10443.314453125,-0.002644021284977557,0.002644021284977557,0
2020-06-25,10305.2998046875,10288.900390625,-0.0015913572989929427,0.0015913572989929427,0.013181985424326076,0.012905588913385143,0.012284862995147704,0,10360.279296875,0.0053350696466387,0.0053350696466387,0
2020-06-26,10288.900390625,10383.0,0.00914574014738653,0.00914574014738653,0.012854776802609848,0.011828045627430192,0.011424282193183899,0,10255.662109375,-0.003230498885992319,0.003230498885992319,0
2020-06-29,10383.0,10312.400390625,-0.006799538608783589,0.006799538608783589,0.012847122671023567,0.011572587633802167,0.011406335234642028,0,10438.6123046875,0.00535609213979582,0.00535609213979582,0
2020-06-30,10312.400390625,10302.099609375,-0.0009988732845714987,0.0009988732845714987,0.012003792562841975,0.011118009674586937,0.010463207960128784,0,10307.134765625,-0.0005106109926440578,0.0005106109926440578,0
2020-07-01,10302.099609375,10430.0498046875,0.012419817334717306,0.012419817334717306,0.011619166950778496,0.010154280623402083,0.009734874963760376,1,10258.6748046875,-0.004215141217231393,0.004215141217231393,0
2020-07-02,10430.0498046875,10551.7001953125,0.011663452514898594,0.011663452514898594,0.011779621091011855,0.010370046262301707,0.009942752122879029,0,10349.677734375,-0.007705818458928065,0.007705818458928065,0
2020-07-03,10551.7001953125,10607.349609375,0.00527397604484837,0.00527397604484837,0.011910662203695318,0.010493226322049014,0.01036466658115387,0,10467.50390625,-0.007979404977778222,0.007979404977778222,0
2020-07-06,10607.349609375,10763.650390625,0.014735139974255027,0.014735139974255027,0.011755585055169071,0.009996151260807785,0.01006474792957306,1,10540.2431640625,-0.006326410251736202,0.006326410251736202,0
2020-07-07,10763.650390625,10799.650390625,0.003344590235981237,0.003344590235981237,0.012079832137064274,0.010447479964874036,0.010676774382591247,0,10789.505859375,0.002402109675776889,0.002402109675776889,0
2020-07-08,10799.650390625,10705.75,-0.008694762073642068,0.008694762073642068,0.011566654606665498,0.009771009094660957,0.010249948501586914,0,10827.880859375,0.00261401691063133,0.00261401691063133,0
2020-07-09,10705.75,10813.4501953125,0.010060032721901781,0.010060032721901781,0.01186003739739477,0.009668509938213754,0.010338801145553588,0,10700.1240234375,-0.0005255098019755739,0.0005255098019755739,0
2020-07-10,10813.4501953125,10768.0498046875,-0.004198511095439319,0.004198511095439319,0.010501933304564209,0.009705801557925818,0.009783345460891723,0,10882.4970703125,0.0063852770163893655,0.0063852770163893655,0
2020-07-13,10768.0498046875,10802.7001953125,0.003217889149241875,0.003217889149241875,0.010654519401128482,0.009181295845107525,0.009635260701179505,0,10654.1435546875,-0.010578168941084841,0.010578168941084841,0
2020-07-14,10802.7001953125,10607.349609375,-0.01808349601540052,0.01808349601540052,0.00958205375205989,0.008613356770538597,0.008997994661331176,1,10870.8681640625,0.006310271276396192,0.006310271276396192,0
2020-07-15,10607.349609375,10618.2001953125,0.0010229309240368605,0.0010229309240368605,0.010765151245370027,0.00951527639077783,0.009391149878501892,0,10525.90625,-0.007678012168376032,0.007678012168376032,0
2020-07-16,10618.2001953125,10739.9501953125,0.011466161662100478,0.011466161662100478,0.010665161434161623,0.0087064819643833,0.009276622533798217,1,10649.6796875,0.0029646730715622506,0.0029646730715622506,0
2020-07-17,10739.9501953125,10901.7001953125,0.015060591255869745,0.015060591255869745,0.010015604695566883,0.008969307064484117,0.008784770965576172,1,10698.60546875,-0.0038496199526646866,0.0038496199526646866,0
2020-07-20,10901.7001953125,11022.2001953125,0.011053321760931606,0.011053321760931606,0.010010856100271184,0.00954942486919773,0.008780986070632935,1,10933.3984375,0.002907642075969909,0.002907642075969909,0
2020-07-21,11022.2001953125,11162.25,0.012706156865764434,0.012706156865764434,0.010141353882804396,0.00969265333362914,0.009007620811462402,1,11024.6650390625,0.00022362538389098066,0.00022362538389098066,0
2020-07-22,11162.25,11132.599609375,-0.0026563094918139263,0.0026563094918139263,0.009983910564782695,0.009979654020459614,0.00886804461479187,0,11150.4677734375,-0.0010555422573853839,0.0010555422573853839,0
2020-07-23,11132.599609375,11215.4501953125,0.007442159858846424,0.007442159858846424,0.009050413912543102,0.009282189922741105,0.008209624886512756,0,11079.5263671875,-0.004767371867286585,0.004767371867286585,0
2020-07-24,11215.4501953125,11194.150390625,-0.0018991484351116158,0.0018991484351116158,0.00898673949831323,0.00910694485746726,0.008502161502838135,0,11192.3125,-0.0020630197548530335,0.0020630197548530335,0
2020-07-27,11194.150390625,11131.7998046875,-0.005569925698846967,0.005569925698846967,0.009016419163052763,0.008420485651216425,0.008139830827713013,0,11205.9267578125,0.0010520108071232098,0.0010520108071232098,0
2020-07-28,11131.7998046875,11300.5498046875,0.01515927369884436,0.01515927369884436,0.00894419568883854,0.008149004622050164,0.008078351616859436,1,11184.21484375,0.00470858621086848,0.00470858621086848,0
2020-07-29,11300.5498046875,11202.849609375,-0.00864561432860317,0.00864561432860317,0.009207313092562333,0.00881664697287635,0.008786371350288391,0,11334.1708984375,0.0029751732730786138,0.0029751732730786138,0
2020-07-30,11202.849609375,11102.150390625,-0.008988714680747906,0.008988714680747906,0.009475827874994692,0.008800356224985807,0.008597660064697265,0,11227.748046875,0.0022225093050578823,0.0022225093050578823,0
2020-07-31,11102.150390625,11073.4501953125,-0.0025851023723057593,0.0025851023723057593,0.009676646048109097,0.008818297352129783,0.008463925123214722,0,11216.34765625,0.01028604924334584,0.01028604924334584,1
2020-08-03,11073.4501953125,10891.599609375,-0.016422215545294015,0.016422215545294015,0.009721399471121573,0.008224660751789181,0.008329483866691589,1,11128.9287109375,0.005010047875456613,0.005010047875456613,0
2020-08-04,10891.599609375,11095.25,0.01869793216137939,0.01869793216137939,0.010095749827211883,0.009005379930082675,0.00841383934020996,1,10924.7080078125,0.0030398104617251794,0.0030398104617251794,0
2020-08-05,11095.25,11101.650390625,0.000576858621932809,0.000576858621932809,0.010866571740701665,0.009928484419221471,0.009181511402130128,0,11113.326171875,0.0016291811248056601,0.0016291811248056601,0
2020-08-06,11101.650390625,11200.150390625,0.008872554668374371,0.008872554668374371,0.0106076140241709,0.009037852927118114,0.008775615692138672,0,11122.5751953125,0.001884837294567513,0.001884837294567513,0
2020-08-07,11200.150390625,11214.0498046875,0.001241002448871972,0.001241002448871972,0.01056258807173817,0.009022105886695964,0.008716237545013428,0,11219.31640625,0.001711228417168645,0.001711228417168645,0
2020-08-10,11214.0498046875,11270.150390625,0.005002705259437123,0.005002705259437123,0.010469315962357091,0.00828104520265098,0.008568361401557922,0,11215.478515625,0.0001274036554486137,0.0001274036554486137,0
2020-08-11,11270.150390625,11322.5,0.0046449787767292505,0.0046449787767292505,0.01048708819963759,0.007968825378140228,0.008657601475715638,0,11308.345703125,0.003389068572835773,0.003389068572835773,0
2020-08-12,11322.5,11308.400390625,-0.0012452735151247515,0.0012452735151247515,0.00934591656364489,0.007652269624731272,0.00798567533493042,0,11427.3291015625,0.009258476622874807,0.009258476622874807,0
2020-08-13,11308.400390625,11300.4501953125,-0.0007030344733010115,0.0007030344733010115,0.009388780591489704,0.0070420782546280515,0.00799679160118103,0,11323.09375,0.0012993313702600441,0.0012993313702600441,0
2020-08-14,11300.4501953125,11178.400390625,-0.010800437378868946,0.010800437378868946,0.009217337741233535,0.006438360019437354,0.007458636164665222,1,11301.029296875,5.124588423390557e-05,5.124588423390557e-05,0
2020-08-17,11178.400390625,11247.099609375,0.006145711045349211,0.006145711045349211,0.00918931525359276,0.00685379442120004,0.0072456300258636475,0,11277.9931640625,0.008909394006053457,0.008909394006053457,0
2020-08-18,11247.099609375,11385.349609375,0.012292057935075276,0.012292057935075276,0.0089780957748969,0.006786358353800129,0.007000249624252319,1,11296.9765625,0.004434650252712722,0.004434650252712722,0
2020-08-19,11385.349609375,11408.400390625,0.0020246002135076617,0.0020246002135076617,0.00895022876517524,0.007310707793766755,0.006979542970657349,0,11267.0302734375,-0.01039224441909739,0.01039224441909739,1
2020-08-20,11408.400390625,11312.2001953125,-0.008432399987605076,0.008432399987605076,0.008909927640704692,0.006807273772810918,0.006947961449623108,0,11467.63671875,0.005192343018893185,0.005192343018893185,0
2020-08-21,11312.2001953125,11371.599609375,0.005250916093857114,0.005250916093857114,0.009036584418411714,0.006962046585463598,0.0069974750280380246,0,11307.0810546875,-0.00045253271128646106,0.00045253271128646106,0
2020-08-24,11371.599609375,11466.4501953125,0.008341006471886599,0.008341006471886599,0.009079329051959054,0.0067990831760035226,0.007165065407752991,0,11359.53515625,-0.0010609284128376974,0.0010609284128376974,0
2020-08-25,11466.4501953125,11472.25,0.0005058064691957558,0.0005058064691957558,0.009096403897982275,0.006945928090724959,0.007303616404533387,0,11556.0380859375,0.007813044935356162,0.007813044935356162,0
2020-08-26,11472.25,11549.599609375,0.0067423225064830354,0.0067423225064830354,0.008511445184951708,0.0063325830359477215,0.006570944190025329,0,11562.8310546875,0.007895666036522914,0.007895666036522914,0
2020-08-27,11549.599609375,11559.25,0.0008355606212674783,0.0008355606212674783,0.008306785309250655,0.006371609242781523,0.00647578239440918,0,11490.662109375,-0.00510299075235123,0.00510299075235123,0
2020-08-28,11559.25,11647.599609375,0.007643195654994918,0.007643195654994918,0.007932319378918985,0.005844364353989133,0.006068122386932373,0,11600.896484375,0.003602870806929515,0.003602870806929515,0
2020-08-31,11647.599609375,11387.5,-0.022330747801946185,0.022330747801946185,0.007947511343195419,0.006015684206831872,0.006321027874946594,1,11644.66796875,-0.00025169483183817213,0.00025169483183817213,0
2020-09-01,11387.5,11470.25,0.007266739846322722,0.007266739846322722,0.008758707173290758,0.007569501040067938,0.006616455316543579,0,11538.6689453125,0.013274989709110866,0.013274989709110866,1
2020-09-02,11470.25,11535.0,0.005645038251127918,0.005645038251127918,0.0079671412223343,0.007540668547912565,0.006044894456863403,0,11503.1904296875,0.0028718144493363267,0.0028718144493363267,0
2020-09-03,11535.0,11527.4501953125,-0.0006545127600780234,0.0006545127600780234,0.008010232797773839,0.007360132181195911,0.0062983036041259766,0,11579.46875,0.0038551148677936713,0.0038551148677936713,0
2020-09-04,11527.4501953125,11333.849609375,-0.016794744948559863,0.016794744948559863,0.007858558853644906,0.006721502316727591,0.0058874040842056274,1,11498.5673828125,-0.0025055681881622745,0.0025055681881622745,0
2020-09-07,11333.849609375,11355.0498046875,0.001870520259503344,0.001870520259503344,0.008857627049711752,0.007680858396440873,0.006665092706680298,0,11418.6376953125,0.007480960914406875,0.007480960914406875,0
2020-09-08,11355.0498046875,11317.349609375,-0.003320125931718671,0.003320125931718671,0.00880262767909838,0.007127492164621866,0.006508481502532959,0,11402.6259765625,0.0041898690620766794,0.0041898690620766794,0
2020-09-09,11317.349609375,11278.0,-0.0034769279675166877,0.0034769279675166877,0.008781208768582006,0.006764883189255859,0.00644223690032959,0,11389.5,0.006375202067207722,0.006375202067207722,0
2020-09-10,11278.0,11449.25,0.015184429863450966,0.015184429863450966,0.008812178138677684,0.006451743623010812,0.00655381977558136,1,11390.5380859375,0.009978549914656853,0.009978549914656853,1
2020-09-11,11449.25,11464.4501953125,0.0013276149365678974,0.0013276149365678974,0.009447872270158154,0.007283425417564098,0.007277888059616089,0,11476.76171875,0.002402927593510492,0.002402927593510492,0
2020-09-14,11464.4501953125,11440.0498046875,-0.002128352446851455,0.002128352446851455,0.00905200872636499,0.006716207173770093,0.006804248690605164,0,11439.0400390625,-0.002216430427722519,0.002216430427722519,0
2020-09-15,11440.0498046875,11521.7998046875,0.007145947910690334,0.007145947910690334,0.009008016256355075,0.006279269600614812,0.0066033810377120975,0,11438.3779296875,-0.00014614228334171745,0.00014614228334171745,0
2020-09-16,11521.7998046875,11604.5498046875,0.00718203765060509,0.00718203765060509,0.00873452292642982,0.006361815435044028,0.006346079707145691,0,11421.294921875,-0.008723019364701238,0.008723019364701238,0
2020-09-17,11604.5498046875,11516.099609375,-0.007622027291120914,0.007622027291120914,0.008853117076965853,0.00643992844766516,0.006603947281837464,0,11681.509765625,0.006631878205771763,0.006631878205771763,0
2020-09-18,11516.099609375,11504.9501953125,-0.0009681588767627115,0.0009681588767627115,0.008809952891461378,0.0065525070293444634,0.006563428044319153,0,11724.1435546875,0.01806548678539877,0.01806548678539877,1
2020-09-21,11504.9501953125,11250.5498046875,-0.02211225483867381,0.02211225483867381,0.008759047629934255,0.006020664287986578,0.006349289417266845,1,11493.744140625,-0.0009740202692981426,0.0009740202692981426,0
2020-09-22,11250.5498046875,11153.650390625,-0.008612860326357314,0.008612860326357314,0.009916634954980156,0.007553196291803473,0.007037854194641114,0,11330.67578125,0.007121960966664564,0.007121960966664564,0
2020-09-23,11153.650390625,11131.849609375,-0.001954587107044726,0.001954587107044726,0.010057085822669669,0.007654117708778756,0.0074432075023651125,0,11192.748046875,0.003505368635443588,0.003505368635443588,0
2020-09-24,11131.849609375,10805.5498046875,-0.029312272096516417,0.029312272096516417,0.00987473607212653,0.007111307938049292,0.00720382034778595,1,11233.623046875,0.009142545135921405,0.009142545135921405,0
2020-09-25,10805.5498046875,11050.25,0.02264578848235449,0.02264578848235449,0.011602201862422435,0.009225683658078129,0.00862765610218048,1,10831.1015625,0.0023646883568493224,0.0023646883568493224,0
2020-09-28,11050.25,11227.5498046875,0.016044868187371327,0.016044868187371327,0.012772960256861289,0.010503792939031953,0.00937778651714325,1,11181.7421875,0.011899476256193298,0.011899476256193298,0
2020-09-29,11227.5498046875,11222.400390625,-0.00045864094589454597,0.00045864094589454597,0.012525241533241827,0.011031513146533467,0.009063491225242614,0,11245.97265625,0.0016408612638537095,0.0016408612638537095,0
2020-09-30,11222.400390625,11247.5498046875,0.002241001317642292,0.002241001317642292,0.012387184526783612,0.01002457453653472,0.00872308611869812,0,11289.76953125,0.006003095441263976,0.006003095441263976,0
2020-10-01,11247.5498046875,11416.9501953125,0.015061092732783554,0.015061092732783554,0.012313978156725936,0.009283283193461427,0.008552885055541993,1,11280.8330078125,0.0029591514332418405,0.0029591514332418405,0
2020-10-05,11416.9501953125,11503.349609375,0.007567643949079618,0.007567643949079618,0.012840045685719371,0.009833555276029369,0.009273216128349304,0,11408.3759765625,-0.0007510078088560244,0.0007510078088560244,0
2020-10-06,11503.349609375,11662.400390625,0.013826475474619739,0.013826475474619739,0.01234936261675082,0.009617754213480162,0.008811861276626587,1,11636.2373046875,0.011552086985533255,0.011552086985533255,0
2020-10-07,11662.400390625,11738.849609375,0.006555187284725268,0.006555187284725268,0.012687872505890862,0.010018586140629419,0.00940966010093689,0,11620.201171875,-0.003618399071937411,0.003618399071937411,0
2020-10-08,11738.849609375,11834.599609375,0.008156676606839835,0.008156676606839835,0.012686136600261364,0.00968873980562737,0.009571415185928345,0,11762.0322265625,0.0019748627811864683,0.0019748627811864683,0
2020-10-09,11834.599609375,11914.2001953125,0.006726090325391567,0.006726090325391567,0.012692999158664233,0.009542827178323155,0.009805402159690857,0,11798.5185546875,-0.003048776965713121,0.003048776965713121,0
2020-10-12,11914.2001953125,11930.9501953125,0.0014058853909967107,0.0014058853909967107,0.0123848945935662,0.009274571803656543,0.009382489323616027,0,11938.6953125,0.0020559598450542497,0.0020559598450542497,0
2020-10-13,11930.9501953125,11934.5,0.0002975290843888249,0.0002975290843888249,0.012384661697765632,0.008525168312991382,0.009386399388313293,0,11930.505859375,-3.724229254385566e-05,3.724229254385566e-05,0
2020-10-14,11934.5,11971.0498046875,0.0030625333853533873,0.0030625333853533873,0.01235322388204546,0.007741585272393989,0.009294858574867249,0,12001.908203125,0.0056481799090871004,0.0056481799090871004,0
2020-10-15,11971.0498046875,11680.349609375,-0.024283600858353342,0.024283600858353342,0.012300647288221382,0.007295956832028805,0.009090682864189148,1,11957.1552734375,-0.0011606777581494418,0.0011606777581494418,0
2020-10-16,11680.349609375,11762.4501953125,0.007028949362235151,0.007028949362235151,0.013549983641043902,0.008913826460653364,0.009945762157440186,0,11652.1015625,-0.002418424774916606,0.002418424774916606,0
2020-10-19,11762.4501953125,11873.0498046875,0.009402769621849322,0.009402769621849322,0.013488604293056788,0.008734313211046636,0.00991610884666443,0,11658.66015625,-0.008823845146129654,0.008823845146129654,0
2020-10-20,11873.0498046875,11896.7998046875,0.002000328507897226,0.002000328507897226,0.013601926479270892,0.008797974040719091,0.010337838530540466,0,11887.1513671875,0.001187695051563978,0.001187695051563978,0
2020-10-21,11896.7998046875,11937.650390625,0.0034337457642520234,0.0034337457642520234,0.012398955537304412,0.008150579549094617,0.009332242608070373,0,11826.6533203125,-0.005896248195028157,0.005896248195028157,0
2020-10-22,11937.650390625,11896.4501953125,-0.0034512817819539903,0.0034512817819539903,0.012100787795797043,0.0077013533421542435,0.009073284268379212,0,11898.26171875,-0.003299533039259813,0.003299533039259813,0
2020-10-23,11896.4501953125,11930.349609375,0.0028495402835256875,0.0028495402835256875,0.012140677854654844,0.0072965851901804525,0.009148117899894715,0,11912.7783203125,0.0013725207714847317,0.0013725207714847317,0
2020-10-26,11930.349609375,11767.75,-0.013629073304543183,0.013629073304543183,0.009400939752493826,0.006873060777536778,0.007824984192848206,1,11977.337890625,0.003938550234359946,0.003938550234359946,0
2020-10-27,11767.75,11889.400390625,0.010337608346965222,0.010337608346965222,0.009317380428019611,0.007516491071585777,0.007374146580696106,1,11822.81640625,0.0046794337277729385,0.0046794337277729385,0
2020-10-28,11889.400390625,11729.599609375,-0.013440608945763632,0.013440608945763632,0.008984465012152167,0.007785167271555194,0.007088783383369446,1,11862.1826171875,-0.002289246937882729,0.002289246937882729,0
2020-10-29,11729.599609375,11670.7998046875,-0.005012942184360979,0.005012942184360979,0.009682239103769705,0.008323780767432936,0.007737880945205689,0,11754.6826171875,0.0021384368305676993,0.0021384368305676993,0
2020-10-30,11670.7998046875,11642.400390625,-0.0024333734223676395,0.0024333734223676395,0.009817803698745195,0.00800846159334834,0.007876476645469666,0,11642.001953125,-0.00246751311344862,0.00246751311344862,0
2020-11-02,11642.400390625,11669.150390625,0.0022976361491175257,0.0022976361491175257,0.009351248599646146,0.0074774995009299575,0.007245087623596191,0,11594.4208984375,-0.004121099651076707,0.004121099651076707,0
2020-11-03,11669.150390625,11813.5,0.012370190163199074,0.012370190163199074,0.009230507925859176,0.006984179533870129,0.006981587409973145,1,11628.5205078125,-0.0034818201370634544,0.0034818201370634544,0
2020-11-04,11813.5,11908.5,0.008041647267956151,0.008041647267956151,0.009127146605544067,0.007497136603729642,0.006908774375915527,0,11814.8740234375,0.0001163095981292589,0.0001163095981292589,0
2020-11-05,11908.5,12120.2998046875,0.017785598915690475,0.017785598915690475,0.009183352617667359,0.007548992189518877,0.006983095407485962,1,11856.556640625,-0.004361872559516312,0.004361872559516312,0
2020-11-06,12120.2998046875,12263.5498046875,0.011819014571289595,0.011819014571289595,0.009821851763285991,0.0085239023775474,0.0074645400047302244,1,12118.076171875,-0.0001834635156169994,0.0001834635156169994,0
2020-11-09,12263.5498046875,12461.0498046875,0.016104635537461554,0.016104635537461554,0.010035287513493526,0.008837721676115478,0.007719182968139648,1,12209.21484375,-0.00443060629286404,0.00443060629286404,0
2020-11-10,12461.0498046875,12631.099609375,0.013646507104363872,0.013646507104363872,0.010553344775424679,0.009529803323329507,0.00845412015914917,1,12381.525390625,-0.006381839035149762,0.006381839035149762,0
2020-11-11,12631.099609375,12749.150390625,0.009346041508720338,0.009346041508720338,0.010842912819648387,0.009921868094567238,0.009121567010879517,0,12537.1103515625,-0.007441098615257511,0.007441098615257511,0
2020-11-12,12749.150390625,12690.7998046875,-0.004576821525331422,0.004576821525331422,0.010938587209677046,0.009867024304682857,0.0094357430934906,0,12728.3359375,-0.0016326149184267029,0.0016326149184267029,0
2020-11-13,12690.7998046875,12719.9501953125,0.0022969703307614193,0.0022969703307614193,0.00905740240136732,0.009363193633162884,0.008450403809547424,0,12708.072265625,0.001361022252602252,0.001361022252602252,0
2020-11-17,12719.9501953125,12874.2001953125,0.012126619808373427,0.012126619808373427,0.009041295773121563,0.008690215629153508,0.008213803172111511,1,12718.34765625,-0.00012598626864832857,0.00012598626864832857,0
2020-11-18,12874.2001953125,12938.25,0.004975051165572254,0.004975051165572254,0.009147496409927444,0.009017486995858243,0.008349993824958801,0,12813.939453125,-0.004680736766035451,0.004680736766035451,0
2020-11-19,12938.25,12771.7001953125,-0.012872668613413716,0.012872668613413716,0.009135811773150537,0.008632495900072916,0.00849873125553131,1,12805.7890625,-0.010237933066682125,0.010237933066682125,1
2020-11-20,12771.7001953125,12859.0498046875,0.00683930941371919,0.00683930941371919,0.009907037448430595,0.009036324473670882,0.008970680832862853,0,12679.3193359375,-0.0072332467848647,0.0072332467848647,0
2020-11-23,12859.0498046875,12926.4501953125,0.005241475198302023,0.005241475198302023,0.009797516252251223,0.008827081700950552,0.009140080213546753,0,12792.1640625,-0.005201452922526063,0.005201452922526063,0
2020-11-24,12926.4501953125,13055.150390625,0.009956344809897644,0.009956344809897644,0.009798058670554432,0.00848559899155129,0.009259676933288575,1,12855.66796875,-0.0054757667799755,0.0054757667799755,0
2020-11-25,13055.150390625,12858.400390625,-0.01507068046809232,0.01507068046809232,0.008938207183176396,0.008625671455525572,0.009076040983200074,1,12895.4404296875,-0.012233483043764008,0.012233483043764008,1
2020-11-26,12858.400390625,12987.0,0.010001213639976662,0.010001213639976662,0.009926892200922448,0.009239481488674458,0.009312695264816285,1,12794.4453125,-0.004973797376198469,0.004973797376198469,0
2020-11-27,12987.0,12968.9501953125,-0.0013898363507738507,0.0013898363507738507,0.009113314037872258,0.009312024447481875,0.009140723943710327,0,12926.6669921875,-0.004645646247208747,0.004645646247208747,0
2020-12-01,12968.9501953125,13109.0498046875,0.010802694687318455,0.010802694687318455,0.008935053955482117,0.008557532700757178,0.00895957052707672,1,13110.3701171875,0.010904500344685944,0.010904500344685944,1
2020-12-02,13109.0498046875,13113.75,0.0003585458429503652,0.0003585458429503652,0.008819584402125191,0.008771362521550951,0.009378039836883545,0,13068.1787109375,-0.003117776982995779,0.003117776982995779,0
2020-12-03,13113.75,13133.900390625,0.0015365849299399485,0.0015365849299399485,0.008872773762670825,0.007970145285495504,0.009281086921691894,0,13065.9208984375,-0.0036472482365837383,0.0036472482365837383,0
2020-12-04,13133.900390625,13258.5498046875,0.009490662358873603,0.009490662358873603,0.008786617419437613,0.0073574274242396995,0.008739405870437622,1,13130.767578125,-0.00023852872389958178,0.00023852872389958178,0
2020-12-07,13258.5498046875,13355.75,0.007331133249439944,0.007331133249439944,0.008815917853214856,0.007560587590407952,0.008811855316162109,0,13172.03125,-0.006525491547869871,0.006525491547869871,0
2020-12-08,13355.75,13392.9501953125,0.0027853318093330587,0.0027853318093330587,0.008341356807214134,0.007538734761682809,0.008289134502410889,0,13266.66796875,-0.006669938509630683,0.006669938509630683,0
2020-12-09,13392.9501953125,13529.099609375,0.010165752285866931,0.010165752285866931,0.008190082306637135,0.007086029074889589,0.007837450504302979,1,13253.5009765625,-0.010412135990680148,0.010412135990680148,1
2020-12-10,13529.099609375,13478.2998046875,-0.003754854805880669,0.003754854805880669,0.007845572484586045,0.007379341599664102,0.007540512084960938,0,13356.271484375,-0.012774547456228249,0.012774547456228249,1
2020-12-11,13478.2998046875,13513.849609375,0.002637558535026535,0.002637558535026535,0.007700489503575689,0.007034152323721856,0.007045930624008179,0,13425.203125,-0.003939419693649637,0.003939419693649637,0
2020-12-14,13513.849609375,13558.150390625,0.0032781762806703943,0.0032781762806703943,0.007567283748040222,0.006615424057777967,0.006710505485534668,0,13487.291015625,-0.0019652870586613184,0.0019652870586613184,0
2020-12-15,13558.150390625,13567.849609375,0.0007153791977928405,0.0007153791977928405,0.007357330044038052,0.0062975871240235825,0.006645572185516357,0,13449.3359375,-0.008025759413337198,0.008025759413337198,1
2020-12-16,13567.849609375,13682.7001953125,0.008464907059269104,0.008464907059269104,0.007377566100634196,0.005765947869030312,0.006566494703292847,1,13408.3955078125,-0.011752348835907036,0.011752348835907036,1
2020-12-17,13682.7001953125,13740.7001953125,0.00423892939055041,0.00423892939055041,0.0071889138795702785,0.0060229940188094655,0.0063834130764007565,0,13706.5634765625,0.0017440476594068196,0.0017440476594068196,0
2020-12-18,13740.7001953125,13760.5498046875,0.0014445849987885983,0.0014445849987885983,0.007180551220741842,0.005853086314840586,0.006346607208251953,0,13836.771484375,0.006991731694668205,0.006991731694668205,0
2020-12-21,13760.5498046875,13328.400390625,-0.03140495257793328,0.03140495257793328,0.006150700879760986,0.0054332283963582795,0.0057752013206481935,1,13706.34765625,-0.003938952237143618,0.003938952237143618,0
2020-12-22,13328.400390625,13466.2998046875,0.01034628387660806,0.01034628387660806,0.00992675473156267,0.007906727794459018,0.007003486156463623,1,13339.84375,0.0008585695987231213,0.0008585695987231213,0
2020-12-23,13466.2998046875,13601.099609375,0.010010159185716136,0.010010159185716136,0.010083174432602184,0.00813906738064405,0.007258725166320801,0,13465.6396484375,-4.9022839204144665e-05,4.9022839204144665e-05,0
2020-12-24,13601.099609375,13749.25,0.010892530374741357,0.010892530374741357,0.010085387024446977,0.008317263177998776,0.007261413335800171,1,13472.5009765625,-0.009455017351969044,0.009455017351969044,0
2020-12-28,13749.25,13873.2001953125,0.009015051389166681,0.009015051389166681,0.009407135294792169,0.008562524819534467,0.007052505016326904,0,13620.49609375,-0.009364431241704094,0.009364431241704094,0
2020-12-29,13873.2001953125,13932.599609375,0.004281594241144878,0.004281594241144878,0.009373225489808153,0.00860562562843483,0.007003200054168701,0,13891.943359375,0.0013510339214187202,0.0013510339214187202,0
2020-12-30,13932.599609375,13981.9501953125,0.003542094606974341,0.003542094606974341,0.00930790043986241,0.008193817478373933,0.007147789001464844,0,13754.33203125,-0.012794997568511686,0.012794997568511686,1
2020-12-31,13981.9501953125,13981.75,-1.4318125133010144e-05,1.4318125133010144e-05,0.009153811424738745,0.007750793491902355,0.006784754991531372,0,14063.2294921875,0.005813158804002119,0.005813158804002119,0
2021-01-01,13981.75,14018.5,0.002628426341480859,0.002628426341480859,0.009160428176867127,0.0070139850750303295,0.006767541170120239,0,14066.18359375,0.006038843045398466,0.006038843045398466,0
2021-01-04,14018.5,14132.900390625,0.008160672727110603,0.008160672727110603,0.009152929283836805,0.0065963146512469815,0.006822133064270019,0,13797.7509765625,-0.01574697888058637,0.01574697888058637,1
2021-01-05,14132.900390625,14199.5,0.004712380865514241,0.004712380865514241,0.009110356052313303,0.006745304716345158,0.006755638122558594,0,14194.986328125,0.004393007506172226,0.004393007506172226,0
2021-01-06,14199.5,14146.25,-0.0037501320469030598,0.0037501320469030598,0.009067151200818229,0.006551689335354417,0.006624698638916016,0,14265.693359375,0.004661668324588894,0.004661668324588894,0
2021-01-07,14146.25,14137.349609375,-0.0006291696120880091,0.0006291696120880091,0.009196213376465482,0.006284875630590496,0.006672939658164978,0,14183.6103515625,0.0026410074445524434,0.0026410074445524434,0
2021-01-08,14137.349609375,14347.25,0.014847223590326102,0.014847223590326102,0.009055656213328645,0.005746238582938927,0.00619610846042633,1,14307.986328125,0.012069922826046861,0.012069922826046861,1
2021-01-11,14347.25,14484.75,0.009583718134137205,0.009583718134137205,0.00935771045757729,0.006613004298370525,0.00675072968006134,1,14495.9716796875,0.01036586660771228,0.01036586660771228,1
2021-01-12,14484.75,14563.4501953125,0.0054333140242323824,0.0054333140242323824,0.009465159779949371,0.00689592880558719,0.007098039984703064,0,14613.2177734375,0.008869174368732632,0.008869174368732632,0
2021-01-13,14563.4501953125,14564.849609375,9.609083312898106e-05,9.609083312898106e-05,0.009474546650943723,0.006756632824021315,0.007205799221992493,0,14685.1455078125,0.008356214418144525,0.008356214418144525,0
2021-01-14,14564.849609375,14595.599609375,0.0021112473403231747,0.0021112473403231747,0.009485565144330355,0.006122294715769563,0.007174834609031677,0,14620.0126953125,0.003787411982750101,0.003787411982750101,0
2021-01-15,14595.599609375,14433.7001953125,-0.011092344158201577,0.011092344158201577,0.009420050213293495,0.005740285363595731,0.006857147812843323,1,14748.716796875,0.010490640439441094,0.010490640439441094,1
2021-01-18,14433.7001953125,14281.2998046875,-0.010558650142566607,0.010558650142566607,0.009946750756675447,0.006250007213544273,0.007199817895889282,1,14435.7216796875,0.0001400530943310364,0.0001400530943310364,0
2021-01-19,14281.2998046875,14521.150390625,0.016794730817062932,0.016794730817062932,0.010367681164937578,0.0066603555549911595,0.007655522227287293,1,14191.796875,-0.006267141710597153,0.006267141710597153,0
2021-01-20,14521.150390625,14644.7001953125,0.008508265623863037,0.008508265623863037,0.0073903908736109,0.007625529459189361,0.006925007700920105,1,14574.5146484375,0.0036749332096272826,0.0036749332096272826,0
2021-01-21,14644.7001953125,14590.349609375,-0.003711280204622873,0.003711280204622873,0.007322634702509166,0.007709605189086366,0.006833109259605408,0,14782.2080078125,0.00938959559882378,0.00938959559882378,1
2021-01-22,14590.349609375,14371.900390625,-0.014972171647596155,0.014972171647596155,0.007394883201776588,0.007328812619358111,0.00651816725730896,1,14689.689453125,0.0068085992734656185,0.0068085992734656185,0
2021-01-25,14371.900390625,14238.900390625,-0.00925416934330813,0.00925416934330813,0.008253630721288924,0.008056749543778783,0.00672214925289154,1,14477.291015625,0.007333102939451754,0.007333102939451754,0
2021-01-27,14238.900390625,13967.5,-0.019060488041878015,0.019060488041878015,0.00847346591694406,0.00817078840086484,0.006734102964401245,1,14289.58984375,0.0035599275038383105,0.0035599275038383105,0
2021-01-28,13967.5,13817.5498046875,-0.010735650281904421,0.010735650281904421,0.00958146370667623,0.009207903078455234,0.0074730455875396725,1,14164.3564453125,0.014093892630212995,0.014093892630212995,1
2021-01-29,13817.5498046875,13634.599609375,-0.0132404223540729,0.0132404223540729,0.009845166355554585,0.009353400974704707,0.00783272385597229,1,13686.8154296875,-0.009461473043191011,0.009461473043191011,0
2021-02-01,13634.599609375,14281.2001953125,0.04742351110133843,0.04742351110133843,0.010243767501602627,0.009723591070111016,0.008494028449058532,1,13683.283203125,0.003570592107195117,0.003570592107195117,0
2021-02-02,14281.2001953125,14647.849609375,0.02567357148195744,0.02567357148195744,0.014944796636048582,0.013314056867359793,0.010733780264854432,1,14234.203125,-0.003290834780673811,0.003290834780673811,0
2021-02-03,14647.849609375,14789.9501953125,0.009701122671723225,0.009701122671723225,0.015868873030853575,0.014491158866029674,0.011609426140785218,0,14568.828125,-0.0053947498426270175,0.0053947498426270175,0
2021-02-04,14789.9501953125,14895.650390625,0.007146758029381358,0.007146758029381358,0.015954237028992457,0.014034965904917613,0.01185886561870575,0,14741.96484375,-0.0032444566025454495,0.0032444566025454495,0
2021-02-05,14895.650390625,14924.25,0.001919997356610892,0.001919997356610892,0.01592788156948052,0.013378942115673923,0.012028694152832031,0,15018.62109375,0.008255477263510098,0.008255477263510098,0
2021-02-08,14924.25,15115.7998046875,0.012834802732968156,0.012834802732968156,0.015910000518109587,0.012287612849181633,0.012093234062194824,0,15113.8798828125,0.012706158286848585,0.012706158286848585,0
2021-02-09,15115.7998046875,15109.2998046875,-0.00043001363368045607,0.00043001363368045607,0.0158361933730674,0.012339724708190468,0.01199260950088501,0,15253.35546875,0.009100124759514423,0.009100124759514423,0
2021-02-10,15109.2998046875,15106.5,-0.00018530340410820298,0.00018530340410820298,0.015766246011171277,0.011205464060497057,0.011534923315048217,0,15200.9052734375,0.006062853337623255,0.006062853337623255,0
2021-02-11,15106.5,15173.2998046875,0.004421924647502731,0.004421924647502731,0.015756207025665946,0.010155925658602736,0.011272522807121276,0,15253.1376953125,0.009706927171250787,0.009706927171250787,0
2021-02-12,15173.2998046875,15163.2998046875,-0.0006590524229219205,0.0006590524229219205,0.015759131297811826,0.009609832680316446,0.011488816142082215,0,15336.939453125,0.010784710678882564,0.010784710678882564,0
2021-02-15,15163.2998046875,15314.7001953125,0.009984659841533761,0.009984659841533761,0.01577179619003079,0.008757377049551212,0.011416208744049073,0,15429.07421875,0.017527478681146957,0.017527478681146957,1
2021-02-16,15314.7001953125,15313.4501953125,-8.162092525863472e-05,8.162092525863472e-05,0.015551724662369667,0.008874256612918218,0.011360821127891541,0,15391.2939453125,0.005001322195222842,0.005001322195222842,0
2021-02-17,15313.4501953125,15208.900390625,-0.006827318687430939,0.006827318687430939,0.015241491956391963,0.008036860626801959,0.010836967825889587,0,15535.35546875,0.014490873748714446,0.014490873748714446,0
2021-02-18,15208.900390625,15118.9501953125,-0.005914312869584357,0.005914312869584357,0.01507991800804176,0.007921663883916779,0.010338598489761352,0,15562.095703125,0.023222935480445055,0.023222935480445055,1
2021-02-19,15118.9501953125,14981.75,-0.009074717063029796,0.009074717063029796,0.015118392293924079,0.00773048927425641,0.010208898782730102,0,15227.806640625,0.007200000258367807,0.007200000258367807,0
2021-02-22,14981.75,14675.7001953125,-0.02042817459158643,0.02042817459158643,0.015266306376523528,0.007858508196495197,0.0104770690202713,1,15038.578125,0.00379315667395331,0.00379315667395331,0
2021-02-23,14675.7001953125,14707.7998046875,0.002187262546100035,0.002187262546100035,0.01561955936696078,0.009055619862979472,0.010749870538711548,0,14795.96484375,0.008194815023266366,0.008194815023266366,0
2021-02-24,14707.7998046875,14982.0,0.018643182457862263,0.018643182457862263,0.015426361539050195,0.008401489594569782,0.010396525263786316,1,14873.333984375,0.011254856734910335,0.011254856734910335,0
2021-02-25,14982.0,15097.349609375,0.007699213013950074,0.007699213013950074,0.01505078803202272,0.00937688494678663,0.010375657677650451,0,14752.4462890625,-0.015321967089674276,0.015321967089674276,1
2021-02-26,15097.349609375,14529.150390625,-0.03763569324758601,0.03763569324758601,0.014685537874824012,0.009217110301847594,0.010223838686943054,1,15131.9072265625,0.0022889856883251056,0.0022889856883251056,0
2021-03-01,14529.150390625,14761.5498046875,0.01599538911872347,0.01599538911872347,0.017061055653650545,0.011923641131516081,0.011443603038787841,0,14144.7861328125,-0.026454696075037722,0.026454696075037722,1
2021-03-02,14761.5498046875,14919.099609375,0.010672985341787783,0.010672985341787783,0.013948541036433188,0.01231142609638448,0.009872198104858398,0,14757.29296875,-0.00028837323951908157,0.00028837323951908157,0
2021-03-03,14919.099609375,15245.599609375,0.021884698711632098,0.021884698711632098,0.012962819942348344,0.012155378554135576,0.00912216305732727,1,14876.4521484375,-0.0028585814193975083,0.0028585814193975083,0
2021-03-04,15245.599609375,15080.75,-0.010812930524138177,0.010812930524138177,0.013660802223332765,0.013081978672247573,0.009731340408325195,0,15135.28125,-0.0072360787506948404,0.0072360787506948404,0
2021-03-05,15080.75,14938.099609375,-0.009459104528952473,0.009459104528952473,0.013866274745629004,0.012865879580923839,0.00991465151309967,0,15012.859375,-0.004501806939310048,0.004501806939310048,0
2021-03-08,14938.099609375,14956.2001953125,0.00121170606776114,0.00121170606776114,0.014046284526341862,0.012541422317209205,0.010291606187820435,0,15023.884765625,0.005742708811244109,0.005742708811244109,0
2021-03-09,14956.2001953125,15098.400390625,0.009507775601791403,0.009507775601791403,0.013730332916109082,0.011462407089692489,0.009710454940795898,0,14994.43359375,0.0025563577605415395,0.0025563577605415395,0
2021-03-10,15098.400390625,15174.7998046875,0.005060099883822026,0.005060099883822026,0.01390937985638285,0.0112762516817886,0.010164344310760498,0,15683.798828125,0.03877221575495438,0.03877221575495438,1
2021-03-12,15174.7998046875,15030.9501953125,-0.009479506235763638,0.009479506235763638,0.013953960784636626,0.010684235018147973,0.010408082604408264,0,15496.70703125,0.021213276663001695,0.021213276663001695,1
2021-03-15,15030.9501953125,14929.5,-0.006749419963093079,0.006749419963093079,0.014084437310626276,0.010569500512141321,0.010660961270332336,0,15133.43359375,0.006818158340346316,0.006818158340346316,0
2021-03-16,14929.5,14910.4501953125,-0.0012759841044576174,0.0012759841044576174,0.014156527507655534,0.010205680611536065,0.010965478420257569,0,15065.6572265625,0.009120012496232292,0.009120012496232292,0
2021-03-17,14910.4501953125,14721.2998046875,-0.012685759862868828,0.012685759862868828,0.013932169307558012,0.009355230708599943,0.010530045628547669,0,15207.7138671875,0.01993659936360961,0.01993659936360961,1
2021-03-18,14721.2998046875,14557.849609375,-0.011102973071742945,0.011102973071742945,0.014160036054605146,0.00967242547509861,0.01116025447845459,0,14807.224609375,0.005836767529191964,0.005836767529191964,0
2021-03-19,14557.849609375,14744.0,0.012786942826028538,0.012786942826028538,0.014270599725843004,0.00980866823126307,0.011374038457870484,0,14774.619140625,0.014890216417018364,0.014890216417018364,1
2021-03-22,14744.0,14736.400390625,-0.0005154374236977753,0.0005154374236977753,0.014615206106456443,0.010092317394348925,0.011717671155929565,0,14622.7294921875,-0.008225075136496202,0.008225075136496202,0
2021-03-23,14736.400390625,14814.75,0.005316739997431424,0.005316739997431424,0.014495855528662685,0.009180235829936415,0.01128970980644226,0,14919.134765625,0.012400204266725267,0.012400204266725267,0
2021-03-24,14814.75,14549.400390625,-0.01791117699421185,0.01791117699421185,0.013779471615792257,0.008812283304605789,0.010534137487411499,1,14989.5126953125,0.011796533543428002,0.011796533543428002,0
2021-03-25,14549.400390625,14324.900390625,-0.015430189146808966,0.015430189146808966,0.014374761359724618,0.009678846395119988,0.011320334672927857,1,14527.6923828125,-0.0014920207864021458,0.0014920207864021458,0
2021-03-26,14324.900390625,14507.2998046875,0.012733031929623202,0.012733031929623202,0.014008200958789541,0.01022659550233466,0.011159688234329224,0,14415.7900390625,0.006344871235333906,0.006344871235333906,0
2021-03-30,14507.2998046875,14845.099609375,0.023284815867550514,0.023284815867550514,0.01423774401058984,0.010465299038826412,0.011411374807357788,1,14481.5546875,-0.0017746319118035606,0.0017746319118035606,0
2021-03-31,14845.099609375,14690.7001953125,-0.010400699094332345,0.010400699094332345,0.012612746833857364,0.011686203216089177,0.010693830251693726,0,14779.1611328125,-0.004441767202481985,0.004441767202481985,0
2021-04-01,14690.7001953125,14867.349609375,0.012024574166918552,0.012024574166918552,0.01235617366252112,0.011563775527897998,0.0104140967130661,0,14744.7236328125,0.0036773902388422416,0.0036773902388422416,0
2021-04-05,14867.349609375,14637.7998046875,-0.015439860548026079,0.015439860548026079,0.012422108229896289,0.011607656127878927,0.01048167645931244,1,14905.5869140625,0.0025718978629108483,0.0025718978629108483,0
2021-04-06,14637.7998046875,14683.5,0.0031220672452334885,0.0031220672452334885,0.011729736872512683,0.011972628684588326,0.010159435868263244,0,14593.45703125,-0.003029333235128684,0.003029333235128684,0
2021-04-07,14683.5,14819.0498046875,0.009231436965811966,0.009231436965811966,0.011589657923890394,0.011129720361611814,0.009774893522262573,0,14617.3203125,-0.004507078523512786,0.004507078523512786,0
2021-04-08,14819.0498046875,14873.7998046875,0.0036945688638337464,0.0036945688638337464,0.011647995991760276,0.010948932534174779,0.009763512015342712,0,14446.5,-0.025139925271703764,0.025139925271703764,1
2021-04-09,14873.7998046875,14834.849609375,-0.0026187118170183242,0.0026187118170183242,0.011678544928481355,0.01025803746442078,0.009887650609016418,0,14846.1953125,-0.0018559139258281802,0.0018559139258281802,0
2021-04-12,14834.849609375,14310.7998046875,-0.03532558930400768,0.03532558930400768,0.011460133910675865,0.009530484379067066,0.009543198347091674,1,14732.4130859375,-0.006905127192712788,0.006905127192712788,0
2021-04-13,14310.7998046875,14504.7998046875,0.013556195506030022,0.013556195506030022,0.013707562298110675,0.011987160799708955,0.011056473851203919,0,14517.1484375,0.014419084581485832,0.014419084581485832,1
2021-04-15,14504.7998046875,14581.4501953125,0.00528448456077477,0.00528448456077477,0.014082714226187404,0.012136597103463886,0.011260309815406799,0,14530.3798828125,0.0017635595436989978,0.0017635595436989978,0
2021-04-16,14581.4501953125,14617.849609375,0.0024962821650072447,0.0024962821650072447,0.014112004686349357,0.011484009626609856,0.011187061667442322,0,14587.431640625,0.0004102092200968362,0.0004102092200968362,0
2021-04-19,14617.849609375,14359.4501953125,-0.017676978554819603,0.017676978554819603,0.014134488499465686,0.010628031807236855,0.01124807596206665,1,14601.21484375,-0.00113797624613209,0.00113797624613209,0
2021-04-20,14359.4501953125,14296.400390625,-0.004390823034999069,0.004390823034999069,0.014395279975663873,0.011299357301884546,0.011497634649276733,0,14404.220703125,0.003117842758848447,0.003117842758848447,0
2021-04-22,14296.400390625,14406.150390625,0.007676757575422244,0.007676757575422244,0.014228165044316714,0.010641402869516868,0.011162027716636658,0,14457.0390625,0.011236301970133708,0.011236301970133708,0
2021-04-23,14406.150390625,14341.349609375,-0.004498133053794162,0.004498133053794162,0.01401545123575291,0.010359052179010658,0.010906514525413514,0,14429.509765625,0.0016214862656995053,0.0016214862656995053,0
2021-04-26,14341.349609375,14485.0,0.01001651828716979,0.01001651828716979,0.014035519447452812,0.009800868554592465,0.011105647683143616,0,14425.9248046875,0.005897296810699938,0.005897296810699938,0
2021-04-27,14485.0,14653.0498046875,0.011601643402657923,0.011601643402657923,0.014189983262037527,0.009821410649822173,0.011340638995170594,0,14375.15625,-0.007583275802554366,0.007583275802554366,0
2021-04-28,14653.0498046875,14864.5498046875,0.014433855260107101,0.014433855260107101,0.013872933558923824,0.009990960728663978,0.011025163531303405,1,14648.0986328125,-0.0003378936085657829,0.0003378936085657829,0
2021-04-29,14864.5498046875,14894.900390625,0.0020418099664161384,0.0020418099664161384,0.01367990653446905,0.010414094066772989,0.010975345969200134,0,14936.611328125,0.004847877963635035,0.004847877963635035,0
2021-04-30,14894.900390625,14631.099609375,-0.01771081204517748,0.01771081204517748,0.013442801882838437,0.009616734318644684,0.010440787672996521,1,14848.224609375,-0.003133675286568429,0.003133675286568429,0
2021-05-03,14631.099609375,14634.150390625,0.00020851346320171222,0.00020851346320171222,0.013050880598828168,0.010387598187275669,0.010162088274955749,0,14633.0390625,0.000132556894340141,0.000132556894340141,0
2021-05-04,14634.150390625,14496.5,-0.009406107423440328,0.009406107423440328,0.012847468103134843,0.009418159983480301,0.009652477502822877,0,14670.75390625,0.002501239542300257,0.002501239542300257,0
2021-05-05,14496.5,14617.849609375,0.008370959153933709,0.008370959153933709,0.01267434950820067,0.009417010440550258,0.009521555900573731,0,14498.34765625,0.00012745533404614906,0.00012745533404614906,0
2021-05-06,14617.849609375,14724.7998046875,0.0073164109749705355,0.0073164109749705355,0.012379776189913165,0.009317389972073604,0.009168112277984619,0,14470.0947265625,-0.010107839850653479,0.010107839850653479,0
2021-05-07,14724.7998046875,14823.150390625,0.006679247748155532,0.006679247748155532,0.0124705477269318,0.00912682617913128,0.00937783122062683,0,14734.978515625,0.0006912631120634797,0.0006912631120634797,0
2021-05-10,14823.150390625,14942.349609375,0.008041422748121637,0.008041422748121637,0.012386202802028986,0.008893728113835946,0.009250223636627197,0,14907.2890625,0.00567616664863726,0.00567616664863726,0
2021-05-11,14942.349609375,14850.75,-0.006130201191218907,0.006130201191218907,0.012490524961615405,0.008812552277845618,0.009467566013336181,0,14941.6328125,-4.797082746278895e-05,4.797082746278895e-05,0
2021-05-12,14850.75,14696.5,-0.01038668080736663,0.01038668080736663,0.012558279610487782,0.008557091918608832,0.00964314043521881,0,14860.2861328125,0.0006421313948790466,0.0006421313948790466,0
2021-05-14,14696.5,14677.7998046875,-0.0012724250884564353,0.0012724250884564353,0.009784354732454481,0.008731340821461283,0.008396196365356445,0,14726.779296875,0.0020603066631510905,0.0020603066631510905,0
2021-05-17,14677.7998046875,14923.150390625,0.01671576048197257,0.01671576048197257,0.009365688870273522,0.008020969310528307,0.00778200626373291,1,14701.3427734375,0.0016039848658026608,0.0016039848658026608,0
2021-05-18,14923.150390625,15108.099609375,0.01239344333527514,0.01239344333527514,0.009992237223082496,0.008849045090419864,0.008353573083877564,1,14847.15234375,-0.005092627554215589,0.005092627554215589,0
2021-05-19,15108.099609375,15030.150390625,-0.005159432408138898,0.005159432408138898,0.010299824573826,0.009186609803604393,0.008848434686660767,0,14998.498046875,-0.007254490328617449,0.007254490328617449,0
2021-05-20,15030.150390625,14906.0498046875,-0.008256776060930653,0.008256776060930653,0.00940146169133137,0.008803069599108983,0.008222559094429016,0,14985.0166015625,-0.003002883397005264,0.003002883397005264,0
2021-05-21,14906.0498046875,15175.2998046875,0.01806313567497467,0.01806313567497467,0.009584809680636033,0.008751043258446773,0.008415856957435608,1,14921.345703125,0.001026153718652537,0.001026153718652537,0
2021-05-24,15175.2998046875,15197.7001953125,0.0014761086049898495,0.0014761086049898495,0.010164775432189863,0.009637914148040617,0.008935180306434632,0,15281.703125,0.007011612401860625,0.007011612401860625,0
2021-05-25,15197.7001953125,15208.4501953125,0.0007073438653116526,0.0007073438653116526,0.01003045680243394,0.008860593698057488,0.008784076571464539,0,15271.8779296875,0.00488085259096498,0.00488085259096498,0
2021-05-26,15208.4501953125,15301.4501953125,0.00611502150486472,0.00611502150486472,0.009900518948319517,0.00808409791007052,0.008318617939949036,0,15357.5625,0.009804569352731215,0.009804569352731215,0
2021-05-27,15301.4501953125,15337.849609375,0.002378821196545849,0.002378821196545849,0.00970880938419438,0.007896572292548226,0.0080442875623703,0,15337.9365234375,0.0023845013158411187,0.0023845013158411187,0
2021-05-28,15337.849609375,15435.650390625,0.006376433707514053,0.006376433707514053,0.009274603963046827,0.007371072204970856,0.007441535592079163,0,14860.3330078125,-0.031133217088699715,0.031133217088699715,1
2021-05-31,15435.650390625,15582.7998046875,0.009533088035724929,0.009533088035724929,0.009335687106329572,0.007276340155809987,0.007658264040946961,1,15415.8994140625,-0.0012795687944899268,0.0012795687944899268,0
2021-06-01,15582.7998046875,15574.849609375,-0.0005101904286871787,0.0005101904286871787,0.008260704885842268,0.0074912646815506,0.007249376177787781,0,15508.380859375,-0.004775710799423468,0.004775710799423468,0
2021-06-02,15574.849609375,15576.2001953125,8.671582528071662e-05,8.671582528071662e-05,0.008275898717869351,0.006826402879429337,0.007264462113380432,0,15594.3037109375,0.00124907155127777,0.00124907155127777,0
2021-06-03,15576.2001953125,15690.349609375,0.007328450625387578,0.007328450625387578,0.007774788421695173,0.0061845230960078205,0.006798490881919861,0,15655.150390625,0.0050686428219033335,0.0050686428219033335,0
2021-06-04,15690.349609375,15670.25,-0.0012810173052479636,0.0012810173052479636,0.007744742285284782,0.006293462903543674,0.006746360659599304,0,15692.7744140625,0.00015454115095377968,0.00015454115095377968,0
2021-06-07,15670.25,15751.650390625,0.005194581491999171,0.005194581491999171,0.00776470542128597,0.005816087677064532,0.006444588303565979,0,15718.2802734375,0.003065061083103333,0.003065061083103333,0
2021-06-08,15751.650390625,15740.099609375,-0.0007333060957774142,0.0007333060957774142,0.007736180313066416,0.00575689311659889,0.00637035071849823,0,15726.55859375,-0.001592963038967271,0.001592963038967271,0
2021-06-09,15740.099609375,15635.349609375,-0.006654976944212576,0.006654976944212576,0.00768811027315068,0.00527845719546296,0.006004947423934937,0,15756.34375,0.001032022733536247,0.001032022733536247,0
2021-06-10,15635.349609375,15737.75,0.006549286916078962,0.006549286916078962,0.0077204151643674055,0.005409554395748575,0.0060311853885650635,0,15764.4833984375,0.008259091884013327,0.008259091884013327,1
2021-06-11,15737.75,15799.349609375,0.0039141306333497486,0.0039141306333497486,0.007126301075093661,0.005518095801737318,0.005839312076568603,0,15658.025390625,-0.005065820042572795,0.005065820042572795,0
2021-06-14,15799.349609375,15811.849609375,0.0007911718082738523,0.0007911718082738523,0.007039147201087227,0.005365335993296655,0.005971395969390869,0,15726.431640625,-0.0046152512953275,0.0046152512953275,0
2021-06-15,15811.849609375,15869.25,0.003630213545097643,0.003630213545097643,0.006358542297114282,0.004929703237244453,0.005175167322158813,0,15767.34765625,-0.0028144685298938307,0.0028144685298938307,0
2021-06-16,15869.25,15767.5498046875,-0.006408632752808104,0.006408632752808104,0.005960531119617085,0.004805937337068828,0.004737001657485962,1,15838.6015625,-0.0019313097657419223,0.0019313097657419223,0
2021-06-17,15767.5498046875,15691.400390625,-0.004829502047290931,0.004829502047290931,0.006050632868682675,0.004958574905119913,0.004799461364746094,0,15753.015625,-0.0009217779469565503,0.0009217779469565503,0
2021-06-18,15691.400390625,15683.349609375,-0.0005130696464039008,0.0005130696464039008,0.0057747267952262685,0.004946284528210474,0.004628098011016846,0,15690.896484375,-3.211352954201999e-05,3.211352954201999e-05,0
2021-06-21,15683.349609375,15746.5,0.004026588209654571,0.004026588209654571,0.004509762540112351,0.004524074266688197,0.0037505924701690674,0,15740.861328125,0.003667055838353648,0.003667055838353648,0
2021-06-22,15746.5,15772.75,0.0016670371193598578,0.0016670371193598578,0.004540318014573402,0.004476689305399487,0.0038781166076660156,0,15497.490234375,-0.015813657995427555,0.015813657995427555,1
2021-06-23,15772.75,15686.9501953125,-0.005439749231269119,0.005439749231269119,0.004533395469205894,0.004209102010130785,0.003926098346710205,1,15729.4111328125,-0.0027477051996322773,0.0027477051996322773,0
2021-06-24,15686.9501953125,15790.4501953125,0.006597840798329772,0.006597840798329772,0.004692454275585869,0.004326307371145115,0.0038923323154449463,1,15525.27734375,-0.010306200348032616,0.010306200348032616,1
2021-06-25,15790.4501953125,15860.349609375,0.004426689118923925,0.004426689118923925,0.00483819446879259,0.004542647292823399,0.004103285074234009,0,15651.21875,-0.008817446215297382,0.008817446215297382,1
2021-06-28,15860.349609375,15814.7001953125,-0.0028782098242977434,0.0028782098242977434,0.004752944777840938,0.004531606384762,0.004005801677703857,0,15491.6923828125,-0.02324395335803871,0.02324395335803871,1
2021-06-29,15814.7001953125,15748.4501953125,-0.00418914043148517,0.00418914043148517,0.004430147740333446,0.0043741380706812435,0.003673058748245239,0,15458.55859375,-0.022519655583990196,0.022519655583990196,1
2021-06-30,15748.4501953125,15721.5,-0.0017112919035373831,0.0017112919035373831,0.004559633001470296,0.004356518601483411,0.0038570046424865724,0,15659.40625,-0.005654140198443386,0.005654140198443386,1
2021-07-01,15721.5,15680.0,-0.0026396972299080877,0.0026396972299080877,0.0045871859502111855,0.004104593873356061,0.003938236832618713,0,15560.8359375,-0.010219385077759756,0.010219385077759756,1
2021-07-02,15680.0,15722.2001953125,0.002691338986766582,0.002691338986766582,0.00433804723126392,0.003965081209528601,0.0037038028240203857,0,15481.380859375,-0.012667037029655612,0.012667037029655612,1
2021-07-05,15722.2001953125,15834.349609375,0.007133188273225068,0.007133188273225068,0.004368301734579071,0.003843777106734257,0.0037743210792541503,1,15464.974609375,-0.016360660896188726,0.016360660896188726,1
2021-07-06,15834.349609375,15818.25,-0.001016752173102705,0.001016752173102705,0.004504934581460136,0.004157059807820484,0.0038712561130523683,0,15465.7177734375,-0.02328051641093267,0.02328051641093267,1
2021-07-07,15818.25,15879.650390625,0.003881617158977763,0.003881617158977763,0.004508705922788235,0.0038579813528450677,0.0038854271173477174,0,15810.6533203125,-0.00048024779526812387,0.00048024779526812387,0
2021-07-08,15879.650390625,15727.900390625,-0.009556255727745109,0.009556255727745109,0.004267653827773601,0.003860228240865822,0.003746756911277771,1,15932.9091796875,0.0033539018651155463,0.0033539018651155463,0
2021-07-09,15727.900390625,15689.7998046875,-0.00242248392927328,0.00242248392927328,0.004626937602018072,0.004402704968678987,0.003897106647491455,0,15659.888671875,-0.0043242719664310725,0.0043242719664310725,0
2021-07-12,15689.7998046875,15692.599609375,0.00017844744498674405,0.00017844744498674405,0.004559751677785284,0.00421411512191015,0.0038225263357162475,0,15660.375,-0.0018754098238212712,0.0018754098238212712,0
2021-07-13,15692.599609375,15812.349609375,0.0076309854951285136,0.0076309854951285136,0.00455382029771502,0.003829766663295614,0.0037918895483016967,1,15605.015625,-0.005581228512494258,0.005581228512494258,1
2021-07-14,15812.349609375,15853.9501953125,0.0026308921169334244,0.0026308921169334244,0.004818880341187207,0.004191783576506905,0.003991928696632385,0,15652.056640625,-0.010137201156680962,0.010137201156680962,1
2021-07-15,15853.9501953125,15924.2001953125,0.0044310723280038215,0.0044310723280038215,0.004622732582493275,0.004043132666400127,0.003803044557571411,0,15563.16015625,-0.01834180349251237,0.01834180349251237,1
2021-07-16,15924.2001953125,15923.400390625,-5.022573678365543e-05,5.022573678365543e-05,0.004546812912598112,0.0040800846507326955,0.0037831246852874758,0,15758.0439453125,-0.010434197508325116,0.010434197508325116,1
2021-07-19,15923.400390625,15752.400390625,-0.010738912280361756,0.010738912280361756,0.004541239367247458,0.003696290561667263,0.0037599831819534303,1,15669.3203125,-0.015956395737847,0.015956395737847,1
2021-07-20,15752.400390625,15632.099609375,-0.0076369809214344685,0.0076369809214344685,0.005144089698499119,0.004367016150512035,0.004095602035522461,1,15722.1953125,-0.0019174905015096285,0.0019174905015096285,0
2021-07-22,15632.099609375,15824.0498046875,0.012279233123449532,0.012279233123449532,0.005402584774504966,0.004678439785809601,0.004394099116325378,1,15649.140625,0.001090129672330135,0.001090129672330135,0
2021-07-23,15824.0498046875,15856.0498046875,0.0020222383267853947,0.0020222383267853947,0.005962326574306442,0.005402328575681808,0.004736074805259704,0,15654.0263671875,-0.01074462224263441,0.01074462224263441,1
2021-07-26,15856.0498046875,15824.4501953125,-0.0019929055322251985,0.0019929055322251985,0.005799661008371797,0.005080417891134917,0.004507294297218323,0,15665.498046875,-0.012017605908135295,0.012017605908135295,1
2021-07-27,15824.4501953125,15746.4501953125,-0.004929081202650887,0.004929081202650887,0.005732031249856396,0.004786366787033037,0.004385602474212646,0,15687.7802734375,-0.00863663003694651,0.00863663003694651,1
2021-07-28,15746.4501953125,15709.400390625,-0.0023528988583426387,0.0023528988583426387,0.005802305415940718,0.004799957160110433,0.004488146305084229,0,15678.263671875,-0.004330279052849523,0.004330279052849523,0
2021-07-29,15709.400390625,15778.4501953125,0.004395444954646856,0.004395444954646856,0.005750158856594861,0.004566903464148348,0.004396334290504456,0,15636.740234375,-0.004625266047287322,0.004625266047287322,0
2021-07-30,15778.4501953125,15763.0498046875,-0.0009760394990868739,0.0009760394990868739,0.0058222502965667,0.004550577888926258,0.0045305430889129635,0,15710.4716796875,-0.004308313857415174,0.004308313857415174,0
2021-08-02,15763.0498046875,15885.150390625,0.0077460001364197065,0.0077460001364197065,0.00579139234738906,0.004210144381237759,0.004447358846664429,1,15720.216796875,-0.002717304604326165,0.002717304604326165,0
2021-08-03,15885.150390625,16130.75,0.015460955882416225,0.015460955882416225,0.006008379174731965,0.004546890746494226,0.004700088500976562,1,15687.53125,-0.01244049541650104,0.01244049541650104,1
2021-08-04,16130.75,16258.7998046875,0.007938242467802179,0.007938242467802179,0.006734545127609414,0.005586326677073646,0.005116474628448486,1,16051.3115234375,-0.004924661070470995,0.004924661070470995,0
2021-08-05,16258.7998046875,16294.599609375,0.0022018725316476757,0.0022018725316476757,0.0068927876064392764,0.005810320879302449,0.005462551116943359,0,16088.95703125,-0.010446206083952974,0.010446206083952974,1
2021-08-06,16294.599609375,16238.2001953125,-0.0034612335015615195,0.0034612335015615195,0.006871120123519665,0.005466663156253881,0.005378568172454834,0,16216.2568359375,-0.00480789803466088,0.00480789803466088,0
2021-08-09,16238.2001953125,16258.25,0.0012347307242392418,0.0012347307242392418,0.0064881645166499045,0.005275670638716076,0.005073818564414978,0,16235.7109375,-0.00015329641108985568,0.00015329641108985568,0
2021-08-10,16258.25,16280.099609375,0.0013439090538649608,0.0013439090538649608,0.006419474940416879,0.00489082294180664,0.005014431476593017,0,16210.4150390625,-0.002942196173481156,0.002942196173481156,0
2021-08-11,16280.099609375,16282.25,0.00013208706805219322,0.00013208706805219322,0.006409256200637184,0.004553026997862722,0.005072706937789917,0,16283.7734375,0.00022566373751696227,0.00022566373751696227,0
2021-08-12,16282.25,16364.400390625,0.005045395484346451,0.005045395484346451,0.006271683443221594,0.004131984797382678,0.004697763919830322,0,16027.50390625,-0.015645632130080304,0.015645632130080304,1
2021-08-13,16364.400390625,16529.099609375,0.010064482340847301,0.010064482340847301,0.006317991148609063,0.004218978052007877,0.004818487167358399,1,16280.599609375,-0.005120919755667224,0.005120919755667224,0
2021-08-16,16529.099609375,16563.05078125,0.002054024277023748,0.002054024277023748,0.006571133539773848,0.0047756927793313,0.005100154876708984,0,16392.400390625,-0.008270215679048043,0.008270215679048043,1
2021-08-17,16563.05078125,16614.599609375,0.003112278577528436,0.003112278577528436,0.006555321275761072,0.004516481663105458,0.0052003413438797,0,16458.857421875,-0.006290710615519625,0.006290710615519625,0
2021-08-18,16614.599609375,16568.849609375,-0.0027536023181795473,0.0027536023181795473,0.005831274098239129,0.0043827516124851085,0.004819011688232422,0,16557.19140625,-0.00345528658377098,0.00345528658377098,0
2021-08-20,16568.849609375,16450.5,-0.007142898400624949,0.007142898400624949,0.005467239157779694,0.004227595780756384,0.004574844241142273,1,16505.302734375,-0.0038353220952674866,0.0038353220952674866,0
2021-08-23,16450.5,16496.44921875,0.002793180678398833,0.002793180678398833,0.005443729672906225,0.004505243936931325,0.004318025708198547,0,16405.0390625,-0.0027634988298228017,0.0027634988298228017,0
2021-08-24,16496.44921875,16624.599609375,0.007768362083601798,0.007768362083601798,0.005446943387426972,0.004342191453743994,0.004356572031974792,1,16569.453125,0.004425431514499687,0.004425431514499687,0
2021-08-25,16624.599609375,16634.650390625,0.0006045728309951074,0.0006045728309951074,0.0055077244423317245,0.004668496321279443,0.004645347595214844,0,16569.36328125,-0.003322565921759159,0.003322565921759159,0
2021-08-26,16634.650390625,16636.900390625,0.00013525983096513173,0.00013525983096513173,0.0052486361787108336,0.004281461387500598,0.004429125785827636,0,16601.6484375,-0.0019839282672029783,0.0019839282672029783,0
2021-08-27,16636.900390625,16705.19921875,0.004105261588479956,0.004105261588479956,0.005149608959119349,0.0038865891166567443,0.004318246245384216,0,16628.130859375,-0.000527113286976322,0.000527113286976322,0
2021-08-30,16705.19921875,16931.05078125,0.013519836521704158,0.013519836521704158,0.005145534778413218,0.003907410182142793,0.004303732514381408,1,16583.17578125,-0.00730451854552206,0.00730451854552206,1
2021-08-31,16931.05078125,17132.19921875,0.011880446175423345,0.011880446175423345,0.005577989148236205,0.0048228837986837424,0.004930925369262695,1,16728.248046875,-0.01197815404343305,0.01197815404343305,1
2021-09-01,17132.19921875,17076.25,-0.003265734774363788,0.003265734774363788,0.005811633347065186,0.005495027988964421,0.005137646198272705,0,17051.240234375,-0.004725545351258583,0.004725545351258583,0
2021-09-02,17076.25,17234.150390625,0.009246783727399165,0.009246783727399165,0.005322289872912032,0.005282714703086252,0.004527884721755982,1,17028.3671875,-0.0028040590000732012,0.0028040590000732012,0
2021-09-03,17234.150390625,17323.599609375,0.005190230833697402,0.005190230833697402,0.005395472190516487,0.005660249128685181,0.004593312740325928,0,17260.638671875,0.0015369647269881691,0.0015369647269881691,0
2021-09-06,17323.599609375,17377.80078125,0.0031287476677576867,0.0031287476677576867,0.005415560697074418,0.005615487617167684,0.004742729663848877,0,17342.63671875,0.0010989118776849184,0.0010989118776849184,0
2021-09-07,17377.80078125,17362.099609375,-0.0009035189246697419,0.0009035189246697419,0.0051924832913604075,0.005378657083489791,0.00472610592842102,0,17430.890625,0.0030550381154836326,0.0030550381154836326,0
2021-09-08,17362.099609375,17353.5,-0.0004953092983268266,0.0004953092983268266,0.005261187079653479,0.004952456105076491,0.004709544777870178,0,17509.37109375,0.00848235453593861,0.00848235453593861,1
2021-09-09,17353.5,17369.25,0.0009075978909153773,0.0009075978909153773,0.005313051457844002,0.004527966437743825,0.004667112231254577,0,17412.345703125,0.0033909991140115827,0.0033909991140115827,0
2021-09-13,17369.25,17355.30078125,-0.0008030985074197216,0.0008030985074197216,0.005292188556689734,0.004183163950468232,0.004705885052680969,0,17335.388671875,-0.0019494985750680082,0.0019494985750680082,0
2021-09-14,17355.30078125,17380.0,0.001423151293159038,0.001423151293159038,0.0053490246729100376,0.0038612543345858874,0.0044937700033187864,0,17301.798828125,-0.0030827442174209655,0.0030827442174209655,0
2021-09-15,17380.0,17519.44921875,0.008023545382623705,0.008023545382623705,0.0050873323115792875,0.003629051112116491,0.004061701893806458,1,17532.283203125,0.008761979466340622,0.008761979466340622,1
2021-09-16,17519.44921875,17629.5,0.006281634763507254,0.006281634763507254,0.0052313055797481075,0.004047570095963004,0.004360178112983703,1,17714.38671875,0.011126919434851312,0.011126919434851312,1
2021-09-17,17629.5,17585.150390625,-0.0025156476006126098,0.0025156476006126098,0.005288198893849998,0.004260336210974991,0.004518643021583557,0,17948.046875,0.018068968206699,0.018068968206699,1
2021-09-20,17585.150390625,17396.900390625,-0.010705054879733066,0.010705054879733066,0.005274866420795495,0.004094177870633577,0.004506745934486389,1,17889.404296875,0.017301751733223954,0.017301751733223954,1
2021-09-21,17396.900390625,17562.0,0.009490173862464051,0.009490173862464051,0.005679759966343501,0.004723785102602278,0.004684853553771973,1,17456.58984375,0.003431039540650931,0.003431039540650931,0
2021-09-22,17562.0,17546.650390625,-0.0008740239935656531,0.0008740239935656531,0.005872481484840357,0.005177722933959027,0.0050197005271911625,0,17398.30078125,-0.009321217330030749,0.009321217330030749,1
2021-09-23,17546.650390625,17822.94921875,0.015746528367181906,0.015746528367181906,0.005832659073448102,0.004767848607961627,0.004674983024597168,1,17513.150390625,-0.001909196299819065,0.001909196299819065,0
2021-09-24,17822.94921875,17853.19921875,0.0016972499684943592,0.0016972499684943592,0.006489534524626316,0.005813432003970258,0.0054320752620697025,0,17583.826171875,-0.013416581281813849,0.013416581281813849,1
2021-09-27,17853.19921875,17855.099609375,0.00010644538279750718,0.00010644538279750718,0.006456531432206347,0.005421419609746806,0.005510175228118896,0,17977.771484375,0.006977587831662699,0.006977587831662699,1
2021-09-28,17855.099609375,17748.599609375,-0.005964682490154303,0.005964682490154303,0.0065003271942253174,0.004915232398872715,0.005310237407684326,0,17767.3828125,-0.004912702745659476,0.004912702745659476,0
2021-09-29,17748.599609375,17711.30078125,-0.0021015082285871364,0.0021015082285871364,0.006355026504342698,0.005015181352057991,0.004932478070259094,0,17600.0234375,-0.00837114900020171,0.00837114900020171,1
2021-09-30,17711.30078125,17618.150390625,-0.005259376020738877,0.005259376020738877,0.006014830946395715,0.004737686076704463,0.004443532228469849,0,17567.48046875,-0.008120256906949196,0.008120256906949196,1
2021-10-01,17618.150390625,17532.05078125,-0.0048869834497959255,0.0048869834497959255,0.006116777733421914,0.004787372607084125,0.004543215036392212,0,17520.328125,-0.005552357282467821,0.005552357282467821,0
2021-10-04,17532.05078125,17691.25,0.009080467581137671,0.009080467581137671,0.0059998494010251886,0.004796859484993664,0.004325222969055176,1,17463.609375,-0.0039037878171785823,0.0039037878171785823,0
2021-10-05,17691.25,17822.30078125,0.007407660919946301,0.007407660919946301,0.006206625671870763,0.005204816677247802,0.004519730806350708,1,17546.29296875,-0.008193713346993571,0.008193713346993571,1
2021-10-06,17822.30078125,17646.0,-0.009892144870289572,0.009892144870289572,0.006353383419322668,0.005414611779670445,0.004733675718307495,1,17817.623046875,-0.00026246523568501456,0.00026246523568501456,0
2021-10-07,17646.0,17790.349609375,0.008180302016037628,0.008180302016037628,0.006817173130466043,0.005841045482640704,0.005183106660842896,1,17600.447265625,-0.0025814765031735238,0.0025814765031735238,0
2021-10-08,17790.349609375,17895.19921875,0.005893622760496359,0.005893622760496359,0.007001699868291944,0.006063827880319129,0.0055673539638519285,0,17626.978515625,-0.009183130030446853,0.009183130030446853,1
2021-10-11,17895.19921875,17945.94921875,0.0028359561343595336,0.0028359561343595336,0.007076589873589759,0.006047614564679314,0.005816656351089478,0,17679.384765625,-0.012059907827059938,0.012059907827059938,1
2021-10-12,17945.94921875,17991.94921875,0.002563252544587556,0.002563252544587556,0.007060577777676599,0.00574174546313015,0.0059183001518249515,0,17807.048828125,-0.007739929993776886,0.007739929993776886,1
2021-10-13,17991.94921875,18161.75,0.009437597849211637,0.009437597849211637,0.007062840852629543,0.005439030480348317,0.005975306034088135,1,17983.908203125,-0.000446922983565349,0.000446922983565349,0
2021-10-14,18161.75,18338.55078125,0.009734787740718818,0.009734787740718818,0.007135594085596585,0.005819842914139548,0.006046009063720703,1,18292.841796875,0.007218015712968188,0.007218015712968188,1
2021-10-18,18338.55078125,18477.05078125,0.0075523961327199,0.0075523961327199,0.007289200953460074,0.0061926911884125765,0.006218665838241577,1,18431.58984375,0.0050734141214215525,0.0050734141214215525,0
2021-10-19,18477.05078125,18418.75,-0.0031553077349964326,0.0031553077349964326,0.007308653079828211,0.006322185868582825,0.00647050142288208,0,18550.099609375,0.0039534896012261836,0.0039534896012261836,0
2021-10-20,18418.75,18266.599609375,-0.008260625212080082,0.008260625212080082,0.006765386783338382,0.00602057684114397,0.006093013286590576,1,18553.912109375,0.0073382889379029525,0.0073382889379029525,1
2021-10-21,18266.599609375,18178.099609375,-0.0048449082967023036,0.0048449082967023036,0.007012356134182254,0.006233913115265629,0.006031537055969238,0,18280.759765625,0.0007751938813358868,0.0007751938813358868,0
2021-10-22,18178.099609375,18114.900390625,-0.003476668084567335,0.003476668084567335,0.0071525882788353624,0.006101626527709175,0.006230080127716064,0,18066.490234375,-0.00613977134014821,0.00613977134014821,0
2021-10-25,18114.900390625,18125.400390625,0.0005796333280106836,0.0005796333280106836,0.006434466163737878,0.005851631556032468,0.00561659038066864,0,18024.201171875,-0.005006884763050618,0.005006884763050618,0
2021-10-26,18125.400390625,18268.400390625,0.007889480889700174,0.007889480889700174,0.006431411671501891,0.005349532890295651,0.0055607050657272335,1,18041.021484375,-0.004655285093378864,0.004655285093378864,0
2021-10-27,18268.400390625,18210.94921875,-0.003144838663842887,0.003144838663842887,0.006621398508184158,0.005591435396081761,0.005949857831001282,0,18173.96875,-0.005169124751254113,0.005169124751254113,0
2021-10-28,18210.94921875,17857.25,-0.01942233842406365,0.01942233842406365,0.006490302896884138,0.005358428240991989,0.005808866024017334,1,18051.298828125,-0.008766725375337596,0.008766725375337596,1
2021-10-29,17857.25,17671.650390625,-0.010393515763905417,0.010393515763905417,0.00795854863794722,0.006697849581278025,0.006674909591674804,1,17888.60546875,0.0017558957146257123,0.0017558957146257123,0
2021-11-01,17671.650390625,17929.650390625,0.014599655057507915,0.014599655057507915,0.008230243083966658,0.007049816319067162,0.006931614875793457,1,17753.08984375,0.0046084803244073064,0.0046084803244073064,0
2021-11-02,17929.650390625,17888.94921875,-0.002270048271341738,0.002270048271341738,0.008736241058613823,0.007768851041115407,0.00741724967956543,0,17810.087890625,-0.006668423387804398,0.006668423387804398,0
2021-11-03,17888.94921875,17829.19921875,-0.003340050847557555,0.003340050847557555,0.008561438507063384,0.0072451550273206775,0.007076731324195862,0,17801.65234375,-0.004879933076700853,0.004879933076700853,0
2021-11-04,17829.19921875,17916.80078125,0.00491337616598474,0.00491337616598474,0.008447579469577696,0.006873241737030952,0.0068733513355255125,0,17752.08203125,-0.004325330967130596,0.004325330967130596,0
2021-11-08,17916.80078125,18068.55078125,0.008469704042186312,0.008469704042186312,0.008174471551106097,0.006686583483801814,0.006624409556388855,1,17670.474609375,-0.01374833458732104,0.01374833458732104,1
2021-11-09,18068.55078125,18044.25,-0.0013449214352717915,0.0013449214352717915,0.00818848134792511,0.006856404181848637,0.00663888156414032,0,17815.251953125,-0.014018768366738737,0.014018768366738737,1
2021-11-10,18044.25,18017.19921875,-0.001499135805034845,0.001499135805034845,0.008111480189101624,0.006331500850692758,0.006411448121070862,0,17953.69140625,-0.0050186953600177345,0.0050186953600177345,0
2021-11-11,18017.19921875,17873.599609375,-0.007970140510271978,0.007970140510271978,0.008102173103912404,0.005871273762126385,0.0063446044921875,0,17928.18359375,-0.004940591704584356,0.004940591704584356,0
2021-11-12,17873.599609375,18102.75,0.012820606684330492,0.012820606684330492,0.008282818690754359,0.0060711671452982445,0.006614950299263,1,17846.765625,-0.0015013195417516866,0.0015013195417516866,0
2021-11-15,18102.75,18109.44921875,0.0003700663573214014,0.0003700663573214014,0.008523145541574828,0.0067139704136810665,0.006784102320671082,0,17953.873046875,-0.008223996526770794,0.008223996526770794,0
2021-11-16,18109.44921875,17999.19921875,-0.006087981951756453,0.006087981951756453,0.00820405140062331,0.0061097851966415,0.006315866112709045,0,18036.20703125,-0.00404441828215113,0.00404441828215113,0
2021-11-17,17999.19921875,17898.650390625,-0.005586294529161996,0.005586294529161996,0.008056624448731241,0.0061077064934102745,0.006242644786834717,0,18087.474609375,0.00490440655454507,0.00490440655454507,0
2021-11-18,17898.650390625,17764.80078125,-0.00747819564346081,0.00747819564346081,0.008104625912109302,0.006058045543336836,0.006364193558692932,0,17943.91796875,0.002529105666464683,0.002529105666464683,0
2021-11-22,17764.80078125,17416.55078125,-0.0196033721001568,0.0196033721001568,0.008071587194707248,0.006193296210395693,0.006325072050094605,1,17817.08203125,0.002942968550211982,0.002942968550211982,0
2021-11-23,17416.55078125,17503.349609375,0.004983697932798746,0.004983697932798746,0.009025172050966807,0.007470446249422603,0.007062995433807373,0,17390.068359375,-0.0015205319473193266,0.0015205319473193266,0
2021-11-24,17503.349609375,17415.05078125,-0.005044681737814693,0.005044681737814693,0.009154532731253094,0.007233609802711875,0.007138344645500183,0,17402.958984375,-0.005735509330524347,0.005735509330524347,0
2021-11-25,17415.05078125,17536.25,0.006959452503032018,0.006959452503032018,0.009167981179868367,0.007025142080092645,0.007361599802970886,0,17387.181640625,-0.001600290517384276,0.001600290517384276,0
2021-11-26,17536.25,17026.44921875,-0.02907125418775394,0.02907125418775394,0.009117628016395167,0.007018884579509975,0.007315096259117126,1,17435.521484375,-0.00574401685793713,0.00574401685793713,0
2021-11-29,17026.44921875,17053.94921875,0.001615134174289037,0.001615134174289037,0.010947835062041899,0.009119111897606658,0.008611416816711426,0,17041.919921875,0.0009086276842715527,0.0009086276842715527,0
2021-11-30,17053.94921875,16983.19921875,-0.004148599194972022,0.004148599194972022,0.010309262455960495,0.008404450446798741,0.007721057534217835,0,17102.2734375,0.002833608692634656,0.002833608692634656,0
2021-12-01,16983.19921875,17166.900390625,0.010816641170421411,0.010816641170421411,0.010142793249207025,0.007999131593356645,0.007408812642097473,1,17098.556640625,0.006792443543124765,0.006792443543124765,0
2021-12-02,17166.900390625,17401.650390625,0.013674571102433792,0.013674571102433792,0.009849227516352659,0.008267470804081654,0.007219663262367249,1,17197.517578125,0.0017835012030896576,0.0017835012030896576,0
2021-12-03,17401.650390625,17196.69921875,-0.011777685867394267,0.011777685867394267,0.010463035885682323,0.008782437090708133,0.007789891958236694,1,17364.51953125,-0.002133755048601824,0.002133755048601824,0
2021-12-06,17196.69921875,16912.25,-0.016540919575999662,0.016540919575999662,0.010715514288154693,0.009067700129086679,0.00821177363395691,1,17306.080078125,0.006360572920629981,0.006360572920629981,0
2021-12-07,16912.25,17176.69921875,0.015636548581649395,0.015636548581649395,0.011081050830073418,0.009779437695484464,0.00879315435886383,1,17032.806640625,0.007128362023089772,0.007128362023089772,0
2021-12-08,17176.69921875,17469.75,0.017060948527881727,0.017060948527881727,0.011570503025293095,0.01033725918173227,0.009151497483253479,1,17232.3671875,0.003240900247541921,0.003240900247541921,0
2021-12-09,17469.75,17516.849609375,0.002696066593683367,0.002696066593683367,0.01236864003041531,0.01097761498365574,0.009937301278114319,0,17480.03125,0.0005885172941799396,0.0005885172941799396,0
2021-12-10,17516.849609375,17511.30078125,-0.0003167708948092055,0.0003167708948092055,0.012404951934081223,0.010188893298781905,0.009997147321701049,0,17388.5546875,-0.0073240865073327275,0.0073240865073327275,0
2021-12-13,17511.30078125,17368.25,-0.00816905511686315,0.00816905511686315,0.012307117572003184,0.009248693811943742,0.009614479541778565,0,17400.5,-0.0063273872474761276,0.0063273872474761276,0
2021-12-14,17368.25,17324.900390625,-0.00249591118132224,0.00249591118132224,0.011961008076987372,0.009145871066524947,0.009381902217864991,0,17375.123046875,0.0003957247779712982,0.0003957247779712982,0
2021-12-15,17324.900390625,17221.400390625,-0.005974060321640107,0.005974060321640107,0.011948273253638515,0.008512539050220163,0.009488195180892944,0,17333.82421875,0.0005150868359294544,0.0005150868359294544,0
2021-12-16,17221.400390625,17248.400390625,0.0015678167505296654,0.0015678167505296654,0.011946321322506384,0.00827077860129899,0.009482499957084656,0,17177.607421875,-0.0025429388874693404,0.0025429388874693404,0
2021-12-17,17248.400390625,16985.19921875,-0.01525945397337004,0.01525945397337004,0.011944748970071232,0.007632403551286883,0.00928157866001129,1,17360.890625,0.006521777778079738,0.006521777778079738,0
2021-12-20,16985.19921875,16614.19921875,-0.021842546279377886,0.021842546279377886,0.012262598037112868,0.00835878842388742,0.009670642018318177,1,16928.796875,-0.0033206760205519007,0.0033206760205519007,0
2021-12-21,16614.19921875,16770.849609375,0.009428705444208938,0.009428705444208938,0.012439099270865877,0.009642955174989127,0.00978260040283203,0,16660.083984375,0.002761780150873394,0.002761780150873394,0
2021-12-22,16770.849609375,16955.44921875,0.011007170994593368,0.011007170994593368,0.012614218766595242,0.009622553686678685,0.010004854202270508,0,16781.544921875,0.0006377323003374415,0.0006377323003374415,0
2021-12-23,16955.44921875,17072.599609375,0.0069093062126275315,0.0069093062126275315,0.01292119315269953,0.009754423788011323,0.010302978754043578,0,16972.501953125,0.00100573769264352,0.00100573769264352,0
2021-12-24,17072.599609375,17003.75,-0.004032754879180376,0.004032754879180376,0.012919518335828065,0.0094834549713506,0.010300469398498536,0,17121.298828125,0.002852478232035502,0.002852478232035502,0
2021-12-27,17003.75,17086.25,0.004851870910828494,0.004851870910828494,0.011178451682343682,0.008964338408004197,0.009048542380332947,0,17012.2890625,0.0005021870175696537,0.0005021870175696537,0
2021-12-28,17086.25,17233.25,0.008603409174043456,0.008603409174043456,0.011226501211492533,0.008572669805786349,0.00921037495136261,0,17016.572265625,-0.004078000402370327,0.004078000402370327,0
2021-12-29,17233.25,17213.599609375,-0.0011402602889762524,0.0011402602889762524,0.011330877934329615,0.008575601599156166,0.009433117508888245,0,17262.078125,0.0016728199846227495,0.0016728199846227495,0
2021-12-30,17213.599609375,17203.94921875,-0.0005606259494814862,0.0005606259494814862,0.011086935398272392,0.007867471623479696,0.008949294686317444,0,17253.1015625,0.002294810732293677,0.002294810732293677,0
