date,curr_close,real_close,real_return,abs_real_return,roll_std,ewma_abs,roll_abs,real_high_vol,pred_close,pred_return,abs_pred_return,pred_high_vol
2024-01-01,21731.400390625,21741.900390625,0.0004831718072126514,0.0004831718072126514,0.0073051669330625735,0.005656104821920804,0.006265038251876831,0,21605.501953125,-0.0057933881497261,0.0057933881497261,0
2024-01-02,21741.900390625,21665.80078125,-0.0035001360510240297,0.0035001360510240297,0.007310033983115265,0.0051634429579806625,0.005954551696777344,0,21829.69921875,0.004038231550488495,0.004038231550488495,0
2024-01-03,21665.80078125,21517.349609375,-0.006851866375669461,0.006851866375669461,0.006250716846565017,0.005005035395805863,0.005096152424812317,1,21719.009765625,0.0024558974261892075,0.0024558974261892075,0
2024-01-04,21517.349609375,21658.599609375,0.006564470186349442,0.006564470186349442,0.006414720005629663,0.0051809226857438785,0.005031967163085937,1,21744.8671875,0.010573680413961008,0.010573680413961008,1
2024-01-05,21658.599609375,21710.80078125,0.0024101822286056087,0.0024101822286056087,0.006491464287415363,0.00531269175831045,0.005162161588668823,0,21718.7109375,0.002775402344063861,0.002775402344063861,0
2024-01-08,21710.80078125,21513.0,-0.009110708685643036,0.009110708685643036,0.006441213621768177,0.005036261440008282,0.005195391178131103,1,21727.95703125,0.000790217282764465,0.000790217282764465,0
2024-01-09,21513.0,21544.849609375,0.0014804820050667038,0.0014804820050667038,0.00688456549259719,0.005424302175551113,0.005487656593322754,0,21485.529296875,-0.0012769350218472552,0.0012769350218472552,0
2024-01-10,21544.849609375,21618.69921875,0.0034277152411806657,0.0034277152411806657,0.006884679781280642,0.005048698174730164,0.005495631694793701,0,21648.78515625,0.004824148172738863,0.004824148172738863,0
2024-01-11,21618.69921875,21647.19921875,0.001318303183351652,0.001318303183351652,0.006768167638532636,0.004894321578255212,0.005451038479804993,0,21659.79296875,0.0019008428575739283,0.0019008428575739283,0
2024-01-12,21647.19921875,21894.55078125,0.01142649263770591,0.01142649263770591,0.006766550508853921,0.004553751478720628,0.005469241738319397,1,21687.341796875,0.0018544005494359746,0.0018544005494359746,0
2024-01-15,21894.55078125,22097.44921875,0.009267074694848621,0.009267074694848621,0.006701261291363895,0.00520829408284452,0.00542806088924408,1,21826.568359375,-0.0031049927698547993,0.0031049927698547993,0
2024-01-16,22097.44921875,22032.30078125,-0.0029482333845447023,0.0029482333845447023,0.006421445259417513,0.005594846241725865,0.005244776606559753,0,21966.30078125,-0.005935003456811598,0.005935003456811598,0
2024-01-17,22032.30078125,21571.94921875,-0.02089439351208249,0.02089439351208249,0.006458219249328776,0.0053427870324686535,0.005303636193275452,1,21995.4140625,-0.0016742109285922356,0.0016742109285922356,0
2024-01-18,21571.94921875,21462.25,-0.005085271508735574,0.005085271508735574,0.008161645296115953,0.006823893812806228,0.006267938017845154,0,21654.03125,0.003805035438274423,0.003805035438274423,0
2024-01-19,21462.25,21622.400390625,0.007461957186455288,0.007461957186455288,0.007547849167800475,0.00665831244761535,0.005816128849983215,0,21528.2890625,0.003076986918892474,0.003076986918892474,0
2024-01-23,21622.400390625,21238.80078125,-0.017740842942734536,0.017740842942734536,0.007641283663913495,0.006734845117312093,0.005941233038902283,1,21762.640625,0.006485877231086938,0.006485877231086938,0
2024-01-24,21238.80078125,21453.94921875,0.010129971071150917,0.010129971071150917,0.00864227580919396,0.007783035647114449,0.006606331467628479,1,21127.41796875,-0.0052443079836377,0.0052443079836377,0
2024-01-25,21453.94921875,21352.599609375,-0.004724053755400148,0.004724053755400148,0.00889727620610173,0.00800654926061471,0.00689748227596283,0,21396.607421875,-0.0026727851497329582,0.0026727851497329582,0
2024-01-29,21352.599609375,21737.599609375,0.01803059145224468,0.01803059145224468,0.008640566001323449,0.007693927971634105,0.006636044383049012,1,21404.8046875,0.0024449050270243917,0.0024449050270243917,0
2024-01-30,21737.599609375,21522.099609375,-0.009913698102483177,0.009913698102483177,0.009513720735413575,0.008678377066062741,0.007251384854316712,1,21622.509765625,-0.005294505640832763,0.005294505640832763,0
2024-01-31,21522.099609375,21725.69921875,0.009460025419002906,0.009460025419002906,0.009758880525054648,0.008796025244306487,0.007638478279113769,0,21457.1015625,-0.003020060684352884,0.003020060684352884,0
2024-02-01,21725.69921875,21697.44921875,-0.001300303374154205,0.001300303374154205,0.0100067853236517,0.008859258305000327,0.008087319135665894,0,21559.4453125,-0.007652407619935996,0.007652407619935996,0
2024-02-02,21697.44921875,21853.80078125,0.007205988175093306,0.007205988175093306,0.009978216092112946,0.008139355164121738,0.007977324724197387,0,21652.46484375,-0.002073256378963037,0.002073256378963037,0
2024-02-05,21853.80078125,21771.69921875,-0.0037568550808077758,0.0037568550808077758,0.009956333767048993,0.008050460685135442,0.007995030283927918,0,21987.953125,0.006138627559243574,0.006138627559243574,0
2024-02-06,21771.69921875,21929.400390625,0.007243402101531249,0.007243402101531249,0.00991047540727405,0.0076415483113313875,0.007854649424552917,0,21773.466796875,8.118696236064773e-05,8.118696236064773e-05,0
2024-02-07,21929.400390625,21930.5,5.014315737835186e-05,5.014315737835186e-05,0.010022745361038336,0.007603628934222166,0.00809631049633026,0,21773.125,-0.007126295650646655,0.007126295650646655,0
2024-02-08,21930.5,21717.94921875,-0.009692017110872985,0.009692017110872985,0.009764054467577393,0.006884253522477281,0.007643285393714905,0,21858.775390625,-0.0032705414548231913,0.0032705414548231913,0
2024-02-09,21717.94921875,21782.5,0.0029722318898448593,0.0029722318898448593,0.010050923511732762,0.007151659212117768,0.008053863048553466,0,21796.001953125,0.003593927473944633,0.003593927473944633,0
2024-02-12,21782.5,21616.05078125,-0.007641419430735682,0.007641419430735682,0.010044330800601011,0.006753619783951278,0.00803108811378479,0,21817.357421875,0.0016002489096751979,0.0016002489096751979,0
2024-02-13,21616.05078125,21743.25,0.0058844800115076526,0.0058844800115076526,0.01020100064862965,0.006838173582574454,0.008347243070602417,0,21810.609375,0.009000653991744054,0.009000653991744054,0
2024-02-14,21743.25,21840.05078125,0.004451992284961999,0.004451992284961999,0.009945713614670244,0.006747350209005003,0.008070147037506104,0,21689.759765625,-0.002460084595219206,0.002460084595219206,0
2024-02-15,21840.05078125,21910.75,0.003237136188835985,0.003237136188835985,0.009758462723095513,0.006528744486962952,0.007829391956329345,0,21776.1640625,-0.00292520925843486,0.00292520925843486,0
2024-02-16,21910.75,22040.69921875,0.0059308430222607626,0.0059308430222607626,0.009776132140757782,0.006215257227038049,0.007843837141990662,0,21974.25390625,0.0028982990655271957,0.0028982990655271957,0
2024-02-19,22040.69921875,22122.25,0.0037000088082788604,0.0037000088082788604,0.008556000519051851,0.006188175641008755,0.007095661759376526,0,22013.97265625,-0.0012126004821690838,0.0012126004821690838,0
2024-02-20,22122.25,22196.94921875,0.0033766555730090748,0.0033766555730090748,0.008445993881284763,0.005951208239872412,0.007026398181915283,0,22043.802734375,-0.003546079879985083,0.003546079879985083,0
2024-02-21,22196.94921875,22055.05078125,-0.006392700010330108,0.006392700010330108,0.008344265533192414,0.005706007752887028,0.006822133064270019,0,22273.994140625,0.0034709689658576743,0.0034709689658576743,0
2024-02-22,22055.05078125,22217.44921875,0.00736332185814155,0.00736332185814155,0.00729840433908221,0.005771408667988282,0.006254726648330688,1,22104.013671875,0.0022200307362985343,0.0022200307362985343,0
2024-02-23,22217.44921875,22212.69921875,-0.00021379592019012364,0.00021379592019012364,0.00715935416578147,0.005923019213605842,0.006116396188735962,0,22149.501953125,-0.0030582838270946594,0.0030582838270946594,0
2024-02-26,22212.69921875,22122.05078125,-0.004080928508836179,0.004080928508836179,0.007013438066084924,0.005379284227625221,0.00589088499546051,0,22279.15625,0.0029918485185223614,0.0029918485185223614,0
2024-02-27,22122.05078125,22198.349609375,0.0034489943486464033,0.0034489943486464033,0.0060267806385811895,0.0052556334644072635,0.005193400382995606,0,22115.1015625,-0.00031413085607279927,0.00031413085607279927,0
2024-02-28,22198.349609375,21951.150390625,-0.011135927809948569,0.011135927809948569,0.00548158361448615,0.005083569626395448,0.004870164394378662,1,22163.705078125,-0.001560680494705274,0.001560680494705274,0
2024-02-29,21951.150390625,21982.80078125,0.0014418556686904846,0.0014418556686904846,0.005842548815923957,0.005659985450870761,0.004953962564468384,0,22047.95703125,0.004410094181958893,0.004410094181958893,0
2024-03-01,21982.80078125,22338.75,0.016192168700068607,0.016192168700068607,0.0058294338785879465,0.005258256965751326,0.004961040616035461,1,21991.095703125,0.0003773368988575408,0.0003773368988575408,0
2024-03-04,22338.75,22405.599609375,0.002992540288735941,0.002992540288735941,0.006648513327697329,0.006299584664220975,0.005410352349281311,0,22539.21875,0.00897403614794919,0.00897403614794919,1
2024-03-05,22405.599609375,22356.30078125,-0.002200290507037905,0.002200290507037905,0.006558683518773065,0.005984625248161192,0.00537213385105133,0,22448.13671875,0.0018985035043294057,0.0018985035043294057,0
2024-03-06,22356.30078125,22474.05078125,0.005266971542034169,0.005266971542034169,0.006459322870476072,0.005624213839944272,0.005119979381561279,0,22332.53515625,-0.0010630392403707498,0.0010630392403707498,0
2024-03-07,22474.05078125,22493.55078125,0.0008676673462119594,0.0008676673462119594,0.006524621213270397,0.005590195763780262,0.005380821228027344,0,22289.7421875,-0.008200951201185674,0.008200951201185674,1
2024-03-11,22493.55078125,22332.650390625,-0.007153178801771133,0.007153178801771133,0.005999076284683745,0.005140436588052631,0.004939606785774231,1,22349.6953125,-0.006395409517554424,0.006395409517554424,1
2024-03-12,22332.650390625,22335.69921875,0.00013651886684617893,0.00013651886684617893,0.0063116563684193425,0.005332123905332821,0.005148652195930481,0,22326.30859375,-0.0002839697377639609,0.0002839697377639609,0
2024-03-13,22335.69921875,21997.69921875,-0.015132725270416491,0.015132725270416491,0.005963921822471932,0.00483730207020928,0.0047734051942825316,1,22334.40234375,-5.806287894991535e-05,5.806287894991535e-05,0
2024-03-14,21997.69921875,22146.650390625,0.006771215952804724,0.006771215952804724,0.006949750769242172,0.005817818562456021,0.005235815048217773,0,21904.97265625,-0.004215284588533851,0.004215284588533851,0
2024-03-15,22146.650390625,22023.349609375,-0.005567468627318694,0.005567468627318694,0.007036132994615329,0.005908617447533917,0.0053517758846282956,0,21961.865234375,-0.00834370674529735,0.00834370674529735,1
2024-03-18,22023.349609375,22055.69921875,0.0014688778023679591,0.0014688778023679591,0.007145006021844829,0.00587612921962925,0.005468294024467468,0,21920.857421875,-0.004653796507701565,0.004653796507701565,0
2024-03-19,22055.69921875,21817.44921875,-0.01080219664028873,0.01080219664028873,0.007027995383289603,0.0054563928049831045,0.005245193839073181,1,22098.21875,0.001927825131649115,0.001927825131649115,0
2024-03-20,21817.44921875,21839.099609375,0.0009923428906800696,0.0009923428906800696,0.007372105566978253,0.005965518192821744,0.005600303411483765,0,21809.3046875,-0.0003733035502152359,0.0003733035502152359,0
2024-03-21,21839.099609375,22011.94921875,0.007914685699807873,0.007914685699807873,0.007322374450514213,0.005491878186478788,0.0054810881614685055,1,21818.1796875,-0.0009579113722261508,0.0009579113722261508,0
2024-03-22,22011.94921875,22096.75,0.003852488501007709,0.003852488501007709,0.007443759085379935,0.0057226195364470005,0.005557185411453247,0,22141.59765625,0.005889911711660872,0.005889911711660872,0
2024-03-26,22096.75,22004.69921875,-0.0041658063402989125,0.0041658063402989125,0.007299194145549287,0.0055445116387294385,0.005381643772125244,0,22127.435546875,0.001388690503128288,0.001388690503128288,0
2024-03-27,22004.69921875,22123.650390625,0.00540571678315161,0.00540571678315161,0.007351553892343627,0.005413208456754904,0.005579245090484619,0,22068.884765625,0.0029169018052429495,0.0029169018052429495,0
2024-03-28,22123.650390625,22326.900390625,0.009187001078543897,0.009187001078543897,0.007410393059216799,0.0054124899793467915,0.005645480751991272,1,22191.3671875,0.003060832895085673,0.003060832895085673,0
2024-04-01,22326.900390625,22462.0,0.00605097917809173,0.00605097917809173,0.007656722632065235,0.005771965515458575,0.0059323817491531376,0,22389.396484375,0.0027991388261060153,0.0027991388261060153,0
2024-04-02,22462.0,22453.30078125,-0.0003872860275131333,0.0003872860275131333,0.0072577897670848485,0.005798534926206148,0.005678132176399231,0,22427.935546875,-0.0015165369568604754,0.0015165369568604754,0
2024-04-03,22453.30078125,22434.650390625,-0.0008306302403686818,0.0008306302403686818,0.007265783450976458,0.005283180264829418,0.00562540590763092,0,22585.3359375,0.005880434130212968,0.005880434130212968,0
2024-04-04,22434.650390625,22514.650390625,0.0035659124883635554,0.0035659124883635554,0.006341081985794744,0.004859129794806601,0.0048573285341262816,0,22463.888671875,0.0013032644030957622,0.0013032644030957622,0
2024-04-05,22514.650390625,22513.69921875,-4.2246797462867275e-05,4.2246797462867275e-05,0.006355493327845301,0.004735965764666212,0.0048859983682632445,0,22616.37890625,0.004518325350828423,0.004518325350828423,0
2024-04-08,22513.69921875,22666.30078125,0.006778164752814562,0.006778164752814562,0.00632975532677234,0.00428894613880712,0.004778096079826355,1,22556.9140625,0.001919491032109443,0.001919491032109443,0
2024-04-09,22666.30078125,22642.75,-0.001039021827041211,0.001039021827041211,0.006399915495775535,0.004526010410784335,0.00485365092754364,0,22767.99609375,0.004486630327615008,0.004486630327615008,0
2024-04-10,22642.75,22753.80078125,0.004904474114230824,0.004904474114230824,0.006407492195446227,0.0041939168638262655,0.004862216114997864,0,22676.48046875,0.0014896807477006988,0.0014896807477006988,0
2024-04-12,22753.80078125,22519.400390625,-0.010301592814249954,0.010301592814249954,0.006229118449636957,0.004261592266385502,0.004749783873558044,1,22953.6484375,0.008783045002955379,0.008783045002955379,1
2024-04-15,22519.400390625,22272.5,-0.010963897188301094,0.010963897188301094,0.006719134307702041,0.0048368301425221515,0.005258038640022278,1,22603.2109375,0.0037217041937711174,0.0037217041937711174,0
2024-04-16,22272.5,22147.900390625,-0.005594325260972051,0.005594325260972051,0.006259868459940819,0.005420362203097609,0.005049598217010498,0,22339.0546875,0.002988200134695252,0.002988200134695252,0
2024-04-18,22147.900390625,21995.849609375,-0.006865245850318239,0.006865245850318239,0.006232985801003948,0.005436928959439155,0.0049907535314559935,1,22128.65234375,-0.0008690686943466442,0.0008690686943466442,0
2024-04-19,21995.849609375,22147.0,0.006871768688606471,0.006871768688606471,0.006300618455090893,0.005572960771419186,0.005055642127990723,1,22088.318359375,0.004203918086464288,0.004203918086464288,0
2024-04-22,22147.0,22336.400390625,0.008551965982977378,0.008551965982977378,0.006482096034538516,0.005696661602346387,0.005325788259506225,1,22074.35546875,-0.0032801070686774734,0.0032801070686774734,0
2024-04-23,22336.400390625,22368.0,0.001414713598537701,0.001414713598537701,0.006186927709950386,0.005968594328130874,0.0052132755517959595,0,22314.625,-0.0009748836090053048,0.0009748836090053048,0
2024-04-24,22368.0,22402.400390625,0.0015379287654238199,0.0015379287654238199,0.006186922891411138,0.005534885976794516,0.0052343934774398805,0,22472.49609375,0.004671678010997854,0.004671678010997854,0
2024-04-25,22402.400390625,22570.349609375,0.007496929606716774,0.007496929606716774,0.00598450962865622,0.005154222459432622,0.004915556311607361,1,22382.943359375,-0.000868524395186795,0.000868524395186795,0
2024-04-26,22570.349609375,22419.94921875,-0.006663626980883295,0.006663626980883295,0.006132898675530534,0.005377339654777999,0.005097779631614685,1,22598.833984375,0.0012620263085410296,0.0012620263085410296,0
2024-04-29,22419.94921875,22643.400390625,0.009966622568802512,0.009966622568802512,0.006269236906949194,0.005499842589747175,0.005222669243812561,1,22446.099609375,0.0011663893780423998,0.0011663893780423998,0
2024-04-30,22643.400390625,22604.849609375,-0.00170251731563962,0.00170251731563962,0.006517725588669401,0.00592524918712198,0.005450716614723206,0,22658.57421875,0.000670121442152407,0.000670121442152407,0
2024-05-02,22604.849609375,22648.19921875,0.0019177127972141625,0.0019177127972141625,0.006263697585308191,0.005523087081049816,0.005076494812965393,0,22689.27734375,0.003734938999106853,0.003734938999106853,0
2024-05-03,22648.19921875,22475.849609375,-0.007609859296553482,0.007609859296553482,0.006142702952167635,0.005179718772473967,0.004869833588600159,1,22688.63671875,0.0017854620409079847,0.0017854620409079847,0
2024-05-06,22475.849609375,22442.69921875,-0.0014749338156797639,0.0014749338156797639,0.00640023584896845,0.005411159290120606,0.005230960249900818,0,22313.845703125,-0.0072079102265582805,0.0072079102265582805,1
2024-05-07,22442.69921875,22302.5,-0.006246985595782036,0.006246985595782036,0.006406623878393529,0.005036279065820266,0.005263173580169677,0,22336.93359375,-0.004712696274592361,0.004712696274592361,0
2024-05-08,22302.5,22302.5,0.0,0.0,0.006497291308594212,0.0051515842981206565,0.00539722740650177,0,22230.130859375,-0.003244889166012779,0.003244889166012779,0
2024-05-09,22302.5,21957.5,-0.015469117811904494,0.015469117811904494,0.0064974388545965605,0.004660957222109165,0.005395114421844482,1,22225.015625,-0.0034742461607443114,0.0034742461607443114,0
2024-05-10,21957.5,22055.19921875,0.004449469144939087,0.004449469144939087,0.007073489219519338,0.005690307377518993,0.005829665064811707,0,22119.36328125,0.007371662586815439,0.007371662586815439,1
2024-05-13,22055.19921875,22104.05078125,0.002214968090538459,0.002214968090538459,0.007200237396501654,0.005572133982753652,0.006000187993049621,0,22026.76953125,-0.0012890242893762117,0.0012890242893762117,0
2024-05-14,22104.05078125,22217.849609375,0.005148324587705484,0.005148324587705484,0.007102931003448013,0.005252398232001258,0.005865707993507385,0,22067.06640625,-0.001673194445941664,0.001673194445941664,0
2024-05-15,22217.849609375,22200.55078125,-0.000778600468953603,0.000778600468953603,0.0069244575014477255,0.005242483313508718,0.0056080430746078495,0,22191.40234375,-0.0011903611776110125,0.0011903611776110125,0
2024-05-16,22200.55078125,22403.849609375,0.009157377676264719,0.009157377676264719,0.006486777476814652,0.004817353043146071,0.005098778009414673,1,22257.5625,0.0025680317264088147,0.0025680317264088147,0
2024-05-17,22403.849609375,22466.099609375,0.0027785403439751347,0.0027785403439751347,0.006670242864595212,0.005230692677580914,0.005276933312416077,0,22411.126953125,0.00032482559367631,0.00032482559367631,0
2024-05-21,22466.099609375,22529.05078125,0.002802051667603698,0.002802051667603698,0.006447343733166776,0.0049971533864636465,0.005072596669197083,0,22426.505859375,-0.0017623775683553772,0.0017623775683553772,0
2024-05-22,22529.05078125,22597.80078125,0.003051615474950138,0.003051615474950138,0.006317780033492386,0.004788092525932929,0.004869106411933899,0,22408.048828125,-0.0053709299295336905,0.0053709299295336905,0
2024-05-23,22597.80078125,22967.650390625,0.016366619608483058,0.016366619608483058,0.006081278122507313,0.004622715961864122,0.004594090580940247,1,22577.86328125,-0.0008822761202737338,0.0008822761202737338,0
2024-05-24,22967.650390625,22957.099609375,-0.00045937573371922485,0.00045937573371922485,0.007031564775840806,0.005741181202667102,0.005341687798500061,0,22916.150390625,-0.0022422842181985415,0.0022422842181985415,0
2024-05-27,22957.099609375,22932.44921875,-0.0010737589261900274,0.0010737589261900274,0.0070428863738175975,0.005238151849773467,0.005287760496139526,0,22960.150390625,0.00013289053503754244,0.00013289053503754244,0
2024-05-28,22932.44921875,22888.150390625,-0.0019317094176221025,0.0019317094176221025,0.006901938520343067,0.0048415447855692,0.004966601729393005,0,22833.861328125,-0.004299056314682371,0.004299056314682371,0
2024-05-29,22888.150390625,22704.69921875,-0.00801511562726107,0.00801511562726107,0.00671039392383396,0.004564419275755527,0.00473000705242157,1,22818.373046875,-0.0030486230892025614,0.0030486230892025614,0
2024-05-30,22704.69921875,22488.650390625,-0.009515599658179242,0.009515599658179242,0.006658008263492423,0.004893055172120863,0.004632431268692017,1,22677.5625,-0.0011952027414479003,0.0011952027414479003,0
2024-05-31,22488.650390625,22530.69921875,0.001869779973213919,0.001869779973213919,0.006993565275871491,0.005333295966696708,0.005023083090782166,0,22613.20703125,0.005538644536753739,0.005538644536753739,0
2024-06-03,22530.69921875,23263.900390625,0.03254231769535282,0.03254231769535282,0.006992797276764391,0.005003438989545021,0.0050206869840621945,1,22643.416015625,0.005002809534699097,0.005002809534699097,0
2024-06-04,23263.900390625,21884.5,-0.059293599416410735,0.059293599416410735,0.009916990610257716,0.007626192219875975,0.006267312169075012,1,23494.28515625,0.009903101447160665,0.009903101447160665,0
2024-06-05,21884.5,22620.349609375,0.03362423676003564,0.03362423676003564,0.01688937045048931,0.012546900364549946,0.009158247709274292,1,21851.251953125,-0.0015192509253124358,0.0015192509253124358,0
2024-06-06,22620.349609375,22821.400390625,0.008888049244237788,0.008888049244237788,0.018526185215796985,0.01455427094125785,0.010527113080024719,0,22260.28125,-0.01591789541686702,0.01591789541686702,0
2024-06-07,22821.400390625,23290.150390625,0.020539931466807,0.020539931466807,0.018610540501798757,0.01401462668116921,0.010971513390541077,1,22483.052734375,-0.01482589369883685,0.01482589369883685,0
2024-06-10,23290.150390625,23259.19921875,-0.001328938257412833,0.001328938257412833,0.018642827675467606,0.014636079359047302,0.011225050687789917,0,23271.58203125,-0.0007972623217784946,0.0007972623217784946,0
2024-06-11,23259.19921875,23264.849609375,0.00024293143421915555,0.00024293143421915555,0.018665873066395503,0.013368733244843951,0.011069023609161377,0,23182.734375,-0.003287509730273052,0.003287509730273052,0
2024-06-12,23264.849609375,23322.94921875,0.002497312914139264,0.002497312914139264,0.018674495735453846,0.012118658510297335,0.010970425605773926,0,23257.48046875,-0.00031674997899107285,0.00031674997899107285,0
2024-06-13,23322.94921875,23398.900390625,0.0032564994745150257,0.0032564994745150257,0.018665839378876455,0.011202340119488,0.010837876796722412,0,23304.779296875,-0.0007790576442362044,0.0007790576442362044,0
2024-06-14,23398.900390625,23465.599609375,0.002850527915265783,0.002850527915265783,0.01864921887784184,0.010445587742647111,0.010961768031120301,0,23392.44140625,-0.00027603794482529854,0.00027603794482529854,0
2024-06-18,23465.599609375,23557.900390625,0.0039334507869606666,0.0039334507869606666,0.01858928709095361,0.009722249151131984,0.010646423697471619,0,23444.17578125,-0.0009129887359213582,0.0009129887359213582,0
2024-06-19,23557.900390625,23516.0,-0.0017786131162042989,0.0017786131162042989,0.018592041725268967,0.009170933014644897,0.010704168677330017,0,23429.75390625,-0.005439639452164278,0.005439639452164278,0
2024-06-20,23516.0,23567.0,0.0021687361796223848,0.0021687361796223848,0.018616871875016656,0.008466901546592779,0.010652998089790344,0,23381.837890625,-0.005705141579137608,0.005705141579137608,0
2024-06-21,23567.0,23501.099609375,-0.0027962995130903384,0.0027962995130903384,0.01861607577063988,0.007867079933088453,0.01060885488986969,0,23554.4375,-0.0005330546951245386,0.0005330546951245386,0
2024-06-24,23501.099609375,23537.849609375,0.0015637566161091365,0.0015637566161091365,0.01834346037730395,0.007384147778031711,0.009930339455604554,0,23614.96875,0.004845268626476338,0.004845268626476338,0
2024-06-25,23537.849609375,23721.30078125,0.007793879853915473,0.007793879853915473,0.018338761230921943,0.006829827747774133,0.009985560178756714,0,23581.63671875,0.0018602850346006046,0.0018602850346006046,0
2024-06-26,23721.30078125,23868.80078125,0.006218040121838017,0.006218040121838017,0.018382639779197223,0.006921644471874699,0.010321566462516784,0,23862.345703125,0.005945918530171245,0.005945918530171245,0
2024-06-27,23868.80078125,24044.5,0.007361040898544828,0.007361040898544828,0.018384596222433745,0.006854637927149328,0.010535883903503417,0,24023.76953125,0.0064925235004573345,0.0064925235004573345,0
2024-06-28,24044.5,24010.599609375,-0.0014099020825968517,0.0014099020825968517,0.01825319244986515,0.0069028680693704585,0.0105031818151474,0,24144.11328125,0.004142871810601177,0.004142871810601177,0
2024-07-01,24010.599609375,24141.94921875,0.005470484349075323,0.005470484349075323,0.018048774650490117,0.0063797271358606135,0.010097897052764893,0,24127.974609375,0.004888466007078417,0.004888466007078417,0
2024-07-02,24141.94921875,24123.849609375,-0.0007497161563467635,0.0007497161563467635,0.018050275836980777,0.006293135436967731,0.01027793288230896,0,24029.65625,-0.004651362975396657,0.004651362975396657,0
2024-07-03,24123.849609375,24286.5,0.006742306607722794,0.006742306607722794,0.016729149107007714,0.005765189892683649,0.008688300848007202,0,23197.8828125,-0.03838387371288997,0.03838387371288997,1
2024-07-04,24286.5,24302.150390625,0.0006444070008029152,0.0006444070008029152,0.008495288757571483,0.005858253541733076,0.006060737371444702,0,24308.48046875,0.0009050488440079879,0.0009050488440079879,0
2024-07-05,24302.150390625,24323.849609375,0.0008928929498506795,0.0008928929498506795,0.005297694197845169,0.0053617003872167375,0.004411745071411133,0,24369.0390625,0.0027523766744857086,0.0027523766744857086,0
2024-07-08,24323.849609375,24320.55078125,-0.00013562113637343622,0.00013562113637343622,0.005178403951051542,0.004936098214980415,0.004011988639831543,0,24512.240234375,0.007745099070477302,0.007745099070477302,1
2024-07-09,24320.55078125,24433.19921875,0.004631820986013468,0.004631820986013468,0.0032348101471308555,0.004478907962778853,0.0029917746782302857,1,24544.376953125,0.009203170351206004,0.009203170351206004,1
2024-07-10,24433.19921875,24324.44921875,-0.004450911197766742,0.004450911197766742,0.0031692210710075595,0.004493476437323306,0.0031569212675094604,1,24446.005859375,0.0005241491509295354,0.0005241491509295354,0
2024-07-11,24324.44921875,24315.94921875,-0.00034944265021417015,0.00034944265021417015,0.0034994148058952396,0.0044894231808122785,0.003367319703102112,0,24357.72265625,0.0013679009625571237,0.0013679009625571237,0
2024-07-12,24315.94921875,24502.150390625,0.007657573644356047,0.007657573644356047,0.003545782145510391,0.0040951411666699765,0.0032599270343780518,1,24416.0,0.004114615487552135,0.004114615487552135,1
2024-07-15,24502.150390625,24586.69921875,0.0034506697076412537,0.0034506697076412537,0.003752345266202067,0.004434416095899882,0.0034799814224243165,0,24609.94140625,0.0043992471642914635,0.0043992471642914635,1
2024-07-16,24586.69921875,24613.0,0.0010697158254550424,0.0010697158254550424,0.003759263248514654,0.004340722381560551,0.0035099864006042482,0,24633.7734375,0.0019146213296537525,0.0019146213296537525,0
2024-07-18,24613.0,24800.849609375,0.00763212974342827,0.00763212974342827,0.0037500221336729113,0.004029193102853752,0.003366798162460327,1,24687.111328125,0.0030110644019420633,0.0030110644019420633,0
2024-07-19,24800.849609375,24530.900390625,-0.010884676251089243,0.010884676251089243,0.003814419071731746,0.004372330554478125,0.003659474849700928,1,24766.390625,-0.001389427576786487,0.001389427576786487,0
2024-07-22,24530.900390625,24509.25,-0.0008825762723847736,0.0008825762723847736,0.004874275370881479,0.004992556426019062,0.0040952712297439575,0,24548.62890625,0.0007227013824480461,0.0007227013824480461,0
2024-07-23,24509.25,24479.05078125,-0.0012321559717249609,0.0012321559717249609,0.004792905277842897,0.004601128764035266,0.003999584913253784,0,24402.87109375,-0.004340357467078756,0.004340357467078756,0
2024-07-24,24479.05078125,24413.5,-0.0026778318259059845,0.0026778318259059845,0.004850209288487019,0.00428027337858399,0.00398300290107727,0,24280.228515625,-0.008122139514383871,0.008122139514383871,1
2024-07-25,24413.5,24406.099609375,-0.0003031269840457124,0.0003031269840457124,0.0047530671462388445,0.004127662378321131,0.0037272006273269655,0,24266.794921875,-0.006009178451471522,0.006009178451471522,1
2024-07-26,24406.099609375,24834.849609375,0.01756732976027461,0.01756732976027461,0.004630862526735427,0.0037634230302265124,0.003431454300880432,1,24402.7109375,-0.0001388452857784095,0.0001388452857784095,0
2024-07-29,24834.849609375,24836.099609375,5.033249726336707e-05,5.033249726336707e-05,0.00577530129984632,0.005078075784933596,0.003941765427589417,0,24693.943359375,-0.0056737307540130535,0.0056737307540130535,0
2024-07-30,24836.099609375,24857.30078125,0.0008536433743000891,0.0008536433743000891,0.0057439383825309675,0.004599240597815199,0.0038737863302230834,0,24766.50390625,-0.0028021993879719094,0.0028021993879719094,0
2024-07-31,24857.30078125,24951.150390625,0.0037755350108564997,0.0037755350108564997,0.005677118148650311,0.004242518419211194,0.003642943501472473,0,24795.49609375,-0.002486379677499804,0.002486379677499804,0
2024-08-01,24951.150390625,25010.900390625,0.002394679165672863,0.002394679165672863,0.005673904662502388,0.004198038323035156,0.0037942320108413697,0,25017.27734375,0.0026502566851525273,0.0026502566851525273,0
2024-08-02,25010.900390625,24717.69921875,-0.01172293549195464,0.01172293549195464,0.005552644256325601,0.004026289550221912,0.0035768479108810427,1,24967.001953125,-0.001755172217488609,0.001755172217488609,0
2024-08-05,24717.69921875,24055.599609375,-0.02678645789462289,0.02678645789462289,0.0062907849658262,0.004759302195451662,0.0041307717561721805,1,24770.310546875,0.0021284880789022164,0.0021284880789022164,0
2024-08-06,24055.599609375,23992.55078125,-0.0026209626510589443,0.0026209626510589443,0.008820734621176734,0.006857125469346752,0.005425450205802917,0,24038.37890625,-0.0007158708743343363,0.0007158708743343363,0
2024-08-07,23992.55078125,24297.5,0.012710162480444369,0.012710162480444369,0.00883257555975662,0.006453678799891201,0.005549716949462891,1,24364.248046875,0.015492194598811838,0.015492194598811838,1
2024-08-08,24297.5,24117.0,-0.007428747813561066,0.007428747813561066,0.009260750476459271,0.007049539262872406,0.005953633785247802,0,24398.0078125,0.004136549542133964,0.004136549542133964,0
2024-08-09,24117.0,24367.5,0.010386864037815649,0.010386864037815649,0.009355512473303143,0.007085656028021322,0.006102526187896728,1,23994.607421875,-0.0050749503721441306,0.0050749503721441306,0
2024-08-12,24367.5,24347.0,-0.0008412844977941931,0.0008412844977941931,0.009660782385977286,0.007400053035623969,0.006604394316673279,0,24476.056640625,0.004454976531240382,0.004454976531240382,0
2024-08-13,24347.0,24139.0,-0.008543146999630345,0.008543146999630345,0.00949875151509308,0.006775406075694055,0.006263580918312073,0,24284.701171875,-0.0025587886854643283,0.0025587886854643283,0
2024-08-14,24139.0,24143.75,0.00019677699987571978,0.00019677699987571978,0.009628905598060455,0.006943761090928595,0.006518206000328064,0,24200.7578125,0.002558424644765732,0.002558424644765732,0
2024-08-16,24143.75,24541.150390625,0.016459762490292518,0.016459762490292518,0.009621606812683741,0.006301194752463808,0.006474563479423523,1,24053.140625,-0.003752912244369661,0.003752912244369661,0
2024-08-19,24541.150390625,24572.650390625,0.0012835584110202657,0.0012835584110202657,0.010218433797339367,0.007268671770841976,0.006915941834449768,0,24516.84765625,-0.0009902850513594473,0.0009902850513594473,0
2024-08-20,24572.650390625,24698.849609375,0.005135759339910185,0.005135759339910185,0.00992411690522651,0.006698657927961146,0.006435883045196533,0,24397.75,-0.0071176852250227065,0.0071176852250227065,0
2024-08-21,24698.849609375,24770.19921875,0.0028887826964992596,0.0028887826964992596,0.009982805350883757,0.006549811897910251,0.006648543477058411,0,24449.55078125,-0.010093540066350826,0.010093540066350826,1
2024-08-22,24770.19921875,24811.5,0.001667357653657345,0.001667357653657345,0.009989156615811066,0.006201143975602997,0.006731376051902771,0,24813.88671875,0.0017637120967089518,0.0017637120967089518,0
2024-08-23,24811.5,24823.150390625,0.00046955607782681415,0.00046955607782681415,0.009960433118190231,0.00576935696201669,0.0066808521747589115,0,24884.857421875,0.0029565895602845457,0.0029565895602845457,0
2024-08-26,24823.150390625,25010.599609375,0.007551387144670978,0.007551387144670978,0.009957197569900432,0.005264614907685627,0.0066891729831695555,0,24925.794921875,0.0041350324046204034,0.0041350324046204034,0
2024-08-27,25010.599609375,25017.75,0.0002858944102371596,0.0002858944102371596,0.00930504622200082,0.005482406978942595,0.006188380718231201,0,24893.416015625,-0.0046853572317424475,0.0046853572317424475,0
2024-08-28,25017.75,25052.349609375,0.0013830024432652816,0.0013830024432652816,0.009304737322534135,0.004987498112028326,0.006200158596038818,0,24739.357421875,-0.011127802385306432,0.011127802385306432,1
2024-08-29,25052.349609375,25151.94921875,0.0039756594063228385,0.0039756594063228385,0.009306830585809825,0.004644207526890257,0.0062266230583190914,0,25162.857421875,0.004411075776247596,0.004411075776247596,0
2024-08-30,25151.94921875,25235.900390625,0.0033377600735777966,0.0033377600735777966,0.009310721529791992,0.004580533458283429,0.00623663067817688,0,25149.0,-0.00011725607126311501,0.00011725607126311501,0
2024-09-02,25235.900390625,25278.69921875,0.0016959501132323192,0.0016959501132323192,0.009323508879827204,0.004462172262078562,0.006283783912658691,0,25326.697265625,0.003597924924197694,0.003597924924197694,0
2024-09-03,25278.69921875,25279.849609375,4.550829989490596e-05,4.550829989490596e-05,0.008870231745924972,0.00419872638592241,0.005782437324523926,0,25307.88671875,0.0011546282404575122,0.0011546282404575122,0
2024-09-04,25279.849609375,25198.69921875,-0.0032100820170585776,0.0032100820170585776,0.00597872996542334,0.0038031846299877423,0.004445391893386841,0,25432.80078125,0.00605031969091613,0.00605031969091613,1
2024-09-05,25198.69921875,25145.099609375,-0.0021270784221717794,0.0021270784221717794,0.006006684451570768,0.0037466973079911415,0.004474848508834839,0,25043.923828125,-0.006142197630179013,0.006142197630179013,1
2024-09-06,25145.099609375,24852.150390625,-0.011650350298901897,0.011650350298901897,0.005576565348073799,0.003592445312320994,0.003945690393447876,1,25051.42578125,-0.003725331359994892,0.003725331359994892,0
2024-09-09,24852.150390625,24936.400390625,0.003390048695012795,0.003390048695012795,0.0060049459528079795,0.004359862317604504,0.004156768321990967,0,24936.80078125,0.003406159599651093,0.003406159599651093,0
2024-09-10,24936.400390625,25041.099609375,0.0041986500501236075,0.0041986500501236075,0.0056547660433652076,0.004267501504141706,0.0038069307804107664,0,24939.041015625,0.00010589439368292948,0.00010589439368292948,0
2024-09-11,25041.099609375,24918.44921875,-0.004897963449619505,0.004897963449619505,0.0056727018669829946,0.00426094615967755,0.003974801301956177,0,24994.275390625,-0.0018698946723757187,0.0018698946723757187,0
2024-09-12,24918.44921875,25388.900390625,0.018879632827271085,0.018879632827271085,0.00538705460211971,0.004321613390162826,0.0037925422191619875,1,25001.498046875,0.0033328249039875856,0.0033328249039875856,0
2024-09-13,25388.900390625,25356.5,-0.0012761636040355664,0.0012761636040355664,0.006611004574107272,0.0057080932599868845,0.004726684093475342,0,25614.2421875,0.00887560285825568,0.00887560285825568,1
2024-09-16,25356.5,25383.75,0.0010746751326089958,0.0010746751326089958,0.00578297492283586,0.005286002039477764,0.003967505693435669,0,25193.13671875,-0.006442658933606768,0.006442658933606768,1
2024-09-17,25383.75,25418.55078125,0.001370986605603979,0.001370986605603979,0.005783862595365688,0.0048849229638418135,0.0039570629596710205,0,25220.22265625,-0.006442205889594721,0.006442205889594721,1
2024-09-18,25418.55078125,25377.55078125,-0.0016129951842196943,0.0016129951842196943,0.005725098736658739,0.0045502661138686435,0.0037688255310058595,0,25406.04296875,-0.0004920741787225097,0.0004920741787225097,0
2024-09-19,25377.55078125,25415.80078125,0.0015072376499098844,0.0015072376499098844,0.005754088037355075,0.00427052847415845,0.003705036640167236,0,25250.10546875,-0.005021970543909302,0.005021970543909302,0
2024-09-20,25415.80078125,25790.94921875,0.014760441377741608,0.014760441377741608,0.005753555338459956,0.0040073621677700335,0.0036970317363739015,1,25279.921875,-0.0053462374614708956,0.0053462374614708956,0
2024-09-23,25790.94921875,25939.05078125,0.005742385099666293,0.005742385099666293,0.0064951276591057715,0.0050314699834279105,0.004411578178405762,0,25543.650390625,-0.00958858962605432,0.00958858962605432,1
2024-09-24,25939.05078125,25940.400390625,5.203002169900384e-05,5.203002169900384e-05,0.006425002189937235,0.005099180526620555,0.0043211281299591064,0,25970.060546875,0.0011954857518308016,0.0011954857518308016,0
2024-09-25,25940.400390625,26004.150390625,0.002457556515705887,0.002457556515705887,0.0064281989211811795,0.004618494309822801,0.004309433698654175,0,26175.75390625,0.009072855934407938,0.009072855934407938,1
2024-09-26,26004.150390625,26216.05078125,0.008148714241454094,0.008148714241454094,0.006428738928312575,0.00441268528070533,0.004363161325454712,1,26165.2421875,0.006194849454996104,0.006194849454996104,0
2024-09-27,26216.05078125,26178.94921875,-0.0014152231703234049,0.0014152231703234049,0.006566386589890445,0.004768493367927033,0.0045718133449554445,0,26476.68359375,0.00994172671828998,0.00994172671828998,1
2024-09-30,26178.94921875,25810.849609375,-0.01406090085202343,0.01406090085202343,0.006604914616758246,0.004449137112462256,0.004475688934326172,1,26068.3359375,-0.0042252758246987265,0.0042252758246987265,0
2024-10-01,25810.849609375,25796.900390625,-0.0005404401234794447,0.0005404401234794447,0.007503697106277433,0.005364544484270516,0.0050939351320266725,0,25942.564453125,0.005103080516270902,0.005103080516270902,0
2024-10-03,25796.900390625,25250.099609375,-0.021196375260987402,0.021196375260987402,0.007509045121094041,0.00490510551569032,0.005118680000305176,1,25902.671875,0.0041001625301247055,0.0041001625301247055,0
2024-10-04,25250.099609375,25014.599609375,-0.009326695880144656,0.009326695880144656,0.008978135063555848,0.006456654071952702,0.006017994880676269,1,25404.67578125,0.0061218044390449885,0.0061218044390449885,0
2024-10-07,25014.599609375,24795.75,-0.008748875168602711,0.008748875168602711,0.009215039039434532,0.006729991436135685,0.006377977132797241,0,25172.8984375,0.006328257521486476,0.006328257521486476,0
2024-10-08,24795.75,25013.150390625,0.008767647303469345,0.008767647303469345,0.009046921897121838,0.006922267391686704,0.006232905387878418,0,25029.59375,0.009430799633001623,0.009430799633001623,1
2024-10-09,25013.150390625,24981.94921875,-0.0012473907279865989,0.0012473907279865989,0.00923330500201172,0.007098013814181386,0.006501781940460205,0,25148.77734375,0.00542222594942832,0.00542222594942832,0
2024-10-10,24981.94921875,24998.44921875,0.0006604768849508371,0.0006604768849508371,0.009189193118325145,0.006540813070531669,0.006354218721389771,0,25129.3984375,0.005902230344753611,0.005902230344753611,0
2024-10-11,24998.44921875,24964.25,-0.001368053612075624,0.001368053612075624,0.009119538488060935,0.005980775584205922,0.006142342090606689,0,25120.287109375,0.00487381795401996,0.00487381795401996,0
2024-10-14,24964.25,25127.94921875,0.006557345754428834,0.006557345754428834,0.007990710739641227,0.0055414679863658115,0.005266761779785157,0,25038.9296875,0.0029914652953723824,0.0029914652953723824,0
2024-10-15,25127.94921875,25057.349609375,-0.002809604904896891,0.002809604904896891,0.008157044253659538,0.005638218215313812,0.005530822277069092,0,25303.44921875,0.006984254802180403,0.006984254802180403,0
2024-10-16,25057.349609375,24971.30078125,-0.0034340754096676505,0.0034340754096676505,0.008165798075409762,0.00536882449392941,0.005617567896842956,0,25141.12109375,0.0033431901490354587,0.0033431901490354587,0
2024-10-17,24971.30078125,24749.849609375,-0.00886822732283451,0.00886822732283451,0.008174969430929435,0.005184561399658928,0.0057207196950912476,1,25092.5234375,0.00485447904023572,0.00485447904023572,0
2024-10-18,24749.849609375,24854.05078125,0.004210173941240016,0.004210173941240016,0.008369029689145135,0.005535385787144909,0.006083479523658753,0,24943.890625,0.007840088674781247,0.007840088674781247,0
2024-10-21,24854.05078125,24781.099609375,-0.0029351823779983047,0.0029351823779983047,0.00843690227323068,0.005409169472089673,0.006218621134757995,0,24866.3515625,0.0004949205808849381,0.0004949205808849381,0
2024-10-22,24781.099609375,24472.099609375,-0.012469180337869326,0.012469180337869326,0.00757142721709113,0.0051735505821115454,0.005627354979515076,1,24824.609375,0.00175576412309564,0.00175576412309564,0
2024-10-23,24472.099609375,24435.5,-0.0014955647434917714,0.0014955647434917714,0.007689547217342985,0.005868371715026843,0.0059636920690536496,0,24670.994140625,0.008127399545799725,0.008127399545799725,1
2024-10-24,24435.5,24399.400390625,-0.0014773427748562542,0.0014773427748562542,0.007666259889215472,0.005451911565220413,0.0060358703136444095,0,24603.921875,0.006892507826727507,0.006892507826727507,0
2024-10-25,24399.400390625,24180.80078125,-0.008959220549493203,0.008959220549493203,0.007569912174286253,0.0050733829138092145,0.005986863374710083,1,24511.4375,0.004591797649996682,0.004591797649996682,0
2024-10-28,24180.80078125,24339.150390625,0.0065485676346080995,0.0065485676346080995,0.007182351571299259,0.00544346394685917,0.00602739155292511,0,24287.044921875,0.004393739545109797,0.004393739545109797,0
2024-10-29,24339.150390625,24466.849609375,0.005246658848009232,0.005246658848009232,0.007545237538488882,0.005548707752195731,0.006284055113792419,0,24510.1015625,0.007023711556540088,0.007023711556540088,0
2024-10-30,24466.849609375,24340.849609375,-0.005149825253829181,0.005149825253829181,0.0073708086921643575,0.0055199393235779454,0.00584334135055542,0,24510.08203125,0.0017669795075878738,0.0017669795075878738,0
2024-10-31,24340.849609375,24205.349609375,-0.005566773640794013,0.005566773640794013,0.007373626436765652,0.005484691893579451,0.006073811650276184,0,24522.689453125,0.007470562723495218,0.007470562723495218,1
2024-11-01,24205.349609375,24304.349609375,0.004090004961616262,0.004090004961616262,0.006036677735553687,0.005492509408362132,0.005292332172393799,0,24252.724609375,0.001957211970268388,0.001957211970268388,0
2024-11-04,24304.349609375,23995.349609375,-0.012713773664645128,0.012713773664645128,0.005935164892520614,0.005358932466156,0.005030494928359985,1,24088.20703125,-0.008893164458168696,0.008893164458168696,1
2024-11-05,23995.349609375,24213.30078125,0.009083058818607348,0.009083058818607348,0.006250596645184513,0.00605939508270118,0.005228739976882934,1,24021.158203125,0.0010755664814284082,0.0010755664814284082,0
2024-11-06,24213.30078125,24484.05078125,0.011181870759630595,0.011181870759630595,0.006278523281163553,0.0063473605613041375,0.005244511365890503,1,24185.681640625,-0.0011406598742781642,0.0011406598742781642,0
2024-11-07,24484.05078125,24199.349609375,-0.011628025706147672,0.011628025706147672,0.006900136739590676,0.006807786351643104,0.005741232633590698,1,24601.53125,0.0047982447757365,0.0047982447757365,0
2024-11-08,24199.349609375,24148.19921875,-0.0021137093124678017,0.0021137093124678017,0.0072825691063729174,0.007266857340120128,0.0062896132469177244,0,24236.4765625,0.0015342128496964543,0.0015342128496964543,0
2024-11-11,24148.19921875,24141.30078125,-0.00028567088740280355,0.00028567088740280355,0.007283239249090717,0.006776080442301535,0.006326895952224731,0,24139.005859375,-0.0003807057947352764,0.0003807057947352764,0
2024-11-12,24141.30078125,23883.44921875,-0.010680930776533279,0.010680930776533279,0.007034608424659277,0.006157947548978384,0.006013312935829162,1,24181.291015625,0.0016565070265832365,0.0016565070265832365,0
2024-11-13,23883.44921875,23559.05078125,-0.013582562322921387,0.013582562322921387,0.0072988493969304005,0.00658870625147291,0.0064068794250488285,1,24039.98828125,0.006554290423726027,0.006554290423726027,0
2024-11-14,23559.05078125,23532.69921875,-0.0011185324376894032,0.0011185324376894032,0.007717421998022613,0.007254790155344678,0.006914305686950684,0,23715.6640625,0.006647690635084678,0.006647690635084678,0
2024-11-18,23532.69921875,23453.80078125,-0.003352715163126574,0.003352715163126574,0.007594416765923551,0.006670385451393277,0.006526821851730346,0,23654.443359375,0.0051734031652433095,0.0051734031652433095,0
2024-11-19,23453.80078125,23518.5,0.0027585814066316875,0.0027585814066316875,0.007429701328635977,0.0063544155668768644,0.006483951210975647,0,23566.619140625,0.004810237812934438,0.004810237812934438,0
2024-11-21,23518.5,23349.900390625,-0.007168807933116483,0.007168807933116483,0.007535365852601121,0.006011959052840462,0.006475123763084412,0,23678.962890625,0.006822836942194443,0.006822836942194443,0
2024-11-22,23349.900390625,23907.25,0.023869464111237762,0.023869464111237762,0.007257501279461985,0.006122137185052851,0.006210106611251831,1,23217.767578125,-0.005658816966647592,0.005658816966647592,0
2024-11-25,23907.25,24221.900390625,0.013161295867362411,0.013161295867362411,0.009329519032361682,0.007812363592698488,0.007328805327415466,1,23866.955078125,-0.0016854687124198727,0.0016854687124198727,0
2024-11-26,24221.900390625,24194.5,-0.0011312238174179439,0.0011312238174179439,0.009853804001041898,0.008321786261284728,0.007913002371788025,0,24213.001953125,-0.00036737156690827235,0.00036737156690827235,0
2024-11-27,24194.5,24274.900390625,0.003323085437806113,0.003323085437806113,0.009645819313505216,0.007636972003371147,0.007521602511405945,0,24070.345703125,-0.00513150909814214,0.00513150909814214,0
2024-11-28,24274.900390625,23914.150390625,-0.014861029054492934,0.014861029054492934,0.009558410280279666,0.007226124970242236,0.007360330224037171,1,24145.7578125,-0.0053200044509708905,0.0053200044509708905,0
2024-11-29,23914.150390625,24131.099609375,0.009072001940535174,0.009072001940535174,0.010014284550308129,0.00795326042716334,0.007841050624847412,0,24012.84765625,0.0041271491569983615,0.0041271491569983615,0
2024-12-02,24131.099609375,24276.05078125,0.006006820004948554,0.006006820004948554,0.010214089045152948,0.008059801924014832,0.008037155866622925,0,24035.740234375,-0.003951721079587796,0.003951721079587796,0
2024-12-03,24276.05078125,24457.150390625,0.007460011144599978,0.007460011144599978,0.010232793061350045,0.007864281444696688,0.00805915892124176,0,24283.646484375,0.0003128887475744887,0.0003128887475744887,0
2024-12-04,24457.150390625,24467.44921875,0.0004210968146537539,0.0004210968146537539,0.010327606494875487,0.007825778271944464,0.00822766125202179,0,24494.3359375,0.0015204366118325091,0.0015204366118325091,0
2024-12-05,24467.44921875,24708.400390625,0.009847825562885128,0.009847825562885128,0.009859217739836631,0.007120565789920549,0.007613024115562439,0,24437.591796875,-0.0012202915640311019,0.0012202915640311019,0
2024-12-06,24708.400390625,24677.80078125,-0.0012384293961259537,0.0012384293961259537,0.009893559731527227,0.007380309944193834,0.007651266455650329,0,24701.703125,-0.00027105217331434837,0.00027105217331434837,0
2024-12-09,24677.80078125,24619.0,-0.002382739927727935,0.002382739927727935,0.009610464937700819,0.006795366683270449,0.00715409517288208,0,24664.556640625,-0.0005366823706212425,0.0005366823706212425,0
2024-12-10,24619.0,24610.05078125,-0.0003635086213899833,0.0003635086213899833,0.009213704943997397,0.006375117978153359,0.006691831350326538,0,24651.6875,0.0013277346764693936,0.0013277346764693936,0
2024-12-11,24610.05078125,24641.80078125,0.0012901233029632678,0.0012901233029632678,0.009191858843630373,0.0058025856686611445,0.006604322791099548,0,24579.091796875,-0.0012579813284492346,0.0012579813284492346,0
2024-12-12,24641.80078125,24548.69921875,-0.003778196379659119,0.003778196379659119,0.009187121666761312,0.005372823503218993,0.0066545426845550535,0,24700.1015625,0.002365930224318719,0.002365930224318719,0
2024-12-13,24548.69921875,24768.30078125,0.008945547808589019,0.008945547808589019,0.008845897835704532,0.005220956428914561,0.006309407949447632,1,24601.328125,0.002143857227669427,0.002143857227669427,0
2024-12-16,24768.30078125,24668.25,-0.004039468921733219,0.004039468921733219,0.008250379828463997,0.0055756828925589055,0.006077557802200317,0,24677.8515625,-0.0036518136447402766,0.0036518136447402766,0
2024-12-17,24668.25,24336.0,-0.013468730047733423,0.013468730047733423,0.0083438377682653,0.005429376558131676,0.006223604083061218,1,24832.998046875,0.006678546182846371,0.006678546182846371,0
2024-12-18,24336.0,24198.849609375,-0.005635699812006904,0.005635699812006904,0.008991860297037553,0.0061950304450339435,0.006729406118392944,0,24393.771484375,0.002373910436185076,0.002373910436185076,0
2024-12-19,24198.849609375,23951.69921875,-0.010213311567061031,0.010213311567061031,0.009143624528266212,0.00614175885676004,0.0068732589483261105,1,24249.23828125,0.002082275508480315,0.002082275508480315,0
2024-12-20,23951.69921875,23587.5,-0.015205569150805617,0.015205569150805617,0.009318620454322902,0.006529526154869366,0.007025483250617981,1,24071.765625,0.005012855461879254,0.005012855461879254,0
2024-12-23,23587.5,23753.44921875,0.007035472972972973,0.007035472972972973,0.008390839988765504,0.00735581529390234,0.006592285633087158,0,23835.24609375,0.010503279014308427,0.010503279014308427,1
2024-12-24,23753.44921875,23727.650390625,-0.0010861087115144297,0.0010861087115144297,0.007961369637610292,0.007325308489788594,0.006285995244979858,0,23983.212890625,0.009672855077132713,0.009672855077132713,1
2024-12-26,23727.650390625,23750.19921875,0.0009503186263191588,0.0009503186263191588,0.00796132071726701,0.006731099665722743,0.0062837392091751095,0,23927.994140625,0.00844347192839446,0.00844347192839446,1
2024-12-27,23750.19921875,23813.400390625,0.002661079652127918,0.002661079652127918,0.00791192020308818,0.00618055078863475,0.006165102124214172,0,23882.720703125,0.005579805169397428,0.005579805169397428,0
2024-12-30,23813.400390625,23644.900390625,-0.007075847935867911,0.007075847935867911,0.007245594107382404,0.00584536585358783,0.005555105209350586,0,23916.310546875,0.004321522947664134,0.004321522947664134,0
2024-12-31,23644.900390625,23644.80078125,-4.212721278347794e-06,4.212721278347794e-06,0.007056891057513106,0.00596255445755289,0.005455300211906433,0,23851.541015625,0.008739331593121501,0.008739331593121501,1
2025-01-01,23644.80078125,23742.900390625,0.004148887118253567,0.004148887118253567,0.00686854862439106,0.005395095169193476,0.00515516996383667,0,23659.294921875,0.0006129948295649694,0.0006129948295649694,0
2025-01-02,23742.900390625,24188.650390625,0.018774033191665436,0.018774033191665436,0.006683861073415631,0.005276404286816558,0.004989612102508545,1,23823.833984375,0.003408749243708954,0.003408749243708954,0
2025-01-03,24188.650390625,24004.75,-0.007602755327609176,0.007602755327609176,0.008071478374300431,0.00656189269690769,0.0059072613716125485,0,24153.201171875,-0.001465531072528931,0.001465531072528931,0
2025-01-06,24004.75,23616.05078125,-0.016192595996625668,0.016192595996625668,0.00782878457653936,0.0066610220833960435,0.005795004963874817,1,24060.060546875,0.002304150090086337,0.002304150090086337,0
2025-01-07,23616.05078125,23707.900390625,0.0038892874268344705,0.0038892874268344705,0.00849671464061542,0.007568792840424616,0.006542715430259705,0,23625.09765625,0.0003830816203690915,0.0003830816203690915,0
2025-01-08,23707.900390625,23688.94921875,-0.0007993610384196657,0.0007993610384196657,0.008603224471616305,0.0072183670728492985,0.006618043780326844,0,23763.82421875,0.002358868866646428,0.002358868866646428,0
2025-01-09,23688.94921875,23526.5,-0.006857594959147453,0.006857594959147453,0.008599816282034966,0.006607032865062009,0.006639835238456726,0,23653.359375,-0.0015023816979535059,0.0015023816979535059,0
2025-01-10,23526.5,23431.5,-0.00403799970246318,0.00403799970246318,0.008635132434544673,0.006630893924204052,0.006918209791183472,0,23571.6875,0.001920706437421631,0.001920706437421631,0
2025-01-13,23431.5,23085.94921875,-0.014747275302477434,0.014747275302477434,0.008637703009474956,0.006383949385227819,0.006931197643280029,1,23507.181640625,0.003229910190342061,0.003229910190342061,0
2025-01-14,23085.94921875,23176.05078125,0.003902874499386887,0.003902874499386887,0.008640271188237009,0.007180455348638275,0.0072212815284729,0,23093.7890625,0.0003395937362468344,0.0003395937362468344,0
2025-01-15,23176.05078125,23213.19921875,0.00160288039798627,0.00160288039798627,0.008794131357403373,0.00686830837637678,0.007214453816413879,0,23281.564453125,0.0045527028254685725,0.0045527028254685725,0
2025-01-16,23213.19921875,23311.80078125,0.00424765072538371,0.00424765072538371,0.008497650365909663,0.006366839779321829,0.006621161103248596,0,23240.69921875,0.0011846708306275777,0.0011846708306275777,0
2025-01-17,23311.80078125,23203.19921875,-0.004658651792672736,0.004658651792672736,0.008581926891112113,0.006165013648460078,0.00655176043510437,0,23367.75390625,0.0024002060383513514,0.0024002060383513514,0
2025-01-20,23203.19921875,23344.75,0.006100485537167474,0.006100485537167474,0.008383957029633175,0.006021549437273379,0.00627402663230896,0,23279.314453125,0.0032803767125997407,0.0032803767125997407,0
2025-01-21,23344.75,23024.650390625,-0.01371184567729361,0.01371184567729361,0.007897370278022313,0.006029071909224604,0.005818775296211243,1,23387.181640625,0.0018176095535398752,0.0018176095535398752,0
2025-01-22,23024.650390625,23155.349609375,0.0056764909144165375,0.0056764909144165375,0.008213493845508547,0.006760766938502669,0.006152594089508056,0,23052.189453125,0.001196068649590143,0.001196068649590143,0
2025-01-23,23155.349609375,23205.349609375,0.0021593282262409156,0.0021593282262409156,0.008370211228385509,0.0066575041776766155,0.006382113695144654,0,23192.076171875,0.0015860940611810226,0.0015860940611810226,0
2025-01-24,23205.349609375,23092.19921875,-0.004876047658393694,0.004876047658393694,0.008390798116196259,0.006229109215128637,0.006442564725875855,0,23229.408203125,0.001036769286177024,0.001036769286177024,0
2025-01-27,23092.19921875,22829.150390625,-0.011391241935562993,0.011391241935562993,0.008380996863639675,0.006100249020844042,0.006553313136100769,1,23186.78515625,0.004096012536701128,0.004096012536701128,0
2025-01-28,22829.150390625,22957.25,0.0056112298172780566,0.0056112298172780566,0.00858508297014209,0.006604151254759775,0.0067690819501876835,0,22871.9921875,0.0018766268626708674,0.0018766268626708674,0
2025-01-29,22957.25,23163.099609375,0.008966649288351175,0.008966649288351175,0.008734632917062566,0.006509582683749822,0.007049429416656494,1,23006.318359375,0.002137379667643119,0.002137379667643119,0
2025-01-30,23163.099609375,23249.5,0.0037300875997627893,0.0037300875997627893,0.008960344003849294,0.0067435923654337124,0.0072903215885162355,0,23120.8046875,-0.0018259612309348104,0.0018259612309348104,0
2025-01-31,23249.5,23508.400390625,0.011135740150325814,0.011135740150325814,0.007744535692188803,0.0064565891563489715,0.006538122892379761,1,23193.734375,-0.002398573087593282,0.002398573087593282,0
2025-02-01,23508.400390625,23482.150390625,-0.0011166221250199708,0.0011166221250199708,0.00814759307158879,0.006902218509535463,0.006714770197868347,0,23609.55859375,0.004303066199491023,0.004303066199491023,0
2025-02-03,23482.150390625,23361.05078125,-0.0051570919766934014,0.0051570919766934014,0.007325128161204739,0.00635121040531515,0.005960971117019653,0,23621.435546875,0.005931533268163044,0.005931533268163044,0
2025-02-04,23361.05078125,23739.25,0.016189306820631095,0.016189306820631095,0.0073348095441975346,0.006237486850071455,0.006024360656738281,1,23328.22265625,-0.0014052503591297548,0.0014052503591297548,0
2025-02-05,23739.25,23696.30078125,-0.0018092070621439178,0.0018092070621439178,0.008250589715903162,0.007185282081182117,0.006793859601020813,0,23847.015625,0.004539554745832324,0.004539554745832324,0
2025-02-06,23696.30078125,23603.349609375,-0.003922602634608217,0.003922602634608217,0.008101160581765547,0.006673272338485479,0.006541439890861511,0,23794.015625,0.004123632825732787,0.004123632825732787,0
2025-02-07,23603.349609375,23559.94921875,-0.0018387386257991884,0.0018387386257991884,0.008097880747101615,0.006411301798883858,0.006535670161247254,0,23815.421875,0.008984837708829562,0.008984837708829562,1
2025-02-10,23559.94921875,23381.599609375,-0.007570033692307871,0.007570033692307871,0.00730272542824366,0.005975820073911683,0.0058902442455291745,1,23670.52734375,0.004693478919385669,0.004693478919385669,0
2025-02-11,23381.599609375,23071.80078125,-0.013249684936046216,0.013249684936046216,0.007513734255010026,0.0061276494292585425,0.006073600053787232,1,23367.134765625,-0.00061864217981905,0.00061864217981905,0
2025-02-12,23071.80078125,23045.25,-0.0011507892904301298,0.0011507892904301298,0.008106322088907297,0.0068059395122868635,0.006655940413475036,0,23110.150390625,0.001662185355126938,0.001662185355126938,0
2025-02-13,23045.25,23031.400390625,-0.0006009745771905274,0.0006009745771905274,0.008037413375653203,0.006267353546990825,0.006501096487045288,0,23025.875,-0.0008407372452023736,0.0008407372452023736,0
2025-02-14,23031.400390625,22929.25,-0.004435266153706425,0.004435266153706425,0.007979088891265841,0.00572770022187458,0.0062982141971588135,0,23179.60546875,0.006434913883279426,0.006434913883279426,0
2025-02-17,22929.25,22959.5,0.001319275597762683,0.001319275597762683,0.007878567763795561,0.005604608888589533,0.006214949488639832,0,23026.677734375,0.004249058925826183,0.004249058925826183,0
2025-02-18,22959.5,22945.30078125,-0.0006184463402948671,0.0006184463402948671,0.007283323585457993,0.005196483204672291,0.005595320463180542,0,23010.30078125,0.0022126257649339055,0.0022126257649339055,0
2025-02-19,22945.30078125,22932.900390625,-0.0005404326900405295,0.0005404326900405295,0.00715468496337285,0.004760480784626307,0.005342417955398559,0,23023.396484375,0.0034035597907183133,0.0034035597907183133,0
2025-02-20,22932.900390625,22913.150390625,-0.0008612081186239236,0.0008612081186239236,0.007128656083740639,0.004358571692202703,0.005261471867561341,0,22960.775390625,0.0012155025978046517,0.0012155025978046517,0
2025-02-21,22913.150390625,22795.900390625,-0.005117148798882465,0.005117148798882465,0.007057073498741322,0.004025491294122409,0.005060729384422302,0,22915.798828125,0.00011558591703232647,0.00011558591703232647,0
2025-02-24,22795.900390625,22553.349609375,-0.010640105330068515,0.010640105330068515,0.006669992521769333,0.004129461453087593,0.004747027158737182,1,22912.916015625,0.005133187239584694,0.005133187239584694,0
2025-02-25,22553.349609375,22547.55078125,-0.0002571160481895575,0.0002571160481895575,0.00692867558317536,0.004749520814079228,0.0049984723329544066,0,22595.77734375,0.0018812165425469037,0.0018812165425469037,0
2025-02-27,22547.55078125,22545.05078125,-0.00011087678764998901,0.00011087678764998901,0.006535689891114709,0.0043216744925060665,0.004562994837760926,0,22543.7734375,-0.00016752789633990526,0.00016752789633990526,0
2025-02-28,22545.05078125,22124.69921875,-0.01864495966669514,0.01864495966669514,0.006434971069478337,0.003920644982675224,0.00438203513622284,1,22512.076171875,-0.001462609674067531,0.001462609674067531,0
2025-03-03,22124.69921875,22119.30078125,-0.00024400049223833022,0.00024400049223833022,0.006788787485861689,0.005322963416404701,0.004757499694824219,0,22237.443359375,0.005095849643436184,0.005095849643436184,0
2025-03-04,22119.30078125,22082.650390625,-0.0016569416451024373,0.0016569416451024373,0.0068043598018008526,0.004839254654433819,0.004713869094848633,0,22197.443359375,0.003532777952512838,0.003532777952512838,0
2025-03-05,22082.650390625,22337.30078125,0.01153169506922546,0.01153169506922546,0.006789954103539959,0.004536177974974511,0.0045388609170913695,1,21973.86328125,-0.004926361077617052,0.004926361077617052,0
2025-03-06,22337.30078125,22544.69921875,0.009284847776867064,0.009284847776867064,0.0061549988270819716,0.005202419179709779,0.004305979609489441,1,22240.0078125,-0.004355627821946509,0.004355627821946509,0
2025-03-07,22544.69921875,22552.5,0.0003460139864501824,0.0003460139864501824,0.00674187691903065,0.005591222489760439,0.004679763317108154,0,22322.08984375,-0.009874133730507257,0.009874133730507257,1
2025-03-10,22552.5,22460.30078125,-0.004088203913091675,0.004088203913091675,0.006760884839674892,0.005091683640027627,0.004500937461853027,0,22489.591796875,-0.0027894115120274915,0.0027894115120274915,0
2025-03-11,22460.30078125,22497.900390625,0.0016740474556061328,0.0016740474556061328,0.006772336470561362,0.004996115958167784,0.004613411426544189,0,22353.95703125,-0.004734742915320904,0.004734742915320904,0
2025-03-12,22497.900390625,22470.5,-0.001217908789231634,0.001217908789231634,0.006713612814258796,0.0046797293005481485,0.004318612813949585,0,22356.291015625,-0.00629433736221045,0.00629433736221045,0
2025-03-13,22470.5,22397.19921875,-0.003262089461738724,0.003262089461738724,0.0061595598608922995,0.004350031434466949,0.0037170231342315676,0,22341.28125,-0.0057505952248503595,0.0057505952248503595,0
2025-03-17,22397.19921875,22508.75,0.004980568336268329,0.004980568336268329,0.006174915533618674,0.004246419164890321,0.003822588920593262,0,22326.369140625,-0.003162452476008876,0.003162452476008876,0
2025-03-18,22508.75,22834.30078125,0.014463298994835342,0.014463298994835342,0.006337256586228305,0.004316337731799019,0.004041567444801331,1,22399.890625,-0.004836313655800522,0.004836313655800522,0
2025-03-19,22834.30078125,22907.599609375,0.0032100316461272198,0.0032100316461272198,0.007172115383340102,0.005282715611944602,0.0045429706573486325,0,22859.650390625,0.001110154833197932,0.001110154833197932,0
2025-03-20,22907.599609375,23190.650390625,0.012356195589090036,0.012356195589090036,0.007205344413106627,0.005085320577380681,0.00463750958442688,1,22921.61328125,0.0006117477218898511,0.0006117477218898511,0
2025-03-21,23190.650390625,23350.400390625,0.006888551951288963,0.006888551951288963,0.007720761921102038,0.00577778167203281,0.005224394798278809,0,23126.39453125,-0.0027707657307005037,0.0027707657307005037,0
2025-03-24,23350.400390625,23658.349609375,0.013188177230298765,0.013188177230298765,0.007842759043191445,0.005883565207714627,0.00554179847240448,1,23318.18359375,-0.0013797106831596254,0.0013797106831596254,0
2025-03-25,23658.349609375,23668.650390625,0.00043539728764165997,0.00043539728764165997,0.008290145611441951,0.006579237445361133,0.0061581432819366455,0,23656.091796875,-9.543406608148633e-05,9.543406608148633e-05,0
2025-03-26,23668.650390625,23486.849609375,-0.007681079328545498,0.007681079328545498,0.008143833282400136,0.005994105529178117,0.005924052000045777,0,23752.275390625,0.0035331545576051653,0.0035331545576051653,0
2025-03-27,23486.849609375,23591.94921875,0.004474827877002648,0.004474827877002648,0.007927811912096386,0.006154768979567845,0.005776101350784301,0,23634.111328125,0.006269964733423382,0.006269964733423382,0
2025-03-28,23591.94921875,23519.349609375,-0.0030773044101544836,0.0030773044101544836,0.00792563756158559,0.005994779392100166,0.005986988544464111,0,23612.64453125,0.0008772192712059645,0.0008772192712059645,0
2025-04-01,23519.349609375,23165.69921875,-0.015036571865236959,0.015036571865236959,0.008000463078155351,0.005716926898100973,0.006135311722755432,1,23481.216796875,-0.0016213378827788655,0.0016213378827788655,0
2025-04-02,23165.69921875,23332.349609375,0.007193842458686308,0.007193842458686308,0.007533961305833373,0.006604513188451104,0.0059548914432525635,0,23194.28125,0.0012338082688592492,0.0012338082688592492,0
2025-04-03,23332.349609375,23250.099609375,-0.0035251486188494162,0.0035251486188494162,0.0075837032172483545,0.00666063610262066,0.006302380561828613,0,23240.421875,-0.00393992615034635,0.00393992615034635,0
2025-04-04,23250.099609375,22904.44921875,-0.014866619775066488,0.014866619775066488,0.007651400710710316,0.006362017226304992,0.006395789980888367,1,23208.955078125,-0.001769649676400076,0.001769649676400076,0
2025-04-07,22904.44921875,22161.599609375,-0.032432546283055336,0.032432546283055336,0.008281764200410022,0.007171976585692891,0.006562533974647522,1,22949.72265625,0.001976621968405088,0.001976621968405088,0
2025-04-08,22161.599609375,22535.849609375,0.01688731890281428,0.01688731890281428,0.01097651506965155,0.00957774606823107,0.0077199190855026245,1,22236.455078125,0.003377710547497391,0.003377710547497391,0
2025-04-09,22535.849609375,22399.150390625,-0.0060658560080704745,0.0060658560080704745,0.011668675612165743,0.01027389474430937,0.008546981215476989,0,22480.53515625,-0.0024545093299694802,0.0024545093299694802,0
2025-04-11,22399.150390625,22828.55078125,0.01917038740919041,0.01917038740919041,0.011713687110139865,0.009873128148613425,0.008645862340927124,1,22427.86328125,0.0012818740945200122,0.0012818740945200122,0
2025-04-15,22828.55078125,23328.55078125,0.021902397782108445,0.021902397782108445,0.012479176040255197,0.01075858294212927,0.009520679712295532,1,22646.615234375,-0.007969649436723373,0.007969649436723373,0
2025-04-16,23328.55078125,23437.19921875,0.004657316201027141,0.004657316201027141,0.013324270974915191,0.01181990285035073,0.010554906725883485,0,23342.37109375,0.0005924205335167192,0.0005924205335167192,0
2025-04-17,23437.19921875,23851.650390625,0.017683476937954037,0.017683476937954037,0.01327850239319615,0.01113774720023827,0.010624665021896362,1,23453.828125,0.0007095091053668522,0.0007095091053668522,0
2025-04-21,23851.650390625,24125.55078125,0.01148349846401647,0.01148349846401647,0.013707519741594947,0.011761152801354901,0.011259812116622924,0,23720.025390625,-0.005518486052090375,0.005518486052090375,0
2025-04-22,24125.55078125,24167.25,0.001728425565413743,0.001728425565413743,0.013591973853287356,0.011734714446151226,0.011110824346542359,0,24095.0390625,-0.0012647055823369318,0.0012647055823369318,0
2025-04-23,24167.25,24328.94921875,0.00669084065212219,0.00669084065212219,0.013593901633744446,0.010781733593107945,0.011036741733551025,0,24184.1015625,0.0006972892033640567,0.0006972892033640567,0
2025-04-24,24328.94921875,24246.69921875,-0.003380746092256669,0.003380746092256669,0.013441770866465749,0.010392126564680207,0.010753476619720459,0,24257.859375,-0.002922026887014586,0.002922026887014586,0
2025-04-25,24246.69921875,24039.349609375,-0.00855166336268387,0.00855166336268387,0.013460831456089487,0.009724378839630678,0.010578089952468872,0,24289.638671875,0.0017709401489087995,0.0017709401489087995,0
2025-04-28,24039.349609375,24328.5,0.012028211882747256,0.012028211882747256,0.01338494641696856,0.009612691064414387,0.010346266627311706,0,24003.025390625,-0.0015110316768234893,0.0015110316768234893,0
2025-04-29,24328.5,24335.94921875,0.000306193096573977,0.000306193096573977,0.013613537607030704,0.009842741183581952,0.010925909876823426,0,24313.17578125,-0.0006298875290297388,0.0006298875290297388,0
2025-04-30,24335.94921875,24334.19921875,-7.191007773190478e-05,7.191007773190478e-05,0.013447276035204701,0.008934503800846143,0.01055716872215271,0,24367.263671875,0.0012867570047719078,0.0012867570047719078,0
2025-05-02,24334.19921875,24346.69921875,0.0005136803511647301,0.0005136803511647301,0.013439236303581016,0.00809044469615595,0.010337018966674804,0,24230.384765625,-0.004266195578977953,0.004266195578977953,0
2025-05-05,24346.69921875,24461.150390625,0.004700890697612853,0.004700890697612853,0.013396870119445146,0.007368847375443413,0.010208836197853089,0,24360.34375,0.0005604263283251146,0.0005604263283251146,0
2025-05-06,24461.150390625,24379.599609375,-0.0033338898599493184,0.0033338898599493184,0.012803970723423598,0.007114757065795993,0.009692052006721496,0,24447.130859375,-0.0005731345838654071,0.0005731345838654071,0
2025-05-07,24379.599609375,24414.400390625,0.0014274549954716078,0.0014274549954716078,0.012830317252117328,0.006754672259169891,0.009499055147171021,0,24330.42578125,-0.002017007207373929,0.002017007207373929,0
2025-05-08,24414.400390625,24273.80078125,-0.0057588802970966885,0.0057588802970966885,0.012760057066204708,0.006247314142399525,0.009394168853759766,0,24464.80859375,0.0020646914246706827,0.0020646914246706827,0
2025-05-09,24273.80078125,24008.0,-0.01095010969420638,0.01095010969420638,0.012259455530717719,0.006200796754448017,0.008938783407211303,0,24395.78515625,0.005025351245950133,0.005025351245950133,0
2025-05-12,24008.0,24924.69921875,0.03818307309021993,0.03818307309021993,0.009658775526988232,0.006653110254117403,0.007864660024642945,1,24108.015625,0.004165929065311563,0.004165929065311563,0
2025-05-13,24924.69921875,24578.349609375,-0.01389583907654352,0.01389583907654352,0.012030662348109261,0.009655965760485642,0.008929449319839477,1,24970.642578125,0.001843286411273456,0.001843286411273456,0
2025-05-14,24578.349609375,24666.900390625,0.0036027960647212775,0.0036027960647212775,0.01253076923786047,0.010059760416669975,0.009320947527885436,0,24563.01953125,-0.0006237228442365633,0.0006237228442365633,0
2025-05-15,24666.900390625,25062.099609375,0.016021438141461865,0.016021438141461865,0.01206104422154514,0.009444806391158902,0.008542564511299134,1,24645.44140625,-0.0008699505829745754,0.0008699505829745754,0
2025-05-16,25062.099609375,25019.80078125,-0.0016877607536591724,0.0016877607536591724,0.011665486699602884,0.010071157220290998,0.008248516917228698,0,25207.01171875,0.005782121675104691,0.005782121675104691,0
2025-05-19,25019.80078125,24945.44921875,-0.0029717088137536066,0.0029717088137536066,0.01172290998950317,0.009272738925164233,0.0081000417470932,0,24997.7109375,-0.0008828944699893163,0.0008828944699893163,0
2025-05-20,24945.44921875,24683.900390625,-0.010484831354666864,0.010484831354666864,0.01129450297290571,0.00867264081558351,0.007364451885223389,0,24832.197265625,-0.004539984513082061,0.004539984513082061,0
2025-05-21,24683.900390625,24813.44921875,0.005248312708886272,0.005248312708886272,0.011422320000861486,0.008845228799228878,0.007314515113830566,0,24734.083984375,0.002033049597342397,0.002033049597342397,0
2025-05-22,24813.44921875,24609.69921875,-0.008211272774042176,0.008211272774042176,0.011457858308090395,0.008502664930898764,0.007490509748458862,0,24785.900390625,-0.001110237753813889,0.001110237753813889,0
2025-05-23,24609.69921875,24853.150390625,0.00989248871800578,0.00989248871800578,0.011578347088755573,0.008474911611151012,0.007566529512405396,0,24567.150390625,-0.0017289454757976998,0.0017289454757976998,0
2025-05-26,24853.150390625,25001.150390625,0.005954979456279632,0.005954979456279632,0.011715542920646905,0.008609916570477777,0.00789211392402649,0,24826.9921875,-0.0010525105555578694,0.0010525105555578694,0
2025-05-27,25001.150390625,24826.19921875,-0.0069977248703165145,0.0069977248703165145,0.01152093438274795,0.008357065549500818,0.0077622801065444945,0,24936.609375,-0.002581521834659327,0.002581521834659327,0
2025-05-28,24826.19921875,24752.44921875,-0.002970652065995679,0.002970652065995679,0.01143673170071213,0.00822760259296935,0.007510754466056824,0,24722.107421875,-0.004192820494100628,0.004192820494100628,0
2025-05-29,24752.44921875,24833.599609375,0.003278479228775814,0.003278479228775814,0.011471734176858537,0.007726939097539954,0.007643973827362061,0,24610.697265625,-0.005726784928322276,0.005726784928322276,0
2025-05-30,24833.599609375,24750.69921875,-0.0033382349691143463,0.0033382349691143463,0.011481091697584891,0.007303277648367157,0.007804304361343384,0,24746.9375,-0.0034897119522811324,0.0034897119522811324,0
2025-06-02,24750.69921875,24716.599609375,-0.0013777230725331466,0.0013777230725331466,0.011523287453780888,0.006925652894740812,0.007945531606674194,0,24750.048828125,-2.6277666713645558e-05,2.6277666713645558e-05,0
2025-06-03,24716.599609375,24542.5,-0.007043833380258507,0.007043833380258507,0.011497491118118838,0.0063972765961310555,0.007779371738433838,0,24563.01171875,-0.006213957140234782,0.006213957140234782,0
2025-06-04,24542.5,24620.19921875,0.0031659048079861465,0.0031659048079861465,0.011593513235830844,0.006458853920402056,0.00796487033367157,0,24579.83984375,0.0015214360293368647,0.0015214360293368647,0
2025-06-05,24620.19921875,24750.900390625,0.005308696762106699,0.005308696762106699,0.011608162005473835,0.006145245005305636,0.008051797747612,0,24610.77734375,-0.0003826888205203711,0.0003826888205203711,0
2025-06-06,24750.900390625,25003.05078125,0.010187523954502602,0.010187523954502602,0.011558642681406857,0.00606557855637795,0.008029291033744812,0,24837.5234375,0.0034997937653941094,0.0034997937653941094,0
2025-06-09,25003.05078125,25103.19921875,0.004005448710087097,0.004005448710087097,0.011369793325394513,0.006458143139172451,0.007991161942481995,0,24929.822265625,-0.00292878322192245,0.00292878322192245,0
2025-06-10,25103.19921875,25104.25,4.185845958690213e-05,4.185845958690213e-05,0.0076052045068684465,0.006224551614385194,0.0062822788953781124,0,25172.96875,0.0027793083519764275,0.0027793083519764275,0
2025-06-11,25104.25,25141.400390625,0.0014798446727147794,0.0014798446727147794,0.00682651746857895,0.005635722171170634,0.005589580535888672,0,25089.884765625,-0.0005722232042383262,0.0005722232042383262,0
2025-06-12,25141.400390625,24888.19921875,-0.010071084662786582,0.010071084662786582,0.006801706310859034,0.005239926166343278,0.005483436584472656,1,25108.505859375,-0.0013083810264708274,0.0013083810264708274,0
2025-06-13,24888.19921875,24718.599609375,-0.006814458847919736,0.006814458847919736,0.006243240631985442,0.005700037846165241,0.005185917019844055,1,24919.048828125,0.001239527581077817,0.001239527581077817,0
2025-06-16,24718.599609375,24946.5,0.009219793767708605,0.009219793767708605,0.006405089884571908,0.005806175177757204,0.0054422527551651004,1,24658.68359375,-0.002423924355418408,0.002423924355418408,0
2025-06-17,24946.5,24853.400390625,-0.0037319707924959415,0.0037319707924959415,0.006737583393322937,0.00613127903350861,0.0057546555995941166,0,24855.60546875,-0.0036435785080071352,0.0036435785080071352,0
2025-06-18,24853.400390625,24812.05078125,-0.0016637405234334682,0.0016637405234334682,0.00634077002741084,0.005902773032096052,0.005417013168334961,0,24917.302734375,0.002571171056903132,0.002571171056903132,0
2025-06-19,24812.05078125,24793.25,-0.0007577278241026089,0.0007577278241026089,0.006248079206442346,0.005499056024240759,0.0052377849817276,0,24857.314453125,0.0018242616168271308,0.0018242616168271308,0
2025-06-20,24793.25,25112.400390625,0.012872470959837859,0.012872470959837859,0.005946554861652744,0.005047503436125405,0.004865109920501709,1,24791.873046875,-5.553741945892531e-05,5.553741945892531e-05,0
2025-06-23,25112.400390625,24971.900390625,-0.005594845487269774,0.005594845487269774,0.006227905164171787,0.005792737156901316,0.005014109611511231,0,25035.373046875,-0.0030673031073029547,0.0030673031073029547,0
2025-06-24,24971.900390625,25044.349609375,0.00290122968683629,0.00290122968683629,0.006234595842377173,0.0057738907216237445,0.004996103048324585,0,24936.30078125,-0.0014255867121897089,0.0014255867121897089,0
2025-06-25,25044.349609375,25244.75,0.008001820520425211,0.008001820520425211,0.006043164887155153,0.005500300793830756,0.004791277647018433,1,25078.00390625,0.001343788016056204,0.001343788016056204,0
2025-06-26,25244.75,25549.0,0.01205201081412967,0.01205201081412967,0.0062115336745416075,0.005738539227923697,0.00504283607006073,1,25163.490234375,-0.003218877811228077,0.003218877811228077,0
2025-06-27,25549.0,25637.80078125,0.0034757047731809464,0.0034757047731809464,0.0066733036876144985,0.006339826841796107,0.00548151433467865,0,25522.26953125,-0.001046243248268034,0.001046243248268034,0
2025-06-30,25637.80078125,25517.05078125,-0.0047098423546652075,0.0047098423546652075,0.006589818666313375,0.006067049623162437,0.005488386750221253,0,25609.119140625,-0.0011187246858543377,0.0011187246858543377,0
2025-07-01,25517.05078125,25541.80078125,0.0009699396772838015,0.0009699396772838015,0.006714866554352455,0.0059377915467528535,0.0056549936532974245,0,25672.623046875,0.006096796489479691,0.006096796489479691,0
2025-07-02,25541.80078125,25453.400390625,-0.0034610085397695964,0.0034610085397695964,0.00640275065160181,0.005464657759422596,0.005351296067237854,0,25638.052734375,0.003768409046383984,0.003768409046383984,0
2025-07-03,25453.400390625,25405.30078125,-0.0018897125192245848,0.0018897125192245848,0.006510722562766855,0.005273833525527857,0.0053660482168197635,0,25395.4453125,-0.002276909066591591,0.002276909066591591,0
2025-07-04,25405.30078125,25461.0,0.002192425085992604,0.002192425085992604,0.0064988461346477,0.00495153563337844,0.005195096135139465,0,25433.2265625,0.001099210809997975,0.001099210809997975,0
2025-07-07,25461.0,25461.30078125,1.1813410706570834e-05,1.1813410706570834e-05,0.006162226452805509,0.004688758720116533,0.004795339703559875,0,25467.140625,0.0002411776835159656,0.0002411776835159656,0
2025-07-08,25461.30078125,25522.5,0.0024036171315751404,0.0024036171315751404,0.006121756843760361,0.0042433342438831035,0.00459565818309784,0,25487.42578125,0.0010260669800200763,0.0010260669800200763,0
2025-07-09,25522.5,25476.099609375,-0.0018180190273288275,0.0018180190273288275,0.006130633380013196,0.004068123068771608,0.0047137469053268434,0,25549.65625,0.001064012146145558,0.001064012146145558,0
2025-07-10,25476.099609375,25355.25,-0.004743646446198079,0.004743646446198079,0.006156933515414219,0.003853825754630901,0.004730653762817383,0,25584.525390625,0.00425598042528065,0.00425598042528065,0
2025-07-11,25355.25,25149.849609375,-0.008100901810275979,0.008100901810275979,0.005770458673146463,0.003938569554613621,0.004464280605316162,1,25516.40625,0.006355932203389831,0.006355932203389831,1
2025-07-14,25149.849609375,25082.30078125,-0.002685854157148523,0.002685854157148523,0.005867861642808934,0.004334984537609288,0.004528602957725525,0,25193.74609375,0.0017453974897184634,0.0017453974897184634,0
2025-07-15,25082.30078125,25195.80078125,0.0045251032187942535,0.0045251032187942535,0.005573977872055108,0.004177923619572582,0.00420190691947937,0,25027.08984375,-0.0022011911100784,0.0022011911100784,0
2025-07-16,25195.80078125,25212.05078125,0.0006449487413034631,0.0006449487413034631,0.005566483745292674,0.004210984743618822,0.004241561889648438,0,25192.630859375,-0.0001258115152807116,0.0001258115152807116,0
2025-07-17,25212.05078125,25111.44921875,-0.003990217351728348,0.003990217351728348,0.005538776254963825,0.0038713597448427174,0.00419062077999115,0,25202.529296875,-0.00037765608429128866,0.00037765608429128866,0
2025-07-18,25111.44921875,24968.400390625,-0.00569655804724283,0.00569655804724283,0.0056334228531560206,0.0038826810019518417,0.004352244734764099,1,25190.015625,0.00312870856498942,0.00312870856498942,0
2025-07-21,24968.400390625,25090.69921875,0.004898144302865317,0.004898144302865317,0.0050090905417574895,0.00405542901228725,0.0039934486150741575,0,24913.25,-0.002208807523196703,0.002208807523196703,0
2025-07-22,25090.69921875,25060.900390625,-0.0011876443882732318,0.0011876443882732318,0.004972013555994685,0.004135692010960089,0.00395861566066742,0,25079.267578125,-0.0004556126764477437,0.0004556126764477437,0
2025-07-23,25060.900390625,25219.900390625,0.006344544590244655,0.006344544590244655,0.004941188999550977,0.00385492349059719,0.003872936964035034,1,25137.927734375,0.003073606396792314,0.003073606396792314,0
2025-07-24,25219.900390625,25062.099609375,-0.006256994627491048,0.006256994627491048,0.004812957643162228,0.004092031425632856,0.0037900745868682862,1,25226.099609375,0.0002458066310327077,0.0002458066310327077,0
2025-07-25,25062.099609375,24837.0,-0.008981674037030672,0.008981674037030672,0.004077295656746961,0.004298218678934168,0.0035003215074539185,1,25091.0,0.0011531512153989368,0.0011531512153989368,0
2025-07-28,24837.0,24680.900390625,-0.006284962329387607,0.006284962329387607,0.004309912205866947,0.0047442592911565605,0.003775620460510254,1,24852.337890625,0.0006175419988323871,0.0006175419988323871,0
2025-07-29,24680.900390625,24821.099609375,0.00568047423437009,0.00568047423437009,0.004383935554426981,0.004890991945684154,0.0038543760776519774,1,24745.595703125,0.0026212703538390524,0.0026212703538390524,0
2025-07-30,24821.099609375,24855.05078125,0.001367835124523514,0.001367835124523514,0.004650813663870243,0.004966177651465118,0.004089903831481933,0,24747.783203125,-0.002953793643465666,0.002953793643465666,0
2025-07-31,24855.05078125,24768.349609375,-0.003488271765688972,0.003488271765688972,0.004664590707831944,0.004623475721640408,0.003985244035720825,0,24792.40625,-0.0025203944180736656,0.0025203944180736656,0
2025-08-01,24768.349609375,24565.349609375,-0.008195943742782241,0.008195943742782241,0.004691041198703707,0.004515358283978483,0.004065170884132385,1,24765.552734375,-0.00011292133081573438,0.00011292133081573438,0
2025-08-04,24565.349609375,24722.75,0.006407415043054404,0.006407415043054404,0.004860904195395508,0.004865889559774826,0.004365348815917968,1,24674.04296875,0.004424661610902488,0.004424661610902488,0
2025-08-05,24722.75,24649.55078125,-0.0029608040671041855,0.0029608040671041855,0.005184427899286986,0.005012698183040552,0.004685127735137939,0,24682.328125,-0.0016350072301827263,0.0016350072301827263,0
2025-08-06,24649.55078125,24574.19921875,-0.0030569142281212337,0.0030569142281212337,0.0051123987184023174,0.004817279415567428,0.004712986946105957,0,24654.40625,0.00019698000961921688,0.00019698000961921688,0
2025-08-07,24574.19921875,24596.150390625,0.0008932609229541591,0.0008932609229541591,0.005121069053542263,0.004649628368046289,0.004774934053421021,0,24628.06640625,0.002192022088715696,0.002192022088715696,0
2025-08-08,24596.150390625,24363.30078125,-0.009466912735407257,0.009466912735407257,0.00510493693847679,0.004291876638385119,0.004582414031028747,1,24489.947265625,-0.004317875899818863,0.004317875899818863,0
2025-08-11,24363.30078125,24585.05078125,0.009101804471857888,0.009101804471857888,0.005205947555467122,0.004784734722385179,0.004650712013244629,1,24541.93359375,0.007332044787522216,0.007332044787522216,1
2025-08-12,24585.05078125,24487.400390625,-0.0039719417907191756,0.0039719417907191756,0.005715799719930573,0.0051958788884905625,0.00497150719165802,0,24592.716796875,0.0003118161395398277,0.0003118161395398277,0
2025-08-13,24487.400390625,24619.349609375,0.005388453516712078,0.005388453516712078,0.005599271748491474,0.005079312738971697,0.004943850636482239,0,24575.783203125,0.003609317897780499,0.003609317897780499,0
2025-08-14,24619.349609375,24631.30078125,0.00048543816407111817,0.00048543816407111817,0.005788177826679829,0.005108758983476718,0.005181029438972473,0,24606.12109375,-0.0005373218965931824,0.0005373218965931824,0
2025-08-18,24631.30078125,24876.94921875,0.00997301927663496,0.00997301927663496,0.005759969073969687,0.004668441006674248,0.005005788803100586,1,24641.462890625,0.0004125689286672049,0.0004125689286672049,0
2025-08-19,24876.94921875,24980.650390625,0.004168564680625686,0.004168564680625686,0.006133792570922178,0.005173641783545116,0.005219614505767823,0,24926.6328125,0.001997173902359096,0.001997173902359096,0
2025-08-20,24980.650390625,25050.55078125,0.00279818137366163,0.00279818137366163,0.0061041864791820935,0.005077914988637173,0.005183130502700806,0,24982.7578125,8.436217000142219e-05,8.436217000142219e-05,0
2025-08-21,25050.55078125,25083.75,0.001325288974278728,0.001325288974278728,0.0061353020338821024,0.004860799242445583,0.005263659358024597,0,25037.232421875,-0.0005316593431937078,0.0005316593431937078,0
2025-08-22,25083.75,24870.099609375,-0.008517482060098669,0.008517482060098669,0.005962214575234074,0.004524080235730388,0.005012694001197815,1,25079.642578125,-0.00016374831813425027,0.00016374831813425027,0
2025-08-25,24870.099609375,24967.75,0.003926417350905576,0.003926417350905576,0.006101799758135029,0.004904406283604001,0.00512571930885315,0,24946.806640625,0.003084307359230866,0.003084307359230866,0
2025-08-26,24967.75,24712.05078125,-0.010241179872034925,0.010241179872034925,0.005818715045148568,0.004811262482302104,0.004872956871986389,1,24951.630859375,-0.0006455984469966256,0.0006455984469966256,0
2025-08-28,24712.05078125,24500.900390625,-0.00854443010392355,0.00854443010392355,0.006113376652016472,0.0053283947083702906,0.005070766806602478,1,24768.197265625,0.0022720285285914247,0.0022720285285914247,0
2025-08-29,24500.900390625,24426.849609375,-0.0030223697933295024,0.0030223697933295024,0.006253488984360949,0.005634685215939006,0.005213966965675354,0,24592.01171875,0.0037186930550463667,0.0037186930550463667,0
2025-09-01,24426.849609375,24625.05078125,0.008114070174605349,0.008114070174605349,0.006256706836762106,0.00538589354990917,0.005296695232391358,1,24361.40625,-0.0026791567648528406,0.0026791567648528406,0
2025-09-02,24625.05078125,24579.599609375,-0.0018457290617896885,0.0018457290617896885,0.00653107374413539,0.005645722688257199,0.005527988076210022,0,24592.466796875,-0.0013232047586196284,0.0013232047586196284,0
2025-09-03,24579.599609375,24715.05078125,0.005510715147017165,0.005510715147017165,0.006274792043404517,0.005283817425576966,0.005210477113723755,0,24617.474609375,0.0015409120002733466,0.0015409120002733466,0
2025-09-04,24715.05078125,24734.30078125,0.0007788776228048035,0.0007788776228048035,0.006230002929658609,0.005305424130575728,0.005165642499923706,0,24687.927734375,-0.0010974303518557535,0.0010974303518557535,0
2025-09-05,24734.30078125,24741.0,0.0002708473067117542,0.0002708473067117542,0.0061923783367053,0.004874327879847068,0.005056548118591309,0,24727.419921875,-0.00027819098004242275,0.00027819098004242275,0
2025-09-08,24741.0,24773.150390625,0.0012994782193524919,0.0012994782193524919,0.006145073362305063,0.004435900796610145,0.004917243123054504,0,24692.677734375,-0.001953125,0.001953125,0
2025-09-09,24773.150390625,24868.599609375,0.003852930178235273,0.003852930178235273,0.0061476128364054165,0.004137196003160899,0.004937556385993957,0,24732.00390625,-0.0016609306336174033,0.0016609306336174033,0
2025-09-10,24868.599609375,24973.099609375,0.00420208623088714,0.00420208623088714,0.005732597804111671,0.004110126235961842,0.00465686023235321,0,24963.765625,0.003826754104365578,0.003826754104365578,0
2025-09-11,24973.099609375,25005.5,0.0012974116602184522,0.0012974116602184522,0.005468680145914249,0.0041188882569811935,0.004411879181861878,0,25003.435546875,0.0012147445841529326,0.0012147445841529326,0
2025-09-12,25005.5,25114.0,0.0043390454100097975,0.0043390454100097975,0.005352501457580333,0.0038501707751907133,0.004278150200843811,0,25041.810546875,0.0014521024124692567,0.0014521024124692567,0
2025-09-15,25114.0,25069.19921875,-0.0017838966811340288,0.0017838966811340288,0.005312843721625583,0.003896735361397206,0.004225680232048034,0,25059.087890625,-0.0021865138717448436,0.0021865138717448436,0
2025-09-16,25069.19921875,25239.099609375,0.006777256391098701,0.006777256391098701,0.005348716383757533,0.0036955136520720115,0.0042906045913696286,1,25082.21484375,0.0005191879041060565,0.0005191879041060565,0
2025-09-17,25239.099609375,25330.25,0.0036114755294654973,0.0036114755294654973,0.005105450398975367,0.003989015830878583,0.004130816459655762,0,25130.31640625,-0.004310106335354085,0.004310106335354085,0
2025-09-18,25330.25,25423.599609375,0.003685301541635002,0.003685301541635002,0.0050872214616698545,0.003953056744789281,0.004102963209152222,0,25243.044921875,-0.003442724731299533,0.003442724731299533,0
2025-09-19,25423.599609375,25327.05078125,-0.0037976065391384403,0.0037976065391384403,0.005110226838866484,0.00392756135828196,0.004147320985794067,0,25411.380859375,-0.0004806066091244732,0.0004806066091244732,0
2025-09-22,25327.05078125,25202.349609375,-0.004923635718664811,0.004923635718664811,0.00520743396146278,0.003915183203452675,0.004270938038825989,0,25275.330078125,-0.0020421131371241067,0.0020421131371241067,0
2025-09-23,25202.349609375,25169.5,-0.0013034343973539794,0.0013034343973539794,0.004934923090419701,0.00401122686804491,0.00409124493598938,0,25210.65234375,0.0003294428695613155,0.0003294428695613155,0
2025-09-24,25169.5,25056.900390625,-0.004473653007608415,0.004473653007608415,0.004891962850228409,0.0037533418684166557,0.0039600968360900875,0,25149.5,-0.0007946125270664892,0.0007946125270664892,0
2025-09-25,25056.900390625,24890.849609375,-0.006626948212322688,0.006626948212322688,0.004373302001821767,0.003821940415578588,0.0036717206239700317,1,25036.798828125,-0.0008022365969703487,0.0008022365969703487,0
2025-09-26,24890.849609375,24654.69921875,-0.00948743792723151,0.00948743792723151,0.004176512114100798,0.0040890854822299115,0.003575846552848816,1,24857.556640625,-0.0013375585515353558,0.0013375585515353558,0
2025-09-29,24654.69921875,24634.900390625,-0.0008030448049409952,0.0008030448049409952,0.004704582068348068,0.004603215448001658,0.003899100422859192,0,24709.1875,0.0022100566211151113,0.0022100566211151113,0
2025-09-30,24634.900390625,24611.099609375,-0.0009661407544825133,0.0009661407544825133,0.004351818656832488,0.004241295250959484,0.00353354811668396,0,24726.099609375,0.0037020331847863516,0.0037020331847863516,0
2025-10-01,24611.099609375,24836.30078125,0.009150390492475804,0.009150390492475804,0.004336292425814049,0.00392937491155042,0.003489568829536438,1,24675.875,0.002631958411168487,0.002631958411168487,0
2025-10-03,24836.30078125,24894.25,0.0023332467769817144,0.0023332467769817144,0.004642103675030748,0.004426614049176896,0.0036715537309646605,0,24717.970703125,-0.004764400269074391,0.004764400269074391,1
2025-10-06,24894.25,25077.650390625,0.007367178791287145,0.007367178791287145,0.004664295845513625,0.004227249227767424,0.0037492722272872924,1,24855.11328125,-0.0015721188125772017,0.0015721188125772017,0
2025-10-07,25077.650390625,25108.30078125,0.0012222193924698109,0.0012222193924698109,0.0049221258699980956,0.00452628588171703,0.0041040867567062374,0,25018.4609375,-0.002360247160440809,0.002360247160440809,0
2025-10-08,25108.30078125,25046.150390625,-0.002475292580189725,0.002475292580189725,0.004921650649765706,0.004211616068769138,0.004100224375724793,0,25135.62109375,0.0010880988219004392,0.0010880988219004392,0
2025-10-09,25046.150390625,25181.80078125,0.00541601757193693,0.00541601757193693,0.00491058137334519,0.004046254661541334,0.004031342267990112,1,25080.3515625,0.0013655260924969055,0.0013655260924969055,0
2025-10-10,25181.80078125,25285.349609375,0.00411205016767907,0.00411205016767907,0.004967646376864398,0.004176709993981269,0.004092037677764893,0,25227.40625,0.001811048746917145,0.001811048746917145,0
2025-10-13,25285.349609375,25227.349609375,-0.0022938183927065595,0.0022938183927065595,0.005033012715901278,0.0041705476358654,0.004232770204544068,0,25317.5625,0.0012739744999632709,0.0012739744999632709,0
2025-10-14,25227.349609375,25145.5,-0.0032444791324643557,0.0032444791324643557,0.0049898366461766895,0.0039918121609768984,0.004130506515502929,0,25172.734375,-0.0021649216116901896,0.0021649216116901896,0
2025-10-15,25145.5,25323.55078125,0.007080820872521923,0.007080820872521923,0.005031484001449765,0.003920635729365654,0.004203534126281739,1,25149.478515625,0.0001582197858463741,0.0001582197858463741,0
2025-10-16,25323.55078125,25585.30078125,0.010336228211479895,0.010336228211479895,0.005052892186609675,0.0042216031247343825,0.0042187094688415526,1,25252.529296875,-0.0028045626377003,0.0028045626377003,0
2025-10-17,25585.30078125,25709.849609375,0.004867983737610569,0.004867983737610569,0.005497501850048887,0.004803953290862498,0.004554951190948486,0,25591.3203125,0.00023527303045862058,0.00023527303045862058,0
2025-10-20,25709.849609375,25843.150390625,0.005184813729964113,0.005184813729964113,0.005539593576024748,0.00481005588678947,0.004614084959030151,0,25656.685546875,-0.0020678480546464932,0.0020678480546464932,0
2025-10-21,25843.150390625,25868.599609375,0.0009847568259027774,0.0009847568259027774,0.00553058234510267,0.004845742909993532,0.004683443903923034,0,25765.23046875,-0.003015109253214989,0.003015109253214989,0
2025-10-23,25868.599609375,25891.400390625,0.0008814076368377051,0.0008814076368377051,0.005351070714830893,0.00447803291294453,0.004486501216888428,0,25904.24609375,0.001377982763399431,0.001377982763399431,0
2025-10-24,25891.400390625,25795.150390625,-0.003717450525961164,0.003717450525961164,0.005316906956170121,0.004135499634277286,0.0044654011726379395,0,25964.76953125,0.002833726237981557,0.002833726237981557,0
2025-10-27,25795.150390625,25966.05078125,0.00662529150002987,0.00662529150002987,0.005275253023022347,0.004095682762951027,0.00442759096622467,1,25716.880859375,-0.003034273111989543,0.003034273111989543,0
2025-10-28,25966.05078125,25936.19921875,-0.0011496381468049702,0.0011496381468049702,0.005031873879637385,0.004336598184133193,0.004427507519721985,0,25929.9375,-0.001390788362629148,0.001390788362629148,0
2025-10-29,25936.19921875,26053.900390625,0.004538104094678242,0.004538104094678242,0.0043128411437059165,0.00403307972739934,0.004010617733001709,1,25843.580078125,-0.0035710375234179665,0.0035710375234179665,0
2025-10-30,26053.900390625,25877.849609375,-0.00675717564781005,0.00675717564781005,0.004259608862794257,0.004081173013801225,0.004197368025779724,1,25984.767578125,-0.0026534534738943015,0.0026534534738943015,0
2025-10-31,25877.849609375,25722.099609375,-0.00601866083739721,0.00601866083739721,0.004703680077095483,0.004336032704320319,0.004486921429634094,1,25894.2734375,0.0006346674230245929,0.0006346674230245929,0
2025-11-03,25722.099609375,25763.349609375,0.0016036793506920993,0.0016036793506920993,0.0048007890829535734,0.004496280885893608,0.004330334067344665,0,25744.83203125,0.0008837700739917303,0.0008837700739917303,0
2025-11-04,25763.349609375,25597.650390625,-0.006431586779760341,0.006431586779760341,0.0047990126609128705,0.004220799141744374,0.004293856024742126,1,25630.578125,-0.005153502412849528,0.005153502412849528,1
2025-11-06,25597.650390625,25509.69921875,-0.0034359080045569977,0.0034359080045569977,0.0049356076550654045,0.004431349660610981,0.0042470782995223996,0,25611.908203125,0.0005569969228590545,0.0005569969228590545,0
2025-11-07,25509.69921875,25492.30078125,-0.000682032247844455,0.000682032247844455,0.0050353682229486475,0.004336545859417306,0.004357761144638062,0,25535.1171875,0.000996404094459782,0.000996404094459782,0
2025-11-10,25492.30078125,25574.349609375,0.003218572887126306,0.003218572887126306,0.004989633863923234,0.0039884992013932575,0.004268097877502442,0,25426.7890625,-0.002569862928895964,0.002569862928895964,0
2025-11-11,25574.349609375,25694.94921875,0.004715647170584968,0.004715647170584968,0.0049083718117041205,0.003915168954458808,0.004158222675323486,0,25553.771484375,-0.0008046392308822003,0.0008046392308822003,0
2025-11-12,25694.94921875,25875.80078125,0.007038409025849712,0.007038409025849712,0.004931707576622837,0.003991408204134141,0.004188406467437744,1,25668.2265625,-0.0010399964608803379,0.0010399964608803379,0
2025-11-13,25875.80078125,25879.150390625,0.0001294494962036954,0.0001294494962036954,0.005061816453180349,0.004281593601231579,0.004425632953643799,0,25943.55078125,0.0026182764573258223,0.0026182764573258223,0
2025-11-14,25879.150390625,25910.05078125,0.0011940264714483827,0.0011940264714483827,0.004958185525741575,0.0038861524285859184,0.004269883036613464,0,25883.63671875,0.00017335685512400828,0.00017335685512400828,0
2025-11-17,25910.05078125,26013.44921875,0.003990669040865989,0.003990669040865989,0.004777815814155646,0.003629756982448271,0.0039755433797836305,0,25921.953125,0.0004593716874770936,0.0004593716874770936,0
2025-11-18,26013.44921875,25910.05078125,-0.003974806902018682,0.003974806902018682,0.004325390648073086,0.003664127762881955,0.0036582618951797484,0,25929.353515625,-0.003232777876468047,0.003232777876468047,0
2025-11-19,25910.05078125,26052.650390625,0.005503640675154263,0.005503640675154263,0.004343786372957269,0.003693715151320978,0.0036136001348495484,1,25907.931640625,-8.178836247335848e-05,8.178836247335848e-05,0
2025-11-20,26052.650390625,26192.150390625,0.005354541588221628,0.005354541588221628,0.0043628292281166405,0.003866090325479025,0.0036295443773269654,1,25915.08984375,-0.0052800979866716715,0.0052800979866716715,1
2025-11-21,26192.150390625,26068.150390625,-0.004734242822780352,0.004734242822780352,0.004500233136610022,0.004007845881028874,0.003848031163215637,1,26075.0078125,-0.004472430723631193,0.004472430723631193,0
2025-11-24,26068.150390625,25959.5,-0.004167936312968119,0.004167936312968119,0.004656288169345646,0.004077024189557073,0.004040670394897461,0,26025.234375,-0.0016463007532914215,0.0016463007532914215,0
2025-11-25,25959.5,25884.80078125,-0.0028775291800689534,0.0028775291800689534,0.004678041198441975,0.004085680399176777,0.004063194990158081,0,25979.689453125,0.0007777288901943412,0.0007777288901943412,0
2025-11-26,25884.80078125,26205.30078125,0.012381783530362669,0.012381783530362669,0.004483311900562678,0.003970618783619135,0.0038758069276809692,1,25862.2734375,-0.0008702923364323508,0.0008702923364323508,0
2025-11-27,26205.30078125,26215.55078125,0.0003911422381892261,0.0003911422381892261,0.005275144344413041,0.004771682905986975,0.004437413811683655,0,26153.84765625,-0.00196346248530049,0.00196346248530049,0
2025-11-28,26215.55078125,26202.94921875,-0.00048069035837358583,0.00048069035837358583,0.005190101765626408,0.004354486979608797,0.004230067133903503,0,26222.0,0.00024600737187687236,0.00024600737187687236,0
2025-12-01,26202.94921875,26175.75,-0.0010380212747402153,0.0010380212747402153,0.004922368354690169,0.003985555977752105,0.003916242718696594,0,26144.38671875,-0.0022349583442345692,0.0022349583442345692,0
2025-12-02,26175.75,26032.19921875,-0.005484113396941826,0.005484113396941826,0.0046884134910512324,0.003704837778800802,0.0036672115325927734,1,26135.96875,-0.001519774982569745,0.001519774982569745,0
2025-12-03,26032.19921875,25986.0,-0.0017746951904364832,0.0017746951904364832,0.004894569417888897,0.0038742917195335007,0.0038612306118011473,0,26101.064453125,0.0026453867303458172,0.0026453867303458172,0
2025-12-04,25986.0,26033.75,0.0018375278996382667,0.0018375278996382667,0.00465062451170089,0.00367432762182007,0.003628385066986084,0,26031.19921875,0.001739368073193258,0.001739368073193258,0
2025-12-05,26033.75,26186.44921875,0.005865433091659864,0.005865433091659864,0.004548377219112732,0.0034993908948977533,0.0035484641790390014,1,26090.30859375,0.002172510443174725,0.002172510443174725,0
2025-12-08,26186.44921875,25960.55078125,-0.008626539459891813,0.008626539459891813,0.004653309116494758,0.003724730302409119,0.003807634115219116,1,26121.771484375,-0.002469893257948447,0.002469893257948447,0
2025-12-09,25960.55078125,25839.650390625,-0.004657081109092657,0.004657081109092657,0.005132670678831009,0.004191567476817537,0.004078033566474915,0,25960.90234375,1.3542181865182765e-05,1.3542181865182765e-05,0
2025-12-10,25839.650390625,25758.0,-0.003159887590995579,0.003159887590995579,0.00518036694350451,0.004235902927619257,0.004075103998184204,0,25751.30859375,-0.003418846444882694,0.003418846444882694,0
2025-12-11,25758.0,25898.55078125,0.005456587516499728,0.005456587516499728,0.004979544255232986,0.004133424614333857,0.003881180286407471,1,25831.123046875,0.002838848003532883,0.002838848003532883,0
2025-12-12,25898.55078125,26046.94921875,0.005729990019651497,0.005729990019651497,0.0051389381156061965,0.004259438156836148,0.004147535562515259,1,25813.060546875,-0.0033009659535425864,0.0033009659535425864,0
2025-12-15,26046.94921875,26027.30078125,-0.000754346980714962,0.000754346980714962,0.005289962485769481,0.0043994948010267435,0.0043743371963500975,0,26006.4765625,-0.0015538348046098848,0.0015538348046098848,0
2025-12-16,26027.30078125,25860.099609375,-0.006424068837574248,0.006424068837574248,0.005220582390647248,0.004052338761336324,0.004212522506713867,1,25984.564453125,-0.0016419807987076071,0.0016419807987076071,0
2025-12-17,25860.099609375,25818.55078125,-0.001606677033445664,0.001606677033445664,0.005346905396261184,0.004278217870218775,0.004334986209869385,0,25815.37109375,-0.0017296343131170569,0.0017296343131170569,0
2025-12-18,25818.55078125,25815.55078125,-0.00011619552256893776,0.00011619552256893776,0.005189984085826032,0.004023787863966075,0.004140138626098633,0,25850.05859375,0.0012203555794805365,0.0012203555794805365,0
2025-12-19,25815.55078125,25966.400390625,0.005843362036054758,0.005843362036054758,0.005009631614222093,0.0036516337295566617,0.0038782209157943726,1,25798.638671875,-0.0006551132500834874,0.0006551132500834874,0
2025-12-22,25966.400390625,26172.400390625,0.007933329106115723,0.007933329106115723,0.005119786034169615,0.0038603734653322366,0.003933680057525635,1,26070.0390625,0.003991260641286964,0.003991260641286964,0
2025-12-23,26172.400390625,26177.150390625,0.0001814888939916057,0.0001814888939916057,0.0053346347200884875,0.004248278680024833,0.004121953248977661,0,26131.732421875,-0.0015538494040679334,0.0015538494040679334,0
2025-12-24,26177.150390625,26142.099609375,-0.0013389838361685454,0.0013389838361685454,0.005278613684993638,0.0038609603808506857,0.003987148404121399,0,26169.43359375,-0.0002947913260170469,0.0002947913260170469,0
2025-12-26,26142.099609375,26042.30078125,-0.0038175521330050493,0.0038175521330050493,0.004497129075070718,0.0036207697484110374,0.0034350067377090453,0,26150.318359375,0.0003143875252105847,0.0003143875252105847,0
2025-12-29,26042.30078125,25942.099609375,-0.0038476313101775974,0.0038476313101775974,0.0045702644668766225,0.003639511514140864,0.0036063283681869508,0,26106.578125,0.0024681898995759454,0.0024681898995759454,0
2025-12-30,25942.099609375,25938.849609375,-0.0001252789885528583,0.0001252789885528583,0.004637945933645928,0.0036593350493832376,0.003774675726890564,0,25943.107421875,3.8848532507977686e-05,3.8848532507977686e-05,0
2025-12-31,25938.849609375,26129.599609375,0.007353834224439075,0.007353834224439075,0.004636759100400241,0.003322759231662726,0.0037290394306182862,1,25972.009765625,0.0012783973364036555,0.0012783973364036555,0
2026-01-01,26129.599609375,26146.55078125,0.0006487344669804322,0.0006487344669804322,0.004788473661004925,0.003706666224248047,0.003822523355484009,0,26203.619140625,0.0028327847481996104,0.0028327847481996104,0
2026-01-02,26146.55078125,26328.55078125,0.006960765170238605,0.006960765170238605,0.004766550143886387,0.0034154348651516,0.0037662267684936525,1,26272.09375,0.004801511671666778,0.004801511671666778,1
2026-01-05,26328.55078125,26250.30078125,-0.002972058760474052,0.002972058760474052,0.004985118231565066,0.0037530838900095113,0.004022389650344849,0,26378.193359375,0.0018855036320629237,0.0018855036320629237,0
2026-01-06,26250.30078125,26178.69921875,-0.002727647317136396,0.002727647317136396,0.004882103305761917,0.0036787012721453006,0.003877720236778259,0,26313.24609375,0.0023978891908530216,0.0023978891908530216,0
2026-01-07,26178.69921875,26140.75,-0.0014496220164682432,0.0014496220164682432,0.004487273364450601,0.0035881228418658843,0.003582775592803955,0,26301.416015625,0.004687658307602481,0.004687658307602481,1
2026-01-08,26140.75,25876.849609375,-0.01009536415844993,0.01009536415844993,0.00435122268566493,0.003384458244124588,0.003422403335571289,1,26213.71484375,0.002791229928368543,0.002791229928368543,0
2026-01-09,25876.849609375,25683.30078125,-0.007479613285493556,0.007479613285493556,0.004906589244712114,0.004023591544198195,0.0037691771984100344,1,25919.240234375,0.0016381679238357584,0.0016381679238357584,0
2026-01-12,25683.30078125,25790.25,0.004164153963733427,0.004164153963733427,0.005033950501425372,0.0043527359741726,0.0038703292608261108,0,25649.798828125,-0.0013044255257664537,0.0013044255257664537,0
2026-01-13,25790.25,25732.30078125,-0.0022469428853927357,0.0022469428853927357,0.0049448930341481085,0.0043347706140893375,0.0037920325994491577,0,25649.26171875,-0.0054667279785965625,0.0054667279785965625,1
2026-01-14,25732.30078125,25665.599609375,-0.0025921184600641006,0.0025921184600641006,0.0049604347197242105,0.004135927345518724,0.0038666605949401857,0,25754.6796875,0.0008696815119737186,0.0008696815119737186,0
2026-01-16,25665.599609375,25694.349609375,0.0011201764399651254,0.0011201764399651254,0.0047931196405619336,0.003988900588482365,0.003675064444541931,0,25696.41796875,0.0012007652205305512,0.0012007652205305512,0
2026-01-19,25694.349609375,25585.5,-0.0042363247573810724,0.0042363247573810724,0.004794768830558542,0.0037156919318563006,0.0036507397890090942,0,25888.57421875,0.0075590397238206024,0.0075590397238206024,1
2026-01-20,25585.5,25232.5,-0.013796877137441129,0.013796877137441129,0.004877413301477605,0.0037652775119429494,0.003856748342514038,1,25582.111328125,-0.00013244501280021886,0.00013244501280021886,0
2026-01-21,25232.5,25157.5,-0.002972357079163777,0.002972357079163777,0.005485781972007817,0.004720666886052573,0.004254421591758728,0,25348.583984375,0.004600574036460914,0.004600574036460914,0
2026-01-22,25157.5,25289.900390625,0.0052628596094604,0.0052628596094604,0.005030430089628945,0.004554161889824631,0.004006370902061462,1,25165.400390625,0.0003140371906985988,0.0003140371906985988,0
2026-01-23,25289.900390625,25048.650390625,-0.009539381186706124,0.009539381186706124,0.005267214219598904,0.004621656158897322,0.004260441660881043,1,25418.9453125,0.005102626735644919,0.005102626735644919,0
2026-01-27,25048.650390625,25175.400390625,0.005060152863462813,0.005060152863462813,0.005548523715547855,0.005090009455043541,0.004670462012290955,0,25155.98046875,0.004284864711320759,0.004284864711320759,0
2026-01-28,25175.400390625,25342.75,0.006647346488174181,0.006647346488174181,0.005756729060502753,0.005087170071025258,0.004732593894004822,1,25141.001953125,-0.0013663511589197819,0.0013663511589197819,0
2026-01-29,25342.75,25418.900390625,0.003004819548983437,0.003004819548983437,0.006020594437119512,0.005235758483682916,0.004872578382492066,0,25435.978515625,0.0036787055716131834,0.0036787055716131834,0
2026-01-30,25418.900390625,25320.650390625,-0.003865234077404724,0.003865234077404724,0.006088949659437675,0.005023285233086161,0.005016553401947022,0,25482.203125,0.002490380520093124,0.002490380520093124,0
2026-02-02,25320.650390625,25088.400390625,-0.00917235522852094,0.00917235522852094,0.005788781643914072,0.004912995401782196,0.004842126369476318,1,25413.427734375,0.003664097972157576,0.003664097972157576,0
2026-02-03,25088.400390625,25727.55078125,0.025475932330218904,0.025475932330218904,0.006004518853844421,0.005318651074998229,0.005268308520317078,1,25214.775390625,0.005037188423030097,0.005037188423030097,0
2026-02-04,25727.55078125,25776.0,0.0018831648283174059,0.0018831648283174059,0.008411265320842057,0.0072383965775049105,0.006194069981575012,0,25781.21875,0.0020860115759294396,0.0020860115759294396,0
2026-02-05,25776.0,25642.80078125,-0.005167567456160769,0.005167567456160769,0.008425067469484791,0.006728373012698128,0.006139624118804932,0,25799.779296875,0.0009225363467954687,0.0009225363467954687,0
2026-02-06,25642.80078125,25693.69921875,0.0019849016468285676,0.0019849016468285676,0.008470804479351404,0.006579722619878501,0.006261619925498963,0,25671.080078125,0.001102816229640477,0.001102816229640477,0
2026-02-09,25693.69921875,25867.30078125,0.0067565810988132885,0.0067565810988132885,0.008495981475354127,0.0061421255970624585,0.006288385391235352,0,25655.82421875,-0.0014740968078415383,0.0014740968078415383,0
2026-02-10,25867.30078125,25935.150390625,0.002622987606970613,0.002622987606970613,0.008363124934700901,0.006200641646214527,0.006121444702148438,0,25842.1328125,-0.0009729646306290715,0.0009729646306290715,0
2026-02-11,25935.150390625,25953.849609375,0.0007209990483324657,0.0007209990483324657,0.008189959436240943,0.0058599102511451276,0.005878612399101257,0,25945.466796875,0.0003977769974192692,0.0003977769974192692,0
2026-02-12,25953.849609375,25807.19921875,-0.0056504292362096155,0.0056504292362096155,0.008145387317825251,0.005370488111341127,0.005706456303596496,0,26001.45703125,0.0018343106164028684,0.0018343106164028684,0
2026-02-13,25807.19921875,25471.099609375,-0.013023482576552116,0.013023482576552116,0.008237476184217987,0.005397146492681732,0.005876630544662476,1,25769.955078125,-0.0014431686410178361,0.0014431686410178361,0
2026-02-16,25471.099609375,25682.75,0.008309432803093396,0.008309432803093396,0.008737144396486974,0.006123465462343786,0.006398198008537292,0,25627.544921875,0.006142071402461874,0.006142071402461874,0
2026-02-17,25682.75,25725.400390625,0.0016606629206373927,0.0016606629206373927,0.008945959509827928,0.006331657659086016,0.006757661700248718,0,25739.197265625,0.0021978668804937167,0.0021978668804937167,0
2026-02-18,25725.400390625,25819.349609375,0.0036520021971839754,0.0036520021971839754,0.008895493366728756,0.005886804988004674,0.006628879904747009,0,25793.302734375,0.0026395058082262293,0.0026395058082262293,0
2026-02-19,25819.349609375,25454.349609375,-0.014136684522350191,0.014136684522350191,0.008272988064648358,0.005673964187755485,0.006121635437011719,1,25865.9140625,0.0018034711884490095,0.0018034711884490095,0
2026-02-20,25454.349609375,25571.25,0.004592550680687785,0.004592550680687785,0.008919486642712507,0.00647993636225101,0.006679850816726685,0,25577.54296875,0.004839776355143134,0.004839776355143134,0
2026-02-23,25571.25,25713.0,0.005543334799824021,0.005543334799824021,0.008902382696749525,0.006300184125840804,0.006646335124969482,0,25652.42578125,0.0031744940607127143,0.0031744940607127143,0
2026-02-24,25713.0,25424.650390625,-0.011214156627970288,0.011214156627970288,0.008633863154508484,0.0062281047970370014,0.006446534395217895,1,25771.431640625,0.0022724552026212423,0.0022724552026212423,0
2026-02-25,25424.650390625,25482.5,0.002275335490801135,0.002275335490801135,0.009023400987823766,0.006702965014207911,0.006754231452941894,0,25438.65625,0.0005508771668366569,0.0005508771668366569,0
2026-02-26,25482.5,25496.55078125,0.0005513894339252429,0.0005513894339252429,0.008919797584295487,0.006281287175679134,0.006535631418228149,0,25532.052734375,0.0019445790002943196,0.0019445790002943196,0
2026-02-27,25496.55078125,25178.650390625,-0.012468368500212268,0.012468368500212268,0.00889766779550089,0.00573557820315468,0.006412959098815918,1,25515.912109375,0.0007593704847025111,0.0007593704847025111,0
2026-03-02,25178.650390625,24865.69921875,-0.012429227421638295,0.012429227421638295,0.00930277320535423,0.006376799099743767,0.006843116879463196,1,25222.3203125,0.0017344028054521949,0.0017344028054521949,0
2026-03-04,24865.69921875,24480.5,-0.015491187895474108,0.015491187895474108,0.009493900329578867,0.006953221791741758,0.007005959749221802,1,24668.890625,-0.007914862639438521,0.007914862639438521,0
2026-03-05,24480.5,24765.900390625,0.01165827457057658,0.01165827457057658,0.007902573843855428,0.007766361389907234,0.006506720185279846,1,24314.423828125,-0.0067840187853597765,0.0067840187853597765,0
2026-03-06,24765.900390625,24450.44921875,-0.01273731893044407,0.01273731893044407,0.00846690298290163,0.008137023247077761,0.006995478272438049,1,24766.9609375,4.2822867663695535e-05,4.2822867663695535e-05,0
2026-03-09,24450.44921875,24028.05078125,-0.017275692308183883,0.017275692308183883,0.008781074668988701,0.008575148059219561,0.0073739677667617794,1,24441.37890625,-0.0003709671106183344,0.0003709671106183344,0
2026-03-10,24028.05078125,24261.599609375,0.00971984079154881,0.00971984079154881,0.009321215497325973,0.009403771199523382,0.008138504624366761,1,23992.142578125,-0.0014944284682892601,0.0014944284682892601,0
2026-03-11,24261.599609375,23866.849609375,-0.016270567743087452,0.016270567743087452,0.009511168029497422,0.009433873812217584,0.008286669850349426,1,24321.78125,0.002480530616033455,0.002480530616033455,0
2026-03-12,23866.849609375,23639.150390625,-0.009540396930332975,0.009540396930332975,0.009839587166953734,0.010084988487964696,0.008969050645828248,0,23832.435546875,-0.0014419189404236248,0.0014419189404236248,0
2026-03-13,23639.150390625,23151.099609375,-0.020645868112229408,0.020645868112229408,0.009842468577330822,0.01003312092219604,0.009410020709037781,1,23575.193359375,-0.0027055554109662325,0.0027055554109662325,0
2026-03-16,23151.099609375,23408.80078125,0.011131271353117254,0.011131271353117254,0.010476341207446125,0.011043857677920208,0.010159793496131896,1,23255.181640625,0.004495770525208753,0.004495770525208753,0
2026-03-17,23408.80078125,23581.150390625,0.007362598835607535,0.007362598835607535,0.010929320061312673,0.011052184243936737,0.01006518304347992,0,23430.3203125,0.0009192923401371646,0.0009192923401371646,0
2026-03-18,23581.150390625,23777.80078125,0.008339304375208979,0.008339304375208979,0.010874393589265872,0.01070079566272708,0.010017839074134827,0,23591.462890625,0.00043731963153501924,0.00043731963153501924,0
2026-03-19,23777.80078125,23002.150390625,-0.032620779262169594,0.032620779262169594,0.01116265733053785,0.010475889966326873,0.010351768136024475,1,23734.234375,-0.0018322302659863445,0.0018322302659863445,0
2026-03-20,23002.150390625,23114.5,0.004884308965338754,0.004884308965338754,0.012715086374208045,0.012584927838157118,0.011800208687782287,0,23010.556640625,0.0003654549621337203,0.0003654549621337203,0
2026-03-23,23114.5,22512.650390625,-0.026037751600726817,0.026037751600726817,0.012760759417333489,0.011851540636500645,0.01133759319782257,1,23284.68359375,0.007362633574163404,0.007362633574163404,0
2026-03-24,22512.650390625,22912.400390625,0.01775668315652736,0.01775668315652736,0.01340462285373612,0.013202608445245958,0.012409853935241699,1,22595.5390625,0.0036818708786735097,0.0036818708786735097,0
2026-03-25,22912.400390625,23306.44921875,0.01719805962740734,0.01719805962740734,0.014223958643395783,0.013636331499579397,0.01302052140235901,1,22855.349609375,-0.002489952177744908,0.002489952177744908,0
2026-03-27,23306.44921875,22819.599609375,-0.020889051129389984,0.020889051129389984,0.01503497698072389,0.013975546193420606,0.013319718837738036,1,23351.322265625,0.0019253489218297444,0.0019253489218297444,0
2026-03-30,22819.599609375,22331.400390625,-0.02139385559374287,0.02139385559374287,0.015395218234813048,0.014633974537664681,0.01425040364265442,1,22928.783203125,0.004784641081307316,0.004784641081307316,0
2026-04-01,22331.400390625,22679.400390625,0.015583438293735253,0.015583438293735253,0.015727910330397873,0.015277770824038158,0.01529252827167511,0,22547.28515625,0.009667318746191624,0.009667318746191624,0
2026-04-02,22679.400390625,22713.099609375,0.001485895489720719,0.001485895489720719,0.016402796819988574,0.015306877979648505,0.015448278188705445,0,22872.30078125,0.008505533096225038,0.008505533096225038,0
2026-04-06,22713.099609375,22968.25,0.01123362266767345,0.01123362266767345,0.016369962761694078,0.013990598533420122,0.014901113510131837,0,22650.830078125,-0.0027415690645893965,0.0027415690645893965,0
2026-04-07,22968.25,23123.650390625,0.006765878576948614,0.006765878576948614,0.016506203587585738,0.013728024215144713,0.01468823254108429,0,23056.5390625,0.0038439612290879803,0.0038439612290879803,0
2026-04-08,23123.650390625,23997.349609375,0.037783792956159856,0.037783792956159856,0.016311816206586765,0.013064959283963706,0.014443609118461608,1,23142.919921875,0.0008333256611513392,0.0008333256611513392,0
2026-04-09,23997.349609375,23775.099609375,-0.009261439434677153,0.009261439434677153,0.018533571705195703,0.015419129061775618,0.015695929527282715,0,23748.818359375,-0.01035661246119058,0.01035661246119058,0
2026-04-10,23775.099609375,24050.599609375,0.011587753764504306,0.011587753764504306,0.01824230318879215,0.014832681466353652,0.01529521644115448,0,23714.626953125,-0.0025435290385136563,0.0025435290385136563,0
2026-04-13,24050.599609375,23842.650390625,-0.008646321593950644,0.008646321593950644,0.018301368533568906,0.01452363932582318,0.015388610959053039,0,23800.978515625,-0.010378996690489866,0.010378996690489866,0
2026-04-15,23842.650390625,24231.30078125,0.016300637062472655,0.016300637062472655,0.01802806505576992,0.013963893616293634,0.015007397532463074,0,23690.072265625,-0.0063993776908289595,0.0063993776908289595,0
2026-04-16,24231.30078125,24196.75,-0.0014258739785333826,0.0014258739785333826,0.018225414764695025,0.014186444534091748,0.015345412492752075,0,24010.599609375,-0.009108102526867931,0.009108102526867931,0
2026-04-17,24196.75,24353.55078125,0.006480241406387221,0.006480241406387221,0.017494061532608476,0.01297115098916081,0.01438441276550293,0,23974.537109375,-0.009183584184859537,0.009183584184859537,0
2026-04-20,24353.55078125,24364.849609375,0.00046394992773288163,0.00046394992773288163,0.017401953835723603,0.012352966797810302,0.014151859283447265,0,24199.498046875,-0.006325678573886091,0.006325678573886091,0
2026-04-21,24364.849609375,24576.599609375,0.008690798564113597,0.008690798564113597,0.017360981759787834,0.011220680679440905,0.01380692720413208,0,24250.4921875,-0.004693541052311608,0.004693541052311608,0
2026-04-22,24576.599609375,24378.099609375,-0.008076788618238306,0.008076788618238306,0.017368149443611324,0.010979742904771309,0.013824504613876343,0,24659.69921875,0.0033812492653906762,0.0033812492653906762,0
2026-04-23,24378.099609375,24173.05078125,-0.008411190019346098,0.008411190019346098,0.015583707294954998,0.010703270913358239,0.012597304582595826,0,24248.955078125,-0.005297563522971878,0.005297563522971878,0
2026-04-24,24173.05078125,23897.94921875,-0.011380506539678661,0.011380506539678661,0.015782494801561325,0.0104849754980026,0.012773644924163819,0,24046.76171875,-0.005224374186064963,0.005224374186064963,0
2026-04-27,23897.94921875,24092.69921875,0.008149234824183234,0.008149234824183234,0.01469747485664134,0.010570262940183272,0.01204078197479248,0,23927.91796875,0.0012540301983940503,0.0012540301983940503,0
2026-04-28,24092.69921875,23995.69921875,-0.00402611592496495,0.00402611592496495,0.014345753983193286,0.010339691826164003,0.011560410261154175,0,23960.25390625,-0.005497321462301128,0.005497321462301128,0
2026-04-29,23995.69921875,24177.650390625,0.007582657634449142,0.007582657634449142,0.013990591413524064,0.009738398789447747,0.010901811718940734,0,23927.60546875,-0.002837748105576862,0.002837748105576862,0
2026-04-30,24177.650390625,23997.55078125,-0.007449012061355412,0.007449012061355412,0.01300062040519845,0.009533090760904733,0.01023649275302887,0,24001.662109375,-0.007278965424954623,0.007278965424954623,0
2026-05-04,23997.55078125,24119.30078125,0.005073434414612298,0.005073434414612298,0.011956992252135883,0.009334608867119489,0.009539252519607544,0,23765.826171875,-0.00965617747774716,0.00965617747774716,0
2026-05-05,24119.30078125,24032.80078125,-0.0035863394542201598,0.0035863394542201598,0.011632471492879657,0.00892878213253589,0.00901375412940979,0,23973.72265625,-0.006035752293166407,0.006035752293166407,0
2026-05-06,24032.80078125,24330.94921875,0.012405896433536392,0.012405896433536392,0.011725492209052746,0.008419979250531565,0.00911877453327179,1,23965.896484375,-0.0027838743176033668,0.0027838743176033668,0
2026-05-07,24330.94921875,24326.650390625,-0.0001766814802970047,0.0001766814802970047,0.011772220851101932,0.008799588116668627,0.009177389740943908,0,24252.5078125,-0.003223935307445844,0.003223935307445844,0
2026-05-08,24326.650390625,24176.150390625,-0.006186630612244079,0.006186630612244079,0.011756159279009323,0.007978357645282496,0.008847931027412414,0,24292.103515625,-0.0014201246141685691,0.0014201246141685691,0
2026-05-11,24176.150390625,23815.849609375,-0.014903149402549921,0.014903149402549921,0.00848813811486327,0.0078077144885714865,0.007268074154853821,1,24085.91796875,-0.003732290725242602,0.003732290725242602,0
2026-05-12,23815.849609375,23379.55078125,-0.018319683541890227,0.018319683541890227,0.00890958443600985,0.008483468170338512,0.007550159096717834,1,23728.25,-0.003678206354667138,0.003678206354667138,0
2026-05-13,23379.55078125,23412.599609375,0.001413578405942025,0.001413578405942025,0.00938145042582763,0.00942024895274919,0.007886755466461181,0,23436.849609375,0.0024508096268022685,0.0024508096268022685,0
2026-05-14,23412.599609375,23689.599609375,0.011831236369372762,0.011831236369372762,0.009239519604712462,0.008657709410153376,0.007525119185447693,1,23418.3359375,0.00024501030302944354,0.00024501030302944354,0
2026-05-15,23689.599609375,23643.5,-0.0019459851637490906,0.0019459851637490906,0.008848150840522697,0.008959954568170763,0.007301649451255799,0,23779.5234375,0.003795920134058038,0.003795920134058038,0
2026-05-18,23643.5,23649.94921875,0.00027276920718167786,0.00027276920718167786,0.00884994621426528,0.008291956270499924,0.007327654957771301,0,23692.328125,0.0020651817624294205,0.0020651817624294205,0
2026-05-19,23649.94921875,23618.0,-0.0013509212410769249,0.0013509212410769249,0.008676578625501946,0.00752822242135633,0.007017281651496887,0,23620.77734375,-0.001233485735219767,0.001233485735219767,0
2026-05-20,23618.0,23659.0,0.0017359640951816412,0.0017359640951816412,0.00866522302123452,0.006939909740639939,0.007061630487442017,0,23683.283203125,0.0027641291864256077,0.0027641291864256077,0
2026-05-21,23659.0,23654.69921875,-0.00018178203854769855,0.00018178203854769855,0.008368367105590644,0.006444292210525514,0.006713885068893433,0,23608.59375,-0.0021305317215435985,0.0021305317215435985,0
2026-05-22,23654.69921875,23719.30078125,0.0027310244743587054,0.0027310244743587054,0.008245350033192064,0.005847863825386411,0.006319135427474976,0,23638.390625,-0.0006894441395844476,0.0006894441395844476,0
2026-05-25,23719.30078125,24031.69921875,0.01317064277657584,0.01317064277657584,0.008127439883197883,0.00555101637671331,0.006035125255584717,1,23671.447265625,-0.0020174926768004894,0.0020174926768004894,0
2026-05-26,24031.69921875,23913.69921875,-0.004910181295375655,0.004910181295375655,0.008315543863338569,0.0062766910015443255,0.006124630570411682,0,23936.25390625,-0.0039716422726168155,0.0039716422726168155,0
2026-05-27,23913.69921875,23907.150390625,-0.0002738525756761741,0.0002738525756761741,0.008179364598237253,0.006146546242535524,0.00596267580986023,0,23824.234375,-0.0037411545128013214,0.0037411545128013214,0
2026-05-29,23907.150390625,23547.75,-0.015033175629578004,0.015033175629578004,0.008133291940767633,0.005587239337351011,0.005775061249732971,1,23808.8828125,-0.004110384404639662,0.004110384404639662,0
2026-06-01,23547.75,23382.599609375,-0.007013425513053264,0.007013425513053264,0.008561996496218298,0.006486853255891405,0.0061475872993469235,0,23570.431640625,0.0009632190177405485,0.0009632190177405485,0
2026-06-02,23382.599609375,23483.55078125,0.00431736306319528,0.00431736306319528,0.008546028363620796,0.0065370043869628055,0.006125807762145996,0,23405.970703125,0.0009995079307020085,0.0009995079307020085,0
2026-06-03,23483.55078125,23405.599609375,-0.003319394609491451,0.003319394609491451,0.008518155124902223,0.006325613763410219,0.0060880064964294435,0,23458.369140625,-0.0010723097567130184,0.0010723097567130184,0
2026-06-04,23405.599609375,23416.55078125,0.0004678868329702419,0.0004678868329702419,0.00851459241376269,0.006039306039994151,0.006074658036231995,0,23359.21484375,-0.0019817807020171704,0.0019817807020171704,0
2026-06-05,23416.55078125,23366.69921875,-0.002128902884361472,0.002128902884361472,0.007900469167841947,0.005508695603945833,0.0054777592420578005,0,23509.37109375,0.003963876378169353,0.003963876378169353,0
2026-06-08,23366.69921875,23123.0,-0.010429338627102706,0.010429338627102706,0.007890321790771813,0.005186810222374099,0.005575370788574219,1,23339.521484375,-0.0011630968550830633,0.0011630968550830633,0
2026-06-09,23123.0,23242.099609375,0.005150698844224365,0.005150698844224365,0.008064446326313328,0.005686097126869325,0.005787506699562073,0,23224.037109375,0.004369550204341997,0.004369550204341997,0
2026-06-10,23242.099609375,23214.94921875,-0.0011681556778996222,0.0011681556778996222,0.00763635261344183,0.005635104617036113,0.005299884080886841,0,23235.404296875,-0.0002880683162247252,0.0002880683162247252,0
2026-06-11,23214.94921875,23161.599609375,-0.0022980713363745446,0.0022980713363745446,0.006488275259171572,0.0052096786371572555,0.0044423073530197145,0,23203.625,-0.00048779855787294923,0.00048779855787294923,0
2026-06-12,23161.599609375,23622.900390625,0.019916620139797326,0.019916620139797326,0.006488764398780278,0.004932381345934201,0.004486531019210815,1,23143.3671875,-0.000787183190388118,0.000787183190388118,0
2026-06-15,23622.900390625,23853.900390625,0.009778646829145282,0.009778646829145282,0.007475544118543595,0.006359454897094533,0.004890799522399902,1,23523.1640625,-0.004222018739264609,0.004222018739264609,0
2026-06-16,23853.900390625,23989.150390625,0.005669932287180826,0.005669932287180826,0.007777964609326337,0.006685089555710391,0.0052824318408966064,0,23798.068359375,-0.0023405828956988084,0.0023405828956988084,0
2026-06-17,23989.150390625,24085.69921875,0.004024687267071011,0.004024687267071011,0.00786385301160744,0.006588409735062146,0.0055522918701171875,0,23902.5859375,-0.003608483490054301,0.003608483490054301,0
2026-06-18,24085.69921875,24168.0,0.003416997800335034,0.003416997800335034,0.007880419307718295,0.006344251096847987,0.00568598210811615,0,24091.5703125,0.0002437584932319311,0.0002437584932319311,0
2026-06-19,24168.0,24013.099609375,-0.00640931771867759,0.00640931771867759,0.00789751258792776,0.006065466713879949,0.005770036578178405,0,24199.927734375,0.001321074742428004,0.001321074742428004,0
2026-06-22,24013.099609375,24102.900390625,0.003739658049598091,0.003739658049598091,0.008071333355714836,0.006098217222781148,0.006081414222717285,0,23821.759765625,-0.007968144340487333,0.007968144340487333,0
2026-06-23,24102.900390625,23824.099609375,-0.011567105067506382,0.011567105067506382,0.008087282597070216,0.005873597927516044,0.00613185167312622,1,24078.44140625,-0.0010147734910987518,0.0010147734910987518,0
2026-06-24,23824.099609375,24021.650390625,0.008292056551520712,0.008292056551520712,0.00799226914810242,0.0064158377233422695,0.006051677465438843,1,23749.470703125,-0.003132496399596686,0.003132496399596686,0
2026-06-25,24021.650390625,24056.0,0.0014299437722399674,0.0014299437722399674,0.008144215334774382,0.00659452736605851,0.006220772862434387,0,24036.759765625,0.0006289898801414902,0.0006289898801414902,0
2026-06-29,24056.0,23946.25,-0.004562271366810775,0.004562271366810775,0.008147283886317493,0.006102659562449283,0.006278577446937561,0,24036.0546875,-0.000829120073994014,0.000829120073994014,0
2026-06-30,23946.25,23865.75,-0.0033616954637991333,0.0033616954637991333,0.0074103845643624325,0.0059559547203491565,0.005755031108856201,0,23813.3515625,-0.005549864279375685,0.005549864279375685,0
2026-07-01,23865.75,24005.849609375,0.00587032083110734,0.00587032083110734,0.00724927378596171,0.005708883029395144,0.005572444200515747,0,23728.32421875,-0.0057582846233619304,0.0057582846233619304,0
2026-07-02,24005.849609375,24175.69921875,0.007075342557701797,0.007075342557701797,0.007294312048638394,0.005724260098465956,0.005650091171264649,0,23993.5625,-0.0005118381384094615,0.0005118381384094615,0
2026-07-03,24175.69921875,24270.849609375,0.003935786500487399,0.003935786500487399,0.007331152082473678,0.005852931494175671,0.005837887525558472,0,24109.54296875,-0.0027364772121540562,0.0027364772121540562,0
2026-07-06,24270.849609375,24430.349609375,0.00657166941277534,0.00657166941277534,0.007342838102278524,0.005670348866521664,0.006011283397674561,0,24202.28515625,-0.002824971281537499,0.002824971281537499,0
2026-07-07,24430.349609375,24398.69921875,-0.0012955357222089999,0.0012955357222089999,0.0073543701243667945,0.005756187117811593,0.006233420968055725,0,24432.703125,9.63357325061305e-05,9.63357325061305e-05,0
2026-07-08,24398.69921875,23882.05078125,-0.0211752451582732,0.0211752451582732,0.006787033246589225,0.005331360435562214,0.005776730179786682,1,24351.619140625,-0.001929614267666357,0.001929614267666357,0
2026-07-09,23882.05078125,23962.80078125,0.003381200414471839,0.003381200414471839,0.008599682105432618,0.0068403037571462735,0.006577959656715393,0,23781.45703125,-0.004212106863074632,0.004212106863074632,0
2026-07-10,23962.80078125,24206.900390625,0.01018660596494208,0.01018660596494208,0.0085884987623015,0.006510870283972187,0.006688615679740906,1,23948.4375,-0.0005993991011784705,0.0005993991011784705,0
2026-07-13,24206.900390625,24211.0,0.00016935705558518026,0.00016935705558518026,0.008740959496996088,0.006860935304679961,0.007083040475845337,0,24182.53125,-0.0010067022308414932,0.0010067022308414932,0
2026-07-14,24211.0,24052.05078125,-0.0065651653690471275,0.0065651653690471275,0.007692246731402409,0.006223645885229646,0.006095677614212036,0,24176.05859375,-0.0014432037606872908,0.0014432037606872908,0
2026-07-15,24052.05078125,24078.5,0.0010996658451519125,0.0010996658451519125,0.007607149057920101,0.006256170429377813,0.005935004353523255,0,23995.6796875,-0.0023437125699877787,0.0023437125699877787,0
2026-07-16,24078.5,24072.75,-0.00023880225097078306,0.00023880225097078306,0.007509841256867385,0.005765078550018589,0.005706492066383362,0,24050.7578125,-0.0011521559690180036,0.0011521559690180036,0
2026-07-17,24072.75,24334.30078125,0.010865014643113064,0.010865014643113064,0.007456262676791828,0.005238764041156838,0.005517193675041198,1,23939.615234375,-0.005530517519809743,0.005530517519809743,0
2026-07-20,24334.30078125,24238.5,-0.0039368618852535986,0.0039368618852535986,0.007813362383278226,0.005774593472307359,0.005889591574668884,0,24283.5703125,-0.0020847308992370433,0.0020847308992370433,0
2026-07-21,24238.5,24187.69921875,-0.0020958714957608764,0.0020958714957608764,0.007719414337750958,0.005599573788031853,0.005765968561172485,0,24206.861328125,-0.0013053065113352723,0.0013053065113352723,0
2026-07-22,24187.69921875,23996.25,-0.007915147985699731,0.007915147985699731,0.0077006074930548365,0.005265888486718063,0.00568377673625946,1,24179.55859375,-0.00033656053543486644,0.00033656053543486644,0
2026-07-23,23996.25,23869.599609375,-0.005277924285044538,0.005277924285044538,0.007445884536942302,0.005518198078297602,0.005501177906990051,0,23886.658203125,-0.004567038469552534,0.004567038469552534,0
2026-07-24,23869.599609375,23767.44921875,-0.004279518395644957,0.004279518395644957,0.0073045179175675705,0.005495315565146979,0.005350470542907715,0,23793.12890625,-0.0032036860431863064,0.0032036860431863064,0
2026-07-27,23767.44921875,23995.94921875,0.009613989195766861,0.009613989195766861,0.007345134961131162,0.00537952306233141,0.005492949485778808,1,23662.310546875,-0.004423641380584363,0.004423641380584363,0
2026-07-28,23995.94921875,23985.349609375,-0.00044172494608871974,0.00044172494608871974,0.00761925400701879,0.005782805702460933,0.005745536088943482,0,23854.25390625,-0.00590496800973732,0.00590496800973732,0
2026-07-29,23985.349609375,24250.19921875,0.011042140877174454,0.011042140877174454,0.007576654669677758,0.0052741318281723125,0.0055995374917984005,1,23973.3671875,-0.0004995725336568164,0.0004995725336568164,0
2026-07-30,24250.19921875,24317.150390625,0.00276085038605514,0.00276085038605514,0.007860525672510148,0.005823463851442547,0.005858126282691956,0,24305.361328125,0.002274707472602915,0.002274707472602915,0
2026-07-31,24317.150390625,24383.599609375,0.0027326071386891693,0.0027326071386891693,0.007729730099702888,0.005531789879495265,0.005642405152320862,0,24226.14453125,-0.0037424557529604917,0.0037424557529604917,0
2026-08-03,24383.599609375,24774.30078125,0.016023112999476227,0.016023112999476227,0.007704751387764768,0.005265203657102626,0.00558224618434906,1,24393.951171875,0.0004245297111924375,0.0004245297111924375,0
2026-08-04,24774.30078125,24614.900390625,-0.006434102501316179,0.006434102501316179,0.008373118208610598,0.006289770835197578,0.006054821610450745,0,24678.015625,-0.0038864933908799456,0.0038864933908799456,0
2026-08-05,24614.900390625,24624.650390625,0.00039610154196331634,0.00039610154196331634,0.008516242708972194,0.006303514849457267,0.006311750411987305,0,24612.83984375,-8.371136353591722e-05,8.371136353591722e-05,0
2026-08-06,24624.650390625,24636.0,0.0004609043862535802,0.0004609043862535802,0.006828641168048254,0.005740907003716312,0.005272793769836426,0,24736.673828125,0.004549239713983883,0.004549239713983883,0
2026-08-07,24636.0,24570.650390625,-0.0026526063230638093,0.0026526063230638093,0.006818735030017807,0.00523804568082936,0.005126774311065674,0,24699.353515625,0.002571582871610651,0.002571582871610651,0
2026-08-10,24570.650390625,24583.80078125,0.0005352072662275789,0.0005352072662275789,0.006547791292535719,0.004991811378506488,0.004750075936317444,0,24512.015625,-0.002386374177843182,0.002386374177843182,0
2026-08-11,24583.80078125,24471.69921875,-0.004559976852135068,0.004559976852135068,0.006546546843511348,0.004567376933894728,0.004768368601799011,0,24667.8671875,0.0034195854008920064,0.0034195854008920064,0
2026-08-12,24471.69921875,24435.94921875,-0.0014608711753292826,0.0014608711753292826,0.006442592628912211,0.004566673772942514,0.004668110609054565,0,24419.7890625,-0.0021212321950339636,0.0021212321950339636,0
2026-08-13,24435.94921875,24395.849609375,-0.001641008868369684,0.001641008868369684,0.006463506361582117,0.004270881055405136,0.00468616783618927,0,24487.7578125,0.002120179301659648,0.002120179301659648,0
2026-08-14,24395.849609375,24366.0,-0.0012235527703666935,0.0012235527703666935,0.006482452395979711,0.004020419533933795,0.004756280779838562,0,24357.583984375,-0.0015685301234721102,0.0015685301234721102,0
2026-08-17,24366.0,24287.650390625,-0.0032155302214150867,0.0032155302214150867,0.006031353631733363,0.0037540523543162156,0.004274210333824158,0,24351.4375,-0.0005976565706312074,0.0005976565706312074,0
2026-08-18,24287.650390625,24154.900390625,-0.005465740730986531,0.005465740730986531,0.006008166639084885,0.0037027665468901735,0.004238143563270569,0,24276.34765625,-0.00046536960937822294,0.00046536960937822294,0
2026-08-19,24154.900390625,24078.30078125,-0.0031711829954277036,0.0031711829954277036,0.006119747365148388,0.0038706693448914255,0.004406636953353882,0,24200.740234375,0.0018977450955579747,0.0018977450955579747,0
2026-08-20,24078.30078125,24231.849609375,0.006377062464664031,0.006377062464664031,0.005886346283081184,0.003804053742580802,0.004169440269470215,1,24145.43359375,0.0027881042399917587,0.0027881042399917587,0
2026-08-21,24231.849609375,24252.0,0.0008315663455258515,0.0008315663455258515,0.005893755782115165,0.0040491058570511105,0.004224398732185363,0,24231.484375,-1.5072492644502687e-05,1.5072492644502687e-05,0
2026-08-24,24252.0,24219.05078125,-0.0013586186190829622,0.0013586186190829622,0.005772862630413921,0.0037426771091325518,0.004052004218101502,0,24235.900390625,-0.0006638466672851724,0.0006638466672851724,0
2026-08-25,24219.05078125,24334.55078125,0.004768973030496234,0.004768973030496234,0.005424564174594751,0.0035156248390256664,0.003639236092567444,0,24241.412109375,0.0009232949848848651,0.0009232949848848651,0
2026-08-26,24334.55078125,24207.75,-0.005210730306462086,0.005210730306462086,0.005502698419051454,0.0036349908189736036,0.003855597972869873,0,24241.529296875,-0.003822609474536671,0.003822609474536671,0
2026-08-27,24207.75,24090.849609375,-0.004829048161229359,0.004829048161229359,0.005085042899937625,0.0037850638129336605,0.0035640299320220947,0,24236.373046875,0.001182391873470273,0.001182391873470273,0
2026-08-28,24090.849609375,24175.650390625,0.0035200411203845467,0.0035200411203845467,0.00514509637444744,0.0038844909841221306,0.00366743803024292,0,24063.3203125,-0.0011427283521078858,0.0011427283521078858,0
2026-08-31,24175.650390625,24080.400390625,-0.003939914685270957,0.003939914685270957,0.005173702813262637,0.0038497786905729242,0.0037068068981170655,0,24179.46484375,0.0001577807861781123,0.0001577807861781123,0
2026-09-01,24080.400390625,24055.80078125,-0.001021561476385465,0.001021561476385465,0.00348563010468423,0.00385836420807056,0.0031026452779769897,0,24084.4296875,0.000167326822213832,0.000167326822213832,0
2026-09-02,24055.80078125,23914.44921875,-0.005875986577431866,0.005875986577431866,0.0032793369692433725,0.0035881927603310226,0.002832019329071045,1,24040.03515625,-0.0006553772681842429,0.0006553772681842429,0
2026-09-03,23914.44921875,23873.44921875,-0.0017144446700388216,0.0017144446700388216,0.00342123444246639,0.0038060796113368617,0.0031060129404067993,0,23859.84375,-0.0022833671915465596,0.0022833671915465596,0
2026-09-04,23873.44921875,23897.69921875,0.0010157727849796525,0.0010157727849796525,0.003391515268027186,0.0036068785057161447,0.0031686931848526,0,23912.5,0.001635741064987369,0.001635741064987369,0
2026-09-07,23897.69921875,23779.150390625,-0.004960679563327471,0.004960679563327471,0.0034286165894148453,0.0033601074438633885,0.00308685302734375,1,23927.40234375,0.001242928230375211,0.001242928230375211,0
2026-09-08,23779.150390625,23635.099609375,-0.0060578607260414336,0.0060578607260414336,0.0034866188704480044,0.0035125406555027478,0.0033081233501434325,1,23620.859375,-0.006656714517748569,0.006656714517748569,1
2026-09-09,23635.099609375,23431.5,-0.00861429030297977,0.00861429030297977,0.003567413802209839,0.0037549518756550626,0.003383016586303711,1,23512.583984375,-0.005183630575916992,0.005183630575916992,1
2026-09-10,23431.5,23423.400390625,-0.00034567182532061543,0.00034567182532061543,0.0038834403292196122,0.00421774709526111,0.003740689158439636,0,23491.212890625,0.002548402391012099,0.002548402391012099,0
